{"__type":"$$EventMessageAudit","id":"82304750-e59b-44a3-b41d-713ec8fcb222","ts":"2026-08-10T23:40:15.751+02:00","eventName":"n8n.audit.workflow.updated","message":"n8n.audit.workflow.updated","payload":{"userId":"9c968acf-8060-4d0b-9187-dde49eae5716","_email":"demo@email.com","_firstName":"demo","_lastName":"demo","globalRole":"global:owner","workflowId":"icMHjYIDJfI6WAq5","workflowName":"traininig_management_workflow"}}
{"__type":"$$EventMessageConfirm","confirm":"82304750-e59b-44a3-b41d-713ec8fcb222","ts":"2026-08-10T23:40:15.753+02:00","source":{"id":"0","name":"eventBus"}}
{"__type":"$$EventMessageAudit","id":"b37556eb-f1b7-4853-8633-dbe48a76137d","ts":"2026-08-10T23:40:20.131+02:00","eventName":"n8n.audit.workflow.updated","message":"n8n.audit.workflow.updated","payload":{"userId":"9c968acf-8060-4d0b-9187-dde49eae5716","_email":"demo@email.com","_firstName":"demo","_lastName":"demo","globalRole":"global:owner","workflowId":"icMHjYIDJfI6WAq5","workflowName":"traininig_management_workflow"}}
{"__type":"$$EventMessageConfirm","confirm":"b37556eb-f1b7-4853-8633-dbe48a76137d","ts":"2026-08-10T23:40:20.132+02:00","source":{"id":"0","name":"eventBus"}}
{"__type":"$$EventMessageAudit","id":"2c978c25-7a82-41b6-96ea-87a587799ee3","ts":"2026-08-10T23:42:23.942+02:00","eventName":"n8n.audit.workflow.updated","message":"n8n.audit.workflow.updated","payload":{"userId":"9c968acf-8060-4d0b-9187-dde49eae5716","_email":"demo@email.com","_firstName":"demo","_lastName":"demo","globalRole":"global:owner","workflowId":"icMHjYIDJfI6WAq5","workflowName":"traininig_management_workflow"}}
{"__type":"$$EventMessageConfirm","confirm":"2c978c25-7a82-41b6-96ea-87a587799ee3","ts":"2026-08-10T23:42:23.942+02:00","source":{"id":"0","name":"eventBus"}}
{"__type":"$$EventMessageAudit","id":"d8fac1ad-1c7e-4d1b-a32a-c0122a91318d","ts":"2026-08-10T23:44:26.294+02:00","eventName":"n8n.audit.workflow.updated","message":"n8n.audit.workflow.updated","payload":{"userId":"9c968acf-8060-4d0b-9187-dde49eae5716","_email":"demo@email.com","_firstName":"demo","_lastName":"demo","globalRole":"global:owner","workflowId":"icMHjYIDJfI6WAq5","workflowName":"traininig_management_workflow"}}
{"__type":"$$EventMessageConfirm","confirm":"d8fac1ad-1c7e-4d1b-a32a-c0122a91318d","ts":"2026-08-10T23:44:26.294+02:00","source":{"id":"0","name":"eventBus"}}
{"__type":"$$EventMessageAudit","id":"1873cc0b-fd86-47d1-8f0a-4ce3222c518e","ts":"2026-08-10T23:44:52.191+02:00","eventName":"n8n.audit.workflow.updated","message":"n8n.audit.workflow.updated","payload":{"userId":"9c968acf-8060-4d0b-9187-dde49eae5716","_email":"demo@email.com","_firstName":"demo","_lastName":"demo","globalRole":"global:owner","workflowId":"icMHjYIDJfI6WAq5","workflowName":"traininig_management_workflow"}}
{"__type":"$$EventMessageConfirm","confirm":"1873cc0b-fd86-47d1-8f0a-4ce3222c518e","ts":"2026-08-10T23:44:52.191+02:00","source":{"id":"0","name":"eventBus"}}
{"__type":"$$EventMessageAudit","id":"e86decd6-b102-415b-ab46-6aab0c6292c5","ts":"2026-08-10T23:45:03.796+02:00","eventName":"n8n.audit.workflow.updated","message":"n8n.audit.workflow.updated","payload":{"userId":"9c968acf-8060-4d0b-9187-dde49eae5716","_email":"demo@email.com","_firstName":"demo","_lastName":"demo","globalRole":"global:owner","workflowId":"icMHjYIDJfI6WAq5","workflowName":"traininig_management_workflow"}}
{"__type":"$$EventMessageConfirm","confirm":"e86decd6-b102-415b-ab46-6aab0c6292c5","ts":"2026-08-10T23:45:03.796+02:00","source":{"id":"0","name":"eventBus"}}
{"__type":"$$EventMessageAudit","id":"ddee96f6-0c02-4d34-8ff8-9741d85e61e0","ts":"2026-08-10T23:45:10.614+02:00","eventName":"n8n.audit.workflow.updated","message":"n8n.audit.workflow.updated","payload":{"userId":"9c968acf-8060-4d0b-9187-dde49eae5716","_email":"demo@email.com","_firstName":"demo","_lastName":"demo","globalRole":"global:owner","workflowId":"icMHjYIDJfI6WAq5","workflowName":"traininig_management_workflow"}}
{"__type":"$$EventMessageConfirm","confirm":"ddee96f6-0c02-4d34-8ff8-9741d85e61e0","ts":"2026-08-10T23:45:10.614+02:00","source":{"id":"0","name":"eventBus"}}
{"__type":"$$EventMessageAudit","id":"c3fcb778-93b1-4008-9057-7b68a0af493d","ts":"2026-08-10T23:45:20.379+02:00","eventName":"n8n.audit.workflow.updated","message":"n8n.audit.workflow.updated","payload":{"userId":"9c968acf-8060-4d0b-9187-dde49eae5716","_email":"demo@email.com","_firstName":"demo","_lastName":"demo","globalRole":"global:owner","workflowId":"icMHjYIDJfI6WAq5","workflowName":"traininig_management_workflow"}}
{"__type":"$$EventMessageConfirm","confirm":"c3fcb778-93b1-4008-9057-7b68a0af493d","ts":"2026-08-10T23:45:20.380+02:00","source":{"id":"0","name":"eventBus"}}
{"__type":"$$EventMessageAudit","id":"54b1f1bb-e1f6-44c6-b7a0-8ad5d9a12cc0","ts":"2026-08-10T23:45:25.431+02:00","eventName":"n8n.audit.workflow.updated","message":"n8n.audit.workflow.updated","payload":{"userId":"9c968acf-8060-4d0b-9187-dde49eae5716","_email":"demo@email.com","_firstName":"demo","_lastName":"demo","globalRole":"global:owner","workflowId":"icMHjYIDJfI6WAq5","workflowName":"traininig_management_workflow"}}
{"__type":"$$EventMessageConfirm","confirm":"54b1f1bb-e1f6-44c6-b7a0-8ad5d9a12cc0","ts":"2026-08-10T23:45:25.431+02:00","source":{"id":"0","name":"eventBus"}}
{"__type":"$$EventMessageAudit","id":"d64e7311-0e55-4ca6-b349-caa9d31f29c2","ts":"2026-08-10T23:45:28.227+02:00","eventName":"n8n.audit.workflow.updated","message":"n8n.audit.workflow.updated","payload":{"userId":"9c968acf-8060-4d0b-9187-dde49eae5716","_email":"demo@email.com","_firstName":"demo","_lastName":"demo","globalRole":"global:owner","workflowId":"icMHjYIDJfI6WAq5","workflowName":"traininig_management_workflow"}}
{"__type":"$$EventMessageConfirm","confirm":"d64e7311-0e55-4ca6-b349-caa9d31f29c2","ts":"2026-08-10T23:45:28.227+02:00","source":{"id":"0","name":"eventBus"}}
{"__type":"$$EventMessageAudit","id":"279c9f58-587e-412e-bf85-4628e6bca8e6","ts":"2026-08-10T23:45:30.323+02:00","eventName":"n8n.audit.workflow.updated","message":"n8n.audit.workflow.updated","payload":{"userId":"9c968acf-8060-4d0b-9187-dde49eae5716","_email":"demo@email.com","_firstName":"demo","_lastName":"demo","globalRole":"global:owner","workflowId":"icMHjYIDJfI6WAq5","workflowName":"traininig_management_workflow"}}
{"__type":"$$EventMessageConfirm","confirm":"279c9f58-587e-412e-bf85-4628e6bca8e6","ts":"2026-08-10T23:45:30.323+02:00","source":{"id":"0","name":"eventBus"}}
{"__type":"$$EventMessageAudit","id":"20c01822-2861-45a1-ab4c-3eb97e2a6989","ts":"2026-08-10T23:45:34.328+02:00","eventName":"n8n.audit.workflow.updated","message":"n8n.audit.workflow.updated","payload":{"userId":"9c968acf-8060-4d0b-9187-dde49eae5716","_email":"demo@email.com","_firstName":"demo","_lastName":"demo","globalRole":"global:owner","workflowId":"icMHjYIDJfI6WAq5","workflowName":"traininig_management_workflow"}}
{"__type":"$$EventMessageConfirm","confirm":"20c01822-2861-45a1-ab4c-3eb97e2a6989","ts":"2026-08-10T23:45:34.328+02:00","source":{"id":"0","name":"eventBus"}}
{"__type":"$$EventMessageAudit","id":"bc41839e-cde6-42cd-ac55-4bff9b6ab8f4","ts":"2026-08-10T23:45:39.885+02:00","eventName":"n8n.audit.workflow.updated","message":"n8n.audit.workflow.updated","payload":{"userId":"9c968acf-8060-4d0b-9187-dde49eae5716","_email":"demo@email.com","_firstName":"demo","_lastName":"demo","globalRole":"global:owner","workflowId":"icMHjYIDJfI6WAq5","workflowName":"traininig_management_workflow"}}
{"__type":"$$EventMessageConfirm","confirm":"bc41839e-cde6-42cd-ac55-4bff9b6ab8f4","ts":"2026-08-10T23:45:39.885+02:00","source":{"id":"0","name":"eventBus"}}
{"__type":"$$EventMessageAudit","id":"cd5320b1-cf80-4d63-91be-9dc59f049025","ts":"2026-08-10T23:45:42.482+02:00","eventName":"n8n.audit.workflow.updated","message":"n8n.audit.workflow.updated","payload":{"userId":"9c968acf-8060-4d0b-9187-dde49eae5716","_email":"demo@email.com","_firstName":"demo","_lastName":"demo","globalRole":"global:owner","workflowId":"icMHjYIDJfI6WAq5","workflowName":"traininig_management_workflow"}}
{"__type":"$$EventMessageConfirm","confirm":"cd5320b1-cf80-4d63-91be-9dc59f049025","ts":"2026-08-10T23:45:42.483+02:00","source":{"id":"0","name":"eventBus"}}
{"__type":"$$EventMessageAudit","id":"35937f29-1c5b-40db-967e-899bc25e4297","ts":"2026-08-10T23:45:49.475+02:00","eventName":"n8n.audit.workflow.updated","message":"n8n.audit.workflow.updated","payload":{"userId":"9c968acf-8060-4d0b-9187-dde49eae5716","_email":"demo@email.com","_firstName":"demo","_lastName":"demo","globalRole":"global:owner","workflowId":"icMHjYIDJfI6WAq5","workflowName":"traininig_management_workflow"}}
{"__type":"$$EventMessageConfirm","confirm":"35937f29-1c5b-40db-967e-899bc25e4297","ts":"2026-08-10T23:45:49.475+02:00","source":{"id":"0","name":"eventBus"}}
{"__type":"$$EventMessageAudit","id":"d8046adc-dc80-4bce-aae5-9c364d16f295","ts":"2026-08-10T23:45:54.093+02:00","eventName":"n8n.audit.workflow.updated","message":"n8n.audit.workflow.updated","payload":{"userId":"9c968acf-8060-4d0b-9187-dde49eae5716","_email":"demo@email.com","_firstName":"demo","_lastName":"demo","globalRole":"global:owner","workflowId":"icMHjYIDJfI6WAq5","workflowName":"traininig_management_workflow"}}
{"__type":"$$EventMessageConfirm","confirm":"d8046adc-dc80-4bce-aae5-9c364d16f295","ts":"2026-08-10T23:45:54.093+02:00","source":{"id":"0","name":"eventBus"}}
{"__type":"$$EventMessageAudit","id":"219d2aea-368c-4e9e-9c74-9091867ed03e","ts":"2026-08-11T10:13:07.627+02:00","eventName":"n8n.audit.workflow.updated","message":"n8n.audit.workflow.updated","payload":{"userId":"9c968acf-8060-4d0b-9187-dde49eae5716","_email":"demo@email.com","_firstName":"demo","_lastName":"demo","globalRole":"global:owner","workflowId":"icMHjYIDJfI6WAq5","workflowName":"traininig_management_workflow"}}
{"__type":"$$EventMessageConfirm","confirm":"219d2aea-368c-4e9e-9c74-9091867ed03e","ts":"2026-08-11T10:13:07.629+02:00","source":{"id":"0","name":"eventBus"}}
{"__type":"$$EventMessageAudit","id":"2d8bfbbe-99df-4692-9eb1-30cac6c68370","ts":"2026-08-11T10:13:09.571+02:00","eventName":"n8n.audit.workflow.updated","message":"n8n.audit.workflow.updated","payload":{"userId":"9c968acf-8060-4d0b-9187-dde49eae5716","_email":"demo@email.com","_firstName":"demo","_lastName":"demo","globalRole":"global:owner","workflowId":"icMHjYIDJfI6WAq5","workflowName":"traininig_management_workflow"}}
{"__type":"$$EventMessageConfirm","confirm":"2d8bfbbe-99df-4692-9eb1-30cac6c68370","ts":"2026-08-11T10:13:09.572+02:00","source":{"id":"0","name":"eventBus"}}
{"__type":"$$EventMessageAudit","id":"64be74ed-d942-450d-a954-2b81f0466f99","ts":"2026-08-11T10:13:18.350+02:00","eventName":"n8n.audit.workflow.updated","message":"n8n.audit.workflow.updated","payload":{"userId":"9c968acf-8060-4d0b-9187-dde49eae5716","_email":"demo@email.com","_firstName":"demo","_lastName":"demo","globalRole":"global:owner","workflowId":"icMHjYIDJfI6WAq5","workflowName":"traininig_management_workflow"}}
{"__type":"$$EventMessageConfirm","confirm":"64be74ed-d942-450d-a954-2b81f0466f99","ts":"2026-08-11T10:13:18.351+02:00","source":{"id":"0","name":"eventBus"}}
{"__type":"$$EventMessageAudit","id":"54e3591c-d030-46f5-8f0e-a24cf5ce1765","ts":"2026-08-11T10:13:29.585+02:00","eventName":"n8n.audit.workflow.updated","message":"n8n.audit.workflow.updated","payload":{"userId":"9c968acf-8060-4d0b-9187-dde49eae5716","_email":"demo@email.com","_firstName":"demo","_lastName":"demo","globalRole":"global:owner","workflowId":"icMHjYIDJfI6WAq5","workflowName":"traininig_management_workflow"}}
{"__type":"$$EventMessageConfirm","confirm":"54e3591c-d030-46f5-8f0e-a24cf5ce1765","ts":"2026-08-11T10:13:29.585+02:00","source":{"id":"0","name":"eventBus"}}
{"__type":"$$EventMessageAudit","id":"97c79e3f-85d3-44fe-b4bf-c03dec5edf45","ts":"2026-08-11T10:13:33.437+02:00","eventName":"n8n.audit.workflow.executed","message":"n8n.audit.workflow.executed","payload":{"userId":"9c968acf-8060-4d0b-9187-dde49eae5716","_email":"demo@email.com","_firstName":"demo","_lastName":"demo","globalRole":"global:owner","workflowId":"icMHjYIDJfI6WAq5","workflowName":"traininig_management_workflow","executionId":"1","projectId":"VP8sweUdS4KlmzVv","projectName":"demo demo <demo@email.com>","source":"user-manual"}}
{"__type":"$$EventMessageConfirm","confirm":"97c79e3f-85d3-44fe-b4bf-c03dec5edf45","ts":"2026-08-11T10:13:33.437+02:00","source":{"id":"0","name":"eventBus"}}
{"__type":"$$EventMessageWorkflow","id":"bf897a0c-0a6c-4db0-8f80-67251039622c","ts":"2026-08-11T10:13:33.447+02:00","eventName":"n8n.workflow.started","message":"n8n.workflow.started","payload":{"executionId":"1","workflowId":"icMHjYIDJfI6WAq5","isManual":false,"mode":"manual","workflowName":"traininig_management_workflow","projectId":"VP8sweUdS4KlmzVv","projectName":"demo demo <demo@email.com>"}}
{"__type":"$$EventMessageConfirm","confirm":"bf897a0c-0a6c-4db0-8f80-67251039622c","ts":"2026-08-11T10:13:33.447+02:00","source":{"id":"0","name":"eventBus"}}
{"__type":"$$EventMessageNode","id":"2880a2bc-0125-410b-90e4-65ce2470e717","ts":"2026-08-11T10:13:33.478+02:00","eventName":"n8n.node.started","message":"n8n.node.started","payload":{"workflowId":"icMHjYIDJfI6WAq5","workflowName":"traininig_management_workflow","executionId":"1","nodeType":"n8n-nodes-base.scheduleTrigger","nodeName":"Schedule Trigger","nodeId":"83656662-e87f-44b8-9bdb-2165348cd278"}}
{"__type":"$$EventMessageConfirm","confirm":"2880a2bc-0125-410b-90e4-65ce2470e717","ts":"2026-08-11T10:13:33.479+02:00","source":{"id":"0","name":"eventBus"}}
{"__type":"$$EventMessageNode","id":"918f4d70-813f-4e3b-9f35-f451d3f16004","ts":"2026-08-11T10:13:33.537+02:00","eventName":"n8n.node.finished","message":"n8n.node.finished","payload":{"workflowId":"icMHjYIDJfI6WAq5","workflowName":"traininig_management_workflow","executionId":"1","nodeType":"n8n-nodes-base.scheduleTrigger","nodeName":"Schedule Trigger","nodeId":"83656662-e87f-44b8-9bdb-2165348cd278"}}
{"__type":"$$EventMessageConfirm","confirm":"918f4d70-813f-4e3b-9f35-f451d3f16004","ts":"2026-08-11T10:13:33.538+02:00","source":{"id":"0","name":"eventBus"}}
{"__type":"$$EventMessageWorkflow","id":"7fad978a-1e9e-413a-973d-3fcd72455680","ts":"2026-08-11T10:13:33.554+02:00","eventName":"n8n.workflow.success","message":"n8n.workflow.success","payload":{"userId":"9c968acf-8060-4d0b-9187-dde49eae5716","executionId":"1","success":true,"isManual":true,"mode":"manual","workflowId":"icMHjYIDJfI6WAq5","workflowName":"traininig_management_workflow","projectId":"VP8sweUdS4KlmzVv","projectName":"demo demo <demo@email.com>"}}
{"__type":"$$EventMessageConfirm","confirm":"7fad978a-1e9e-413a-973d-3fcd72455680","ts":"2026-08-11T10:13:33.554+02:00","source":{"id":"0","name":"eventBus"}}
{"__type":"$$EventMessageAudit","id":"8429bedd-ef64-48bf-b3c4-60283bf98216","ts":"2026-08-11T10:15:24.529+02:00","eventName":"n8n.audit.workflow.executed","message":"n8n.audit.workflow.executed","payload":{"userId":"9c968acf-8060-4d0b-9187-dde49eae5716","_email":"demo@email.com","_firstName":"demo","_lastName":"demo","globalRole":"global:owner","workflowId":"icMHjYIDJfI6WAq5","workflowName":"traininig_management_workflow","executionId":"2","projectId":"VP8sweUdS4KlmzVv","projectName":"demo demo <demo@email.com>","source":"user-manual"}}
{"__type":"$$EventMessageConfirm","confirm":"8429bedd-ef64-48bf-b3c4-60283bf98216","ts":"2026-08-11T10:15:24.529+02:00","source":{"id":"0","name":"eventBus"}}
{"__type":"$$EventMessageWorkflow","id":"97829b4a-da00-4d7e-a4cd-2cf82915bde6","ts":"2026-08-11T10:15:24.531+02:00","eventName":"n8n.workflow.started","message":"n8n.workflow.started","payload":{"executionId":"2","workflowId":"icMHjYIDJfI6WAq5","isManual":false,"mode":"manual","workflowName":"traininig_management_workflow","projectId":"VP8sweUdS4KlmzVv","projectName":"demo demo <demo@email.com>"}}
{"__type":"$$EventMessageConfirm","confirm":"97829b4a-da00-4d7e-a4cd-2cf82915bde6","ts":"2026-08-11T10:15:24.531+02:00","source":{"id":"0","name":"eventBus"}}
{"__type":"$$EventMessageNode","id":"ebcae38e-28cc-47ff-83da-2c2c89ea1efa","ts":"2026-08-11T10:15:24.555+02:00","eventName":"n8n.node.started","message":"n8n.node.started","payload":{"workflowId":"icMHjYIDJfI6WAq5","workflowName":"traininig_management_workflow","executionId":"2","nodeType":"n8n-nodes-base.scheduleTrigger","nodeName":"Schedule Trigger","nodeId":"83656662-e87f-44b8-9bdb-2165348cd278"}}
{"__type":"$$EventMessageConfirm","confirm":"ebcae38e-28cc-47ff-83da-2c2c89ea1efa","ts":"2026-08-11T10:15:24.556+02:00","source":{"id":"0","name":"eventBus"}}
{"__type":"$$EventMessageNode","id":"20674664-794e-49e1-a8cf-48e3c5e026a8","ts":"2026-08-11T10:15:24.558+02:00","eventName":"n8n.node.finished","message":"n8n.node.finished","payload":{"workflowId":"icMHjYIDJfI6WAq5","workflowName":"traininig_management_workflow","executionId":"2","nodeType":"n8n-nodes-base.scheduleTrigger","nodeName":"Schedule Trigger","nodeId":"83656662-e87f-44b8-9bdb-2165348cd278"}}
{"__type":"$$EventMessageConfirm","confirm":"20674664-794e-49e1-a8cf-48e3c5e026a8","ts":"2026-08-11T10:15:24.558+02:00","source":{"id":"0","name":"eventBus"}}
{"__type":"$$EventMessageWorkflow","id":"4313c3e7-7639-459e-8e14-822988f1bb24","ts":"2026-08-11T10:15:24.563+02:00","eventName":"n8n.workflow.success","message":"n8n.workflow.success","payload":{"userId":"9c968acf-8060-4d0b-9187-dde49eae5716","executionId":"2","success":true,"isManual":true,"mode":"manual","workflowId":"icMHjYIDJfI6WAq5","workflowName":"traininig_management_workflow","projectId":"VP8sweUdS4KlmzVv","projectName":"demo demo <demo@email.com>"}}
{"__type":"$$EventMessageConfirm","confirm":"4313c3e7-7639-459e-8e14-822988f1bb24","ts":"2026-08-11T10:15:24.564+02:00","source":{"id":"0","name":"eventBus"}}
{"__type":"$$EventMessageAudit","id":"2b000433-286b-458b-83e1-a91db2db0825","ts":"2026-08-11T10:16:51.248+02:00","eventName":"n8n.audit.workflow.updated","message":"n8n.audit.workflow.updated","payload":{"userId":"9c968acf-8060-4d0b-9187-dde49eae5716","_email":"demo@email.com","_firstName":"demo","_lastName":"demo","globalRole":"global:owner","workflowId":"icMHjYIDJfI6WAq5","workflowName":"traininig_management_workflow"}}
{"__type":"$$EventMessageConfirm","confirm":"2b000433-286b-458b-83e1-a91db2db0825","ts":"2026-08-11T10:16:51.248+02:00","source":{"id":"0","name":"eventBus"}}
{"__type":"$$EventMessageAudit","id":"a9dd2656-4470-4734-ab50-f50b598a3ea4","ts":"2026-08-11T10:16:57.216+02:00","eventName":"n8n.audit.workflow.updated","message":"n8n.audit.workflow.updated","payload":{"userId":"9c968acf-8060-4d0b-9187-dde49eae5716","_email":"demo@email.com","_firstName":"demo","_lastName":"demo","globalRole":"global:owner","workflowId":"icMHjYIDJfI6WAq5","workflowName":"traininig_management_workflow"}}
{"__type":"$$EventMessageConfirm","confirm":"a9dd2656-4470-4734-ab50-f50b598a3ea4","ts":"2026-08-11T10:16:57.217+02:00","source":{"id":"0","name":"eventBus"}}
{"__type":"$$EventMessageAudit","id":"40ba9dec-fa77-4e47-b1cd-303d9ad2be1c","ts":"2026-08-11T10:17:02.496+02:00","eventName":"n8n.audit.workflow.updated","message":"n8n.audit.workflow.updated","payload":{"userId":"9c968acf-8060-4d0b-9187-dde49eae5716","_email":"demo@email.com","_firstName":"demo","_lastName":"demo","globalRole":"global:owner","workflowId":"icMHjYIDJfI6WAq5","workflowName":"traininig_management_workflow"}}
{"__type":"$$EventMessageConfirm","confirm":"40ba9dec-fa77-4e47-b1cd-303d9ad2be1c","ts":"2026-08-11T10:17:02.496+02:00","source":{"id":"0","name":"eventBus"}}
{"__type":"$$EventMessageAudit","id":"f0f4a655-786f-4cf0-9d82-9a5319644b88","ts":"2026-08-11T10:17:05.790+02:00","eventName":"n8n.audit.workflow.updated","message":"n8n.audit.workflow.updated","payload":{"userId":"9c968acf-8060-4d0b-9187-dde49eae5716","_email":"demo@email.com","_firstName":"demo","_lastName":"demo","globalRole":"global:owner","workflowId":"icMHjYIDJfI6WAq5","workflowName":"traininig_management_workflow"}}
{"__type":"$$EventMessageConfirm","confirm":"f0f4a655-786f-4cf0-9d82-9a5319644b88","ts":"2026-08-11T10:17:05.790+02:00","source":{"id":"0","name":"eventBus"}}
{"__type":"$$EventMessageAudit","id":"f5857d75-9e74-4946-b2e6-bb6bf8d4d68a","ts":"2026-08-11T10:17:43.474+02:00","eventName":"n8n.audit.user.credentials.updated","message":"n8n.audit.user.credentials.updated","payload":{"userId":"9c968acf-8060-4d0b-9187-dde49eae5716","_email":"demo@email.com","_firstName":"demo","_lastName":"demo","globalRole":"global:owner","credentialType":"odooApiKeyApi","credentialId":"iVYHDWMu3bSz6BkY","isDynamic":false,"usesExternalSecrets":false,"jweEnabled":false,"supportsManagedAuth":false,"usesManagedAuth":false}}
{"__type":"$$EventMessageConfirm","confirm":"f5857d75-9e74-4946-b2e6-bb6bf8d4d68a","ts":"2026-08-11T10:17:43.474+02:00","source":{"id":"0","name":"eventBus"}}
{"__type":"$$EventMessageAudit","id":"bedc2b97-662e-4b26-be26-0c4edf5b6c11","ts":"2026-08-11T10:18:49.970+02:00","eventName":"n8n.audit.user.credentials.updated","message":"n8n.audit.user.credentials.updated","payload":{"userId":"9c968acf-8060-4d0b-9187-dde49eae5716","_email":"demo@email.com","_firstName":"demo","_lastName":"demo","globalRole":"global:owner","credentialType":"odooApiKeyApi","credentialId":"iVYHDWMu3bSz6BkY","isDynamic":false,"usesExternalSecrets":false,"jweEnabled":false,"supportsManagedAuth":false,"usesManagedAuth":false}}
{"__type":"$$EventMessageConfirm","confirm":"bedc2b97-662e-4b26-be26-0c4edf5b6c11","ts":"2026-08-11T10:18:49.970+02:00","source":{"id":"0","name":"eventBus"}}
{"__type":"$$EventMessageWorkflow","id":"4f466220-ec1b-4cac-8eaa-c8a9877ab88c","ts":"2026-08-11T10:19:13.911+02:00","eventName":"n8n.workflow.started","message":"n8n.workflow.started","payload":{"executionId":"3","workflowId":"icMHjYIDJfI6WAq5","isManual":false,"mode":"manual","workflowName":"traininig_management_workflow","projectId":"VP8sweUdS4KlmzVv","projectName":"demo demo <demo@email.com>"}}
{"__type":"$$EventMessageConfirm","confirm":"4f466220-ec1b-4cac-8eaa-c8a9877ab88c","ts":"2026-08-11T10:19:13.911+02:00","source":{"id":"0","name":"eventBus"}}
{"__type":"$$EventMessageWorkflow","id":"ea72e8b0-cb88-4e31-b10d-3028d9953e48","ts":"2026-08-11T10:19:13.937+02:00","eventName":"n8n.workflow.failed","message":"n8n.workflow.failed","payload":{"userId":"9c968acf-8060-4d0b-9187-dde49eae5716","executionId":"3","success":false,"isManual":true,"mode":"manual","workflowId":"icMHjYIDJfI6WAq5","workflowName":"traininig_management_workflow","projectId":"VP8sweUdS4KlmzVv","projectName":"demo demo <demo@email.com>","errorMessage":"The 'Update a contact' node has issues:\n- Parameter \"Contact\" is required."}}
{"__type":"$$EventMessageConfirm","confirm":"ea72e8b0-cb88-4e31-b10d-3028d9953e48","ts":"2026-08-11T10:19:13.938+02:00","source":{"id":"0","name":"eventBus"}}
{"__type":"$$EventMessageAudit","id":"9ce66d5c-bd47-4be7-a835-868af1fa38b0","ts":"2026-08-11T10:19:14.002+02:00","eventName":"n8n.audit.workflow.executed","message":"n8n.audit.workflow.executed","payload":{"userId":"9c968acf-8060-4d0b-9187-dde49eae5716","_email":"demo@email.com","_firstName":"demo","_lastName":"demo","globalRole":"global:owner","workflowId":"icMHjYIDJfI6WAq5","workflowName":"traininig_management_workflow","executionId":"3","projectId":"VP8sweUdS4KlmzVv","projectName":"demo demo <demo@email.com>","source":"user-manual"}}
{"__type":"$$EventMessageConfirm","confirm":"9ce66d5c-bd47-4be7-a835-868af1fa38b0","ts":"2026-08-11T10:19:14.002+02:00","source":{"id":"0","name":"eventBus"}}
{"__type":"$$EventMessageAudit","id":"3ba87f4e-e30a-4621-ad15-6c65aa8c6453","ts":"2026-08-11T10:19:23.351+02:00","eventName":"n8n.audit.workflow.updated","message":"n8n.audit.workflow.updated","payload":{"userId":"9c968acf-8060-4d0b-9187-dde49eae5716","_email":"demo@email.com","_firstName":"demo","_lastName":"demo","globalRole":"global:owner","workflowId":"icMHjYIDJfI6WAq5","workflowName":"traininig_management_workflow"}}
{"__type":"$$EventMessageConfirm","confirm":"3ba87f4e-e30a-4621-ad15-6c65aa8c6453","ts":"2026-08-11T10:19:23.351+02:00","source":{"id":"0","name":"eventBus"}}
{"__type":"$$EventMessageAudit","id":"ef9a9d95-e9e6-49e6-9036-7fc87db4388e","ts":"2026-08-11T10:19:27.470+02:00","eventName":"n8n.audit.workflow.updated","message":"n8n.audit.workflow.updated","payload":{"userId":"9c968acf-8060-4d0b-9187-dde49eae5716","_email":"demo@email.com","_firstName":"demo","_lastName":"demo","globalRole":"global:owner","workflowId":"icMHjYIDJfI6WAq5","workflowName":"traininig_management_workflow"}}
{"__type":"$$EventMessageConfirm","confirm":"ef9a9d95-e9e6-49e6-9036-7fc87db4388e","ts":"2026-08-11T10:19:27.471+02:00","source":{"id":"0","name":"eventBus"}}
{"__type":"$$EventMessageAudit","id":"b2616aef-c3ed-444b-a8ab-7c2d4d157b5c","ts":"2026-08-11T10:19:37.034+02:00","eventName":"n8n.audit.workflow.updated","message":"n8n.audit.workflow.updated","payload":{"userId":"9c968acf-8060-4d0b-9187-dde49eae5716","_email":"demo@email.com","_firstName":"demo","_lastName":"demo","globalRole":"global:owner","workflowId":"icMHjYIDJfI6WAq5","workflowName":"traininig_management_workflow"}}
{"__type":"$$EventMessageConfirm","confirm":"b2616aef-c3ed-444b-a8ab-7c2d4d157b5c","ts":"2026-08-11T10:19:37.034+02:00","source":{"id":"0","name":"eventBus"}}
{"__type":"$$EventMessageAudit","id":"81059b54-611c-4116-819f-5653cd8ea1f9","ts":"2026-08-11T10:19:41.859+02:00","eventName":"n8n.audit.workflow.updated","message":"n8n.audit.workflow.updated","payload":{"userId":"9c968acf-8060-4d0b-9187-dde49eae5716","_email":"demo@email.com","_firstName":"demo","_lastName":"demo","globalRole":"global:owner","workflowId":"icMHjYIDJfI6WAq5","workflowName":"traininig_management_workflow"}}
{"__type":"$$EventMessageConfirm","confirm":"81059b54-611c-4116-819f-5653cd8ea1f9","ts":"2026-08-11T10:19:41.860+02:00","source":{"id":"0","name":"eventBus"}}
{"__type":"$$EventMessageAudit","id":"00e5d5be-1158-44f4-a8a7-602e5c464420","ts":"2026-08-11T10:19:43.600+02:00","eventName":"n8n.audit.workflow.updated","message":"n8n.audit.workflow.updated","payload":{"userId":"9c968acf-8060-4d0b-9187-dde49eae5716","_email":"demo@email.com","_firstName":"demo","_lastName":"demo","globalRole":"global:owner","workflowId":"icMHjYIDJfI6WAq5","workflowName":"traininig_management_workflow"}}
{"__type":"$$EventMessageConfirm","confirm":"00e5d5be-1158-44f4-a8a7-602e5c464420","ts":"2026-08-11T10:19:43.600+02:00","source":{"id":"0","name":"eventBus"}}
{"__type":"$$EventMessageAudit","id":"bfd503e6-e761-427a-a95c-c0db2dc173db","ts":"2026-08-11T10:19:48.562+02:00","eventName":"n8n.audit.workflow.executed","message":"n8n.audit.workflow.executed","payload":{"userId":"9c968acf-8060-4d0b-9187-dde49eae5716","_email":"demo@email.com","_firstName":"demo","_lastName":"demo","globalRole":"global:owner","workflowId":"icMHjYIDJfI6WAq5","workflowName":"traininig_management_workflow","executionId":"4","projectId":"VP8sweUdS4KlmzVv","projectName":"demo demo <demo@email.com>","source":"user-manual"}}
{"__type":"$$EventMessageConfirm","confirm":"bfd503e6-e761-427a-a95c-c0db2dc173db","ts":"2026-08-11T10:19:48.563+02:00","source":{"id":"0","name":"eventBus"}}
{"__type":"$$EventMessageWorkflow","id":"5578afcd-7139-464d-a9fa-12f63e63f329","ts":"2026-08-11T10:19:48.568+02:00","eventName":"n8n.workflow.started","message":"n8n.workflow.started","payload":{"executionId":"4","workflowId":"icMHjYIDJfI6WAq5","isManual":false,"mode":"manual","workflowName":"traininig_management_workflow","projectId":"VP8sweUdS4KlmzVv","projectName":"demo demo <demo@email.com>"}}
{"__type":"$$EventMessageConfirm","confirm":"5578afcd-7139-464d-a9fa-12f63e63f329","ts":"2026-08-11T10:19:48.568+02:00","source":{"id":"0","name":"eventBus"}}
{"__type":"$$EventMessageNode","id":"939a600b-78ab-4dc3-a848-b1817c5a5040","ts":"2026-08-11T10:19:48.607+02:00","eventName":"n8n.node.started","message":"n8n.node.started","payload":{"workflowId":"icMHjYIDJfI6WAq5","workflowName":"traininig_management_workflow","executionId":"4","nodeType":"n8n-nodes-base.scheduleTrigger","nodeName":"Schedule Trigger","nodeId":"83656662-e87f-44b8-9bdb-2165348cd278"}}
{"__type":"$$EventMessageConfirm","confirm":"939a600b-78ab-4dc3-a848-b1817c5a5040","ts":"2026-08-11T10:19:48.608+02:00","source":{"id":"0","name":"eventBus"}}
{"__type":"$$EventMessageNode","id":"c34f5a14-6515-4d4d-9265-de08a86e58b1","ts":"2026-08-11T10:19:48.619+02:00","eventName":"n8n.node.finished","message":"n8n.node.finished","payload":{"workflowId":"icMHjYIDJfI6WAq5","workflowName":"traininig_management_workflow","executionId":"4","nodeType":"n8n-nodes-base.scheduleTrigger","nodeName":"Schedule Trigger","nodeId":"83656662-e87f-44b8-9bdb-2165348cd278"}}
{"__type":"$$EventMessageConfirm","confirm":"c34f5a14-6515-4d4d-9265-de08a86e58b1","ts":"2026-08-11T10:19:48.619+02:00","source":{"id":"0","name":"eventBus"}}
{"__type":"$$EventMessageNode","id":"ea7801fa-f750-4d6e-90c2-e055df41f814","ts":"2026-08-11T10:19:48.626+02:00","eventName":"n8n.node.started","message":"n8n.node.started","payload":{"workflowId":"icMHjYIDJfI6WAq5","workflowName":"traininig_management_workflow","executionId":"4","nodeType":"n8n-nodes-base.odoo","nodeName":"Update a contact","nodeId":"b1d20521-7f7f-4c57-8d72-3c61ff495a73"}}
{"__type":"$$EventMessageConfirm","confirm":"ea7801fa-f750-4d6e-90c2-e055df41f814","ts":"2026-08-11T10:19:48.626+02:00","source":{"id":"0","name":"eventBus"}}
{"__type":"$$EventMessageNode","id":"f99ceabd-9e46-48b2-8541-a4fc8db2e6a6","ts":"2026-08-11T10:19:48.906+02:00","eventName":"n8n.node.finished","message":"n8n.node.finished","payload":{"workflowId":"icMHjYIDJfI6WAq5","workflowName":"traininig_management_workflow","executionId":"4","nodeType":"n8n-nodes-base.odoo","nodeName":"Update a contact","nodeId":"b1d20521-7f7f-4c57-8d72-3c61ff495a73"}}
{"__type":"$$EventMessageConfirm","confirm":"f99ceabd-9e46-48b2-8541-a4fc8db2e6a6","ts":"2026-08-11T10:19:48.907+02:00","source":{"id":"0","name":"eventBus"}}
{"__type":"$$EventMessageWorkflow","id":"06445f00-d423-4573-9c09-6c1406e753de","ts":"2026-08-11T10:19:48.919+02:00","eventName":"n8n.workflow.success","message":"n8n.workflow.success","payload":{"userId":"9c968acf-8060-4d0b-9187-dde49eae5716","executionId":"4","success":true,"isManual":true,"mode":"manual","workflowId":"icMHjYIDJfI6WAq5","workflowName":"traininig_management_workflow","projectId":"VP8sweUdS4KlmzVv","projectName":"demo demo <demo@email.com>"}}
{"__type":"$$EventMessageConfirm","confirm":"06445f00-d423-4573-9c09-6c1406e753de","ts":"2026-08-11T10:19:48.919+02:00","source":{"id":"0","name":"eventBus"}}
{"__type":"$$EventMessageAudit","id":"399224f4-097d-4676-a7fe-d098b797530c","ts":"2026-08-11T10:20:44.172+02:00","eventName":"n8n.audit.workflow.updated","message":"n8n.audit.workflow.updated","payload":{"userId":"9c968acf-8060-4d0b-9187-dde49eae5716","_email":"demo@email.com","_firstName":"demo","_lastName":"demo","globalRole":"global:owner","workflowId":"icMHjYIDJfI6WAq5","workflowName":"traininig_management_workflow"}}
{"__type":"$$EventMessageConfirm","confirm":"399224f4-097d-4676-a7fe-d098b797530c","ts":"2026-08-11T10:20:44.173+02:00","source":{"id":"0","name":"eventBus"}}
{"__type":"$$EventMessageAudit","id":"2caa7753-ca22-4b1e-9bc9-73eeda7a058d","ts":"2026-08-11T10:20:58.399+02:00","eventName":"n8n.audit.workflow.executed","message":"n8n.audit.workflow.executed","payload":{"userId":"9c968acf-8060-4d0b-9187-dde49eae5716","_email":"demo@email.com","_firstName":"demo","_lastName":"demo","globalRole":"global:owner","workflowId":"icMHjYIDJfI6WAq5","workflowName":"traininig_management_workflow","executionId":"5","projectId":"VP8sweUdS4KlmzVv","projectName":"demo demo <demo@email.com>","source":"user-manual"}}
{"__type":"$$EventMessageConfirm","confirm":"2caa7753-ca22-4b1e-9bc9-73eeda7a058d","ts":"2026-08-11T10:20:58.399+02:00","source":{"id":"0","name":"eventBus"}}
{"__type":"$$EventMessageWorkflow","id":"bda6f2b7-a940-4277-bac0-c4e665150b33","ts":"2026-08-11T10:20:58.401+02:00","eventName":"n8n.workflow.started","message":"n8n.workflow.started","payload":{"executionId":"5","workflowId":"icMHjYIDJfI6WAq5","isManual":false,"mode":"manual","workflowName":"traininig_management_workflow","projectId":"VP8sweUdS4KlmzVv","projectName":"demo demo <demo@email.com>"}}
{"__type":"$$EventMessageConfirm","confirm":"bda6f2b7-a940-4277-bac0-c4e665150b33","ts":"2026-08-11T10:20:58.401+02:00","source":{"id":"0","name":"eventBus"}}
{"__type":"$$EventMessageNode","id":"df2bd6e1-2f65-44fe-b3a1-1036b2c0b4ec","ts":"2026-08-11T10:20:58.428+02:00","eventName":"n8n.node.started","message":"n8n.node.started","payload":{"workflowId":"icMHjYIDJfI6WAq5","workflowName":"traininig_management_workflow","executionId":"5","nodeType":"n8n-nodes-base.odoo","nodeName":"Get many contacts","nodeId":"b98dcd69-fbfa-4f32-aeb7-9aaa54a2dd8b"}}
{"__type":"$$EventMessageConfirm","confirm":"df2bd6e1-2f65-44fe-b3a1-1036b2c0b4ec","ts":"2026-08-11T10:20:58.428+02:00","source":{"id":"0","name":"eventBus"}}
{"__type":"$$EventMessageNode","id":"f227b715-eece-46d5-9db1-e2afe59ff290","ts":"2026-08-11T10:20:59.765+02:00","eventName":"n8n.node.finished","message":"n8n.node.finished","payload":{"workflowId":"icMHjYIDJfI6WAq5","workflowName":"traininig_management_workflow","executionId":"5","nodeType":"n8n-nodes-base.odoo","nodeName":"Get many contacts","nodeId":"b98dcd69-fbfa-4f32-aeb7-9aaa54a2dd8b"}}
{"__type":"$$EventMessageConfirm","confirm":"f227b715-eece-46d5-9db1-e2afe59ff290","ts":"2026-08-11T10:20:59.766+02:00","source":{"id":"0","name":"eventBus"}}
{"__type":"$$EventMessageWorkflow","id":"da4800e6-6049-419a-a831-859fdc2935d4","ts":"2026-08-11T10:20:59.781+02:00","eventName":"n8n.workflow.success","message":"n8n.workflow.success","payload":{"userId":"9c968acf-8060-4d0b-9187-dde49eae5716","executionId":"5","success":true,"isManual":true,"mode":"manual","workflowId":"icMHjYIDJfI6WAq5","workflowName":"traininig_management_workflow","projectId":"VP8sweUdS4KlmzVv","projectName":"demo demo <demo@email.com>"}}
{"__type":"$$EventMessageConfirm","confirm":"da4800e6-6049-419a-a831-859fdc2935d4","ts":"2026-08-11T10:20:59.781+02:00","source":{"id":"0","name":"eventBus"}}
{"__type":"$$EventMessageAudit","id":"8dfa991d-353f-4862-b796-005fa31663a0","ts":"2026-08-11T10:24:33.494+02:00","eventName":"n8n.audit.workflow.updated","message":"n8n.audit.workflow.updated","payload":{"userId":"9c968acf-8060-4d0b-9187-dde49eae5716","_email":"demo@email.com","_firstName":"demo","_lastName":"demo","globalRole":"global:owner","workflowId":"icMHjYIDJfI6WAq5","workflowName":"traininig_management_workflow"}}
{"__type":"$$EventMessageConfirm","confirm":"8dfa991d-353f-4862-b796-005fa31663a0","ts":"2026-08-11T10:24:33.494+02:00","source":{"id":"0","name":"eventBus"}}
{"__type":"$$EventMessageAudit","id":"4fb61a83-875f-42a9-aceb-d567e5cc4447","ts":"2026-08-11T10:24:43.227+02:00","eventName":"n8n.audit.workflow.executed","message":"n8n.audit.workflow.executed","payload":{"userId":"9c968acf-8060-4d0b-9187-dde49eae5716","_email":"demo@email.com","_firstName":"demo","_lastName":"demo","globalRole":"global:owner","workflowId":"icMHjYIDJfI6WAq5","workflowName":"traininig_management_workflow","executionId":"6","projectId":"VP8sweUdS4KlmzVv","projectName":"demo demo <demo@email.com>","source":"user-manual"}}
{"__type":"$$EventMessageConfirm","confirm":"4fb61a83-875f-42a9-aceb-d567e5cc4447","ts":"2026-08-11T10:24:43.227+02:00","source":{"id":"0","name":"eventBus"}}
{"__type":"$$EventMessageWorkflow","id":"dfb5157c-7b79-469f-b063-5f201c9fb034","ts":"2026-08-11T10:24:43.228+02:00","eventName":"n8n.workflow.started","message":"n8n.workflow.started","payload":{"executionId":"6","workflowId":"icMHjYIDJfI6WAq5","isManual":false,"mode":"manual","workflowName":"traininig_management_workflow","projectId":"VP8sweUdS4KlmzVv","projectName":"demo demo <demo@email.com>"}}
{"__type":"$$EventMessageConfirm","confirm":"dfb5157c-7b79-469f-b063-5f201c9fb034","ts":"2026-08-11T10:24:43.228+02:00","source":{"id":"0","name":"eventBus"}}
{"__type":"$$EventMessageNode","id":"3ebbed9f-722b-45e9-81aa-1e9216a5976d","ts":"2026-08-11T10:24:43.244+02:00","eventName":"n8n.node.started","message":"n8n.node.started","payload":{"workflowId":"icMHjYIDJfI6WAq5","workflowName":"traininig_management_workflow","executionId":"6","nodeType":"n8n-nodes-base.odoo","nodeName":"Get many contacts1","nodeId":"b1d20521-7f7f-4c57-8d72-3c61ff495a73"}}
{"__type":"$$EventMessageConfirm","confirm":"3ebbed9f-722b-45e9-81aa-1e9216a5976d","ts":"2026-08-11T10:24:43.245+02:00","source":{"id":"0","name":"eventBus"}}
{"__type":"$$EventMessageNode","id":"de90e785-05a3-4605-b6a6-3a1712ab0407","ts":"2026-08-11T10:24:44.060+02:00","eventName":"n8n.node.finished","message":"n8n.node.finished","payload":{"workflowId":"icMHjYIDJfI6WAq5","workflowName":"traininig_management_workflow","executionId":"6","nodeType":"n8n-nodes-base.odoo","nodeName":"Get many contacts1","nodeId":"b1d20521-7f7f-4c57-8d72-3c61ff495a73"}}
{"__type":"$$EventMessageConfirm","confirm":"de90e785-05a3-4605-b6a6-3a1712ab0407","ts":"2026-08-11T10:24:44.061+02:00","source":{"id":"0","name":"eventBus"}}
{"__type":"$$EventMessageWorkflow","id":"d6dcf303-bb52-4700-be48-ce49b2713079","ts":"2026-08-11T10:24:44.076+02:00","eventName":"n8n.workflow.success","message":"n8n.workflow.success","payload":{"userId":"9c968acf-8060-4d0b-9187-dde49eae5716","executionId":"6","success":true,"isManual":true,"mode":"manual","workflowId":"icMHjYIDJfI6WAq5","workflowName":"traininig_management_workflow","projectId":"VP8sweUdS4KlmzVv","projectName":"demo demo <demo@email.com>"}}
{"__type":"$$EventMessageConfirm","confirm":"d6dcf303-bb52-4700-be48-ce49b2713079","ts":"2026-08-11T10:24:44.077+02:00","source":{"id":"0","name":"eventBus"}}
{"__type":"$$EventMessageAudit","id":"0d4b6669-308f-4a9d-8f5b-6ba879858f7a","ts":"2026-08-11T10:25:07.173+02:00","eventName":"n8n.audit.workflow.updated","message":"n8n.audit.workflow.updated","payload":{"userId":"9c968acf-8060-4d0b-9187-dde49eae5716","_email":"demo@email.com","_firstName":"demo","_lastName":"demo","globalRole":"global:owner","workflowId":"icMHjYIDJfI6WAq5","workflowName":"traininig_management_workflow"}}
{"__type":"$$EventMessageConfirm","confirm":"0d4b6669-308f-4a9d-8f5b-6ba879858f7a","ts":"2026-08-11T10:25:07.173+02:00","source":{"id":"0","name":"eventBus"}}
{"__type":"$$EventMessageAudit","id":"38dd4d29-61c5-492c-b371-41c8fb81e697","ts":"2026-08-11T10:25:17.397+02:00","eventName":"n8n.audit.workflow.updated","message":"n8n.audit.workflow.updated","payload":{"userId":"9c968acf-8060-4d0b-9187-dde49eae5716","_email":"demo@email.com","_firstName":"demo","_lastName":"demo","globalRole":"global:owner","workflowId":"icMHjYIDJfI6WAq5","workflowName":"traininig_management_workflow"}}
{"__type":"$$EventMessageConfirm","confirm":"38dd4d29-61c5-492c-b371-41c8fb81e697","ts":"2026-08-11T10:25:17.398+02:00","source":{"id":"0","name":"eventBus"}}
{"__type":"$$EventMessageAudit","id":"6ee9ef8a-8dfd-48ef-8b35-087789641200","ts":"2026-08-11T10:25:22.218+02:00","eventName":"n8n.audit.workflow.updated","message":"n8n.audit.workflow.updated","payload":{"userId":"9c968acf-8060-4d0b-9187-dde49eae5716","_email":"demo@email.com","_firstName":"demo","_lastName":"demo","globalRole":"global:owner","workflowId":"icMHjYIDJfI6WAq5","workflowName":"traininig_management_workflow"}}
{"__type":"$$EventMessageConfirm","confirm":"6ee9ef8a-8dfd-48ef-8b35-087789641200","ts":"2026-08-11T10:25:22.218+02:00","source":{"id":"0","name":"eventBus"}}
{"__type":"$$EventMessageAudit","id":"94a1f61d-4bce-41fe-9b20-1ffe75128878","ts":"2026-08-11T10:25:29.959+02:00","eventName":"n8n.audit.workflow.updated","message":"n8n.audit.workflow.updated","payload":{"userId":"9c968acf-8060-4d0b-9187-dde49eae5716","_email":"demo@email.com","_firstName":"demo","_lastName":"demo","globalRole":"global:owner","workflowId":"icMHjYIDJfI6WAq5","workflowName":"traininig_management_workflow"}}
{"__type":"$$EventMessageConfirm","confirm":"94a1f61d-4bce-41fe-9b20-1ffe75128878","ts":"2026-08-11T10:25:29.959+02:00","source":{"id":"0","name":"eventBus"}}
{"__type":"$$EventMessageAudit","id":"876bcbed-f4a6-4075-80d7-edf2576bf7ef","ts":"2026-08-11T10:25:39.248+02:00","eventName":"n8n.audit.workflow.updated","message":"n8n.audit.workflow.updated","payload":{"userId":"9c968acf-8060-4d0b-9187-dde49eae5716","_email":"demo@email.com","_firstName":"demo","_lastName":"demo","globalRole":"global:owner","workflowId":"icMHjYIDJfI6WAq5","workflowName":"traininig_management_workflow"}}
{"__type":"$$EventMessageConfirm","confirm":"876bcbed-f4a6-4075-80d7-edf2576bf7ef","ts":"2026-08-11T10:25:39.248+02:00","source":{"id":"0","name":"eventBus"}}
{"__type":"$$EventMessageAudit","id":"a71d364a-2f1b-4cbd-abd6-dfb43f89f7b8","ts":"2026-08-11T10:25:48.141+02:00","eventName":"n8n.audit.workflow.updated","message":"n8n.audit.workflow.updated","payload":{"userId":"9c968acf-8060-4d0b-9187-dde49eae5716","_email":"demo@email.com","_firstName":"demo","_lastName":"demo","globalRole":"global:owner","workflowId":"icMHjYIDJfI6WAq5","workflowName":"traininig_management_workflow"}}
{"__type":"$$EventMessageConfirm","confirm":"a71d364a-2f1b-4cbd-abd6-dfb43f89f7b8","ts":"2026-08-11T10:25:48.142+02:00","source":{"id":"0","name":"eventBus"}}
{"__type":"$$EventMessageAudit","id":"8637142c-5ba1-4e83-b050-0a3cc2b68837","ts":"2026-08-11T10:26:15.729+02:00","eventName":"n8n.audit.workflow.updated","message":"n8n.audit.workflow.updated","payload":{"userId":"9c968acf-8060-4d0b-9187-dde49eae5716","_email":"demo@email.com","_firstName":"demo","_lastName":"demo","globalRole":"global:owner","workflowId":"icMHjYIDJfI6WAq5","workflowName":"traininig_management_workflow"}}
{"__type":"$$EventMessageConfirm","confirm":"8637142c-5ba1-4e83-b050-0a3cc2b68837","ts":"2026-08-11T10:26:15.730+02:00","source":{"id":"0","name":"eventBus"}}
{"__type":"$$EventMessageAudit","id":"9c46ff6c-2cb5-420a-8756-6757f4e8644e","ts":"2026-08-11T10:26:21.039+02:00","eventName":"n8n.audit.workflow.updated","message":"n8n.audit.workflow.updated","payload":{"userId":"9c968acf-8060-4d0b-9187-dde49eae5716","_email":"demo@email.com","_firstName":"demo","_lastName":"demo","globalRole":"global:owner","workflowId":"icMHjYIDJfI6WAq5","workflowName":"traininig_management_workflow"}}
{"__type":"$$EventMessageConfirm","confirm":"9c46ff6c-2cb5-420a-8756-6757f4e8644e","ts":"2026-08-11T10:26:21.039+02:00","source":{"id":"0","name":"eventBus"}}
{"__type":"$$EventMessageAudit","id":"52cf5481-500d-43fb-9c90-adaf881000d7","ts":"2026-08-11T10:26:25.958+02:00","eventName":"n8n.audit.workflow.updated","message":"n8n.audit.workflow.updated","payload":{"userId":"9c968acf-8060-4d0b-9187-dde49eae5716","_email":"demo@email.com","_firstName":"demo","_lastName":"demo","globalRole":"global:owner","workflowId":"icMHjYIDJfI6WAq5","workflowName":"traininig_management_workflow"}}
{"__type":"$$EventMessageConfirm","confirm":"52cf5481-500d-43fb-9c90-adaf881000d7","ts":"2026-08-11T10:26:25.959+02:00","source":{"id":"0","name":"eventBus"}}
{"__type":"$$EventMessageAudit","id":"900aa089-aa98-42e7-b899-2682eca49428","ts":"2026-08-11T10:26:28.842+02:00","eventName":"n8n.audit.workflow.updated","message":"n8n.audit.workflow.updated","payload":{"userId":"9c968acf-8060-4d0b-9187-dde49eae5716","_email":"demo@email.com","_firstName":"demo","_lastName":"demo","globalRole":"global:owner","workflowId":"icMHjYIDJfI6WAq5","workflowName":"traininig_management_workflow"}}
{"__type":"$$EventMessageConfirm","confirm":"900aa089-aa98-42e7-b899-2682eca49428","ts":"2026-08-11T10:26:28.842+02:00","source":{"id":"0","name":"eventBus"}}
{"__type":"$$EventMessageAudit","id":"d9fbc0e0-f2a4-4a7e-9a8f-ca1b4f69765d","ts":"2026-08-11T10:26:34.009+02:00","eventName":"n8n.audit.workflow.updated","message":"n8n.audit.workflow.updated","payload":{"userId":"9c968acf-8060-4d0b-9187-dde49eae5716","_email":"demo@email.com","_firstName":"demo","_lastName":"demo","globalRole":"global:owner","workflowId":"icMHjYIDJfI6WAq5","workflowName":"traininig_management_workflow"}}
{"__type":"$$EventMessageConfirm","confirm":"d9fbc0e0-f2a4-4a7e-9a8f-ca1b4f69765d","ts":"2026-08-11T10:26:34.010+02:00","source":{"id":"0","name":"eventBus"}}
{"__type":"$$EventMessageAudit","id":"6f217991-d855-4244-bcb6-7041daaba21d","ts":"2026-08-11T10:26:51.662+02:00","eventName":"n8n.audit.workflow.updated","message":"n8n.audit.workflow.updated","payload":{"userId":"9c968acf-8060-4d0b-9187-dde49eae5716","_email":"demo@email.com","_firstName":"demo","_lastName":"demo","globalRole":"global:owner","workflowId":"icMHjYIDJfI6WAq5","workflowName":"traininig_management_workflow"}}
{"__type":"$$EventMessageConfirm","confirm":"6f217991-d855-4244-bcb6-7041daaba21d","ts":"2026-08-11T10:26:51.662+02:00","source":{"id":"0","name":"eventBus"}}
{"__type":"$$EventMessageAudit","id":"7b36cdf6-f0b0-4555-8968-daad9a77b3c5","ts":"2026-08-11T10:26:54.435+02:00","eventName":"n8n.audit.workflow.updated","message":"n8n.audit.workflow.updated","payload":{"userId":"9c968acf-8060-4d0b-9187-dde49eae5716","_email":"demo@email.com","_firstName":"demo","_lastName":"demo","globalRole":"global:owner","workflowId":"icMHjYIDJfI6WAq5","workflowName":"traininig_management_workflow"}}
{"__type":"$$EventMessageConfirm","confirm":"7b36cdf6-f0b0-4555-8968-daad9a77b3c5","ts":"2026-08-11T10:26:54.435+02:00","source":{"id":"0","name":"eventBus"}}
{"__type":"$$EventMessageAudit","id":"4f5d0cec-7a2e-4047-92cf-aa746ba1bf3e","ts":"2026-08-11T10:27:32.158+02:00","eventName":"n8n.audit.workflow.updated","message":"n8n.audit.workflow.updated","payload":{"userId":"9c968acf-8060-4d0b-9187-dde49eae5716","_email":"demo@email.com","_firstName":"demo","_lastName":"demo","globalRole":"global:owner","workflowId":"icMHjYIDJfI6WAq5","workflowName":"traininig_management_workflow"}}
{"__type":"$$EventMessageConfirm","confirm":"4f5d0cec-7a2e-4047-92cf-aa746ba1bf3e","ts":"2026-08-11T10:27:32.158+02:00","source":{"id":"0","name":"eventBus"}}
{"__type":"$$EventMessageAudit","id":"a252489b-10db-4365-94ad-23da4f937eaf","ts":"2026-08-11T10:27:38.861+02:00","eventName":"n8n.audit.workflow.updated","message":"n8n.audit.workflow.updated","payload":{"userId":"9c968acf-8060-4d0b-9187-dde49eae5716","_email":"demo@email.com","_firstName":"demo","_lastName":"demo","globalRole":"global:owner","workflowId":"icMHjYIDJfI6WAq5","workflowName":"traininig_management_workflow"}}
{"__type":"$$EventMessageConfirm","confirm":"a252489b-10db-4365-94ad-23da4f937eaf","ts":"2026-08-11T10:27:38.862+02:00","source":{"id":"0","name":"eventBus"}}
{"__type":"$$EventMessageAudit","id":"e036e14b-6ccb-4bec-8168-2e3b7359c061","ts":"2026-08-11T10:27:41.432+02:00","eventName":"n8n.audit.workflow.executed","message":"n8n.audit.workflow.executed","payload":{"userId":"9c968acf-8060-4d0b-9187-dde49eae5716","_email":"demo@email.com","_firstName":"demo","_lastName":"demo","globalRole":"global:owner","workflowId":"icMHjYIDJfI6WAq5","workflowName":"traininig_management_workflow","executionId":"7","projectId":"VP8sweUdS4KlmzVv","projectName":"demo demo <demo@email.com>","source":"user-manual"}}
{"__type":"$$EventMessageConfirm","confirm":"e036e14b-6ccb-4bec-8168-2e3b7359c061","ts":"2026-08-11T10:27:41.432+02:00","source":{"id":"0","name":"eventBus"}}
{"__type":"$$EventMessageWorkflow","id":"af25604e-cd9e-4f9b-b92e-af5445e30b1f","ts":"2026-08-11T10:27:41.433+02:00","eventName":"n8n.workflow.started","message":"n8n.workflow.started","payload":{"executionId":"7","workflowId":"icMHjYIDJfI6WAq5","isManual":false,"mode":"manual","workflowName":"traininig_management_workflow","projectId":"VP8sweUdS4KlmzVv","projectName":"demo demo <demo@email.com>"}}
{"__type":"$$EventMessageConfirm","confirm":"af25604e-cd9e-4f9b-b92e-af5445e30b1f","ts":"2026-08-11T10:27:41.433+02:00","source":{"id":"0","name":"eventBus"}}
{"__type":"$$EventMessageNode","id":"87dadbad-b7f9-44df-b35a-85aa7712ccdd","ts":"2026-08-11T10:27:41.457+02:00","eventName":"n8n.node.started","message":"n8n.node.started","payload":{"workflowId":"icMHjYIDJfI6WAq5","workflowName":"traininig_management_workflow","executionId":"7","nodeType":"n8n-nodes-base.odoo","nodeName":"Update a contact","nodeId":"b98dcd69-fbfa-4f32-aeb7-9aaa54a2dd8b"}}
{"__type":"$$EventMessageConfirm","confirm":"87dadbad-b7f9-44df-b35a-85aa7712ccdd","ts":"2026-08-11T10:27:41.457+02:00","source":{"id":"0","name":"eventBus"}}
{"__type":"$$EventMessageNode","id":"41234f3a-638e-40ef-a30d-c6558c4243ab","ts":"2026-08-11T10:27:45.333+02:00","eventName":"n8n.node.finished","message":"n8n.node.finished","payload":{"workflowId":"icMHjYIDJfI6WAq5","workflowName":"traininig_management_workflow","executionId":"7","nodeType":"n8n-nodes-base.odoo","nodeName":"Update a contact","nodeId":"b98dcd69-fbfa-4f32-aeb7-9aaa54a2dd8b"}}
{"__type":"$$EventMessageConfirm","confirm":"41234f3a-638e-40ef-a30d-c6558c4243ab","ts":"2026-08-11T10:27:45.333+02:00","source":{"id":"0","name":"eventBus"}}
{"__type":"$$EventMessageWorkflow","id":"b2166e33-e186-43c7-86cf-e5eb84d8e581","ts":"2026-08-11T10:27:45.338+02:00","eventName":"n8n.workflow.success","message":"n8n.workflow.success","payload":{"userId":"9c968acf-8060-4d0b-9187-dde49eae5716","executionId":"7","success":true,"isManual":true,"mode":"manual","workflowId":"icMHjYIDJfI6WAq5","workflowName":"traininig_management_workflow","projectId":"VP8sweUdS4KlmzVv","projectName":"demo demo <demo@email.com>"}}
{"__type":"$$EventMessageConfirm","confirm":"b2166e33-e186-43c7-86cf-e5eb84d8e581","ts":"2026-08-11T10:27:45.338+02:00","source":{"id":"0","name":"eventBus"}}
{"__type":"$$EventMessageAudit","id":"9ca845e8-f237-4944-a95d-edb158d253a5","ts":"2026-08-11T10:35:50.428+02:00","eventName":"n8n.audit.workflow.updated","message":"n8n.audit.workflow.updated","payload":{"userId":"9c968acf-8060-4d0b-9187-dde49eae5716","_email":"demo@email.com","_firstName":"demo","_lastName":"demo","globalRole":"global:owner","workflowId":"icMHjYIDJfI6WAq5","workflowName":"traininig_management_workflow"}}
{"__type":"$$EventMessageConfirm","confirm":"9ca845e8-f237-4944-a95d-edb158d253a5","ts":"2026-08-11T10:35:50.428+02:00","source":{"id":"0","name":"eventBus"}}
{"__type":"$$EventMessageAudit","id":"2f4fbc53-ac5c-4246-a804-d43f4168e59b","ts":"2026-08-11T10:36:32.306+02:00","eventName":"n8n.audit.workflow.updated","message":"n8n.audit.workflow.updated","payload":{"userId":"9c968acf-8060-4d0b-9187-dde49eae5716","_email":"demo@email.com","_firstName":"demo","_lastName":"demo","globalRole":"global:owner","workflowId":"icMHjYIDJfI6WAq5","workflowName":"traininig_management_workflow"}}
{"__type":"$$EventMessageConfirm","confirm":"2f4fbc53-ac5c-4246-a804-d43f4168e59b","ts":"2026-08-11T10:36:32.306+02:00","source":{"id":"0","name":"eventBus"}}
{"__type":"$$EventMessageAudit","id":"3d829d27-7e18-417d-aff5-64e974510315","ts":"2026-08-11T10:36:43.967+02:00","eventName":"n8n.audit.workflow.executed","message":"n8n.audit.workflow.executed","payload":{"userId":"9c968acf-8060-4d0b-9187-dde49eae5716","_email":"demo@email.com","_firstName":"demo","_lastName":"demo","globalRole":"global:owner","workflowId":"icMHjYIDJfI6WAq5","workflowName":"traininig_management_workflow","executionId":"8","projectId":"VP8sweUdS4KlmzVv","projectName":"demo demo <demo@email.com>","source":"user-manual"}}
{"__type":"$$EventMessageConfirm","confirm":"3d829d27-7e18-417d-aff5-64e974510315","ts":"2026-08-11T10:36:43.967+02:00","source":{"id":"0","name":"eventBus"}}
{"__type":"$$EventMessageWorkflow","id":"de971c35-52f9-4633-9795-35a800ce221a","ts":"2026-08-11T10:36:43.969+02:00","eventName":"n8n.workflow.started","message":"n8n.workflow.started","payload":{"executionId":"8","workflowId":"icMHjYIDJfI6WAq5","isManual":false,"mode":"manual","workflowName":"traininig_management_workflow","projectId":"VP8sweUdS4KlmzVv","projectName":"demo demo <demo@email.com>"}}
{"__type":"$$EventMessageConfirm","confirm":"de971c35-52f9-4633-9795-35a800ce221a","ts":"2026-08-11T10:36:43.969+02:00","source":{"id":"0","name":"eventBus"}}
{"__type":"$$EventMessageNode","id":"416eba0c-eaa2-4d96-99a5-037d73ac7981","ts":"2026-08-11T10:36:43.993+02:00","eventName":"n8n.node.started","message":"n8n.node.started","payload":{"workflowId":"icMHjYIDJfI6WAq5","workflowName":"traininig_management_workflow","executionId":"8","nodeType":"n8n-nodes-base.odoo","nodeName":"__CUSTOM_API_CALL__ contact","nodeId":"b98dcd69-fbfa-4f32-aeb7-9aaa54a2dd8b"}}
{"__type":"$$EventMessageConfirm","confirm":"416eba0c-eaa2-4d96-99a5-037d73ac7981","ts":"2026-08-11T10:36:43.993+02:00","source":{"id":"0","name":"eventBus"}}
{"__type":"$$EventMessageNode","id":"5c0ed3c8-4223-46d0-b736-613bac5c2ad8","ts":"2026-08-11T10:36:44.010+02:00","eventName":"n8n.node.finished","message":"n8n.node.finished","payload":{"workflowId":"icMHjYIDJfI6WAq5","workflowName":"traininig_management_workflow","executionId":"8","nodeType":"n8n-nodes-base.odoo","nodeName":"__CUSTOM_API_CALL__ contact","nodeId":"b98dcd69-fbfa-4f32-aeb7-9aaa54a2dd8b"}}
{"__type":"$$EventMessageConfirm","confirm":"5c0ed3c8-4223-46d0-b736-613bac5c2ad8","ts":"2026-08-11T10:36:44.011+02:00","source":{"id":"0","name":"eventBus"}}
{"__type":"$$EventMessageWorkflow","id":"45937ed3-613a-46af-9572-135c4ef6d4ac","ts":"2026-08-11T10:36:44.021+02:00","eventName":"n8n.workflow.failed","message":"n8n.workflow.failed","payload":{"userId":"9c968acf-8060-4d0b-9187-dde49eae5716","executionId":"8","success":false,"isManual":true,"mode":"manual","workflowId":"icMHjYIDJfI6WAq5","workflowName":"traininig_management_workflow","projectId":"VP8sweUdS4KlmzVv","projectName":"demo demo <demo@email.com>","lastNodeExecuted":"__CUSTOM_API_CALL__ contact","errorMessage":"Cannot read properties of undefined (reading 'execute')"}}
{"__type":"$$EventMessageConfirm","confirm":"45937ed3-613a-46af-9572-135c4ef6d4ac","ts":"2026-08-11T10:36:44.022+02:00","source":{"id":"0","name":"eventBus"}}
{"__type":"$$EventMessageAudit","id":"cc811181-d84f-4ea8-8735-7639780ea323","ts":"2026-08-11T10:36:54.612+02:00","eventName":"n8n.audit.workflow.updated","message":"n8n.audit.workflow.updated","payload":{"userId":"9c968acf-8060-4d0b-9187-dde49eae5716","_email":"demo@email.com","_firstName":"demo","_lastName":"demo","globalRole":"global:owner","workflowId":"icMHjYIDJfI6WAq5","workflowName":"traininig_management_workflow"}}
{"__type":"$$EventMessageConfirm","confirm":"cc811181-d84f-4ea8-8735-7639780ea323","ts":"2026-08-11T10:36:54.612+02:00","source":{"id":"0","name":"eventBus"}}
{"__type":"$$EventMessageAudit","id":"977411fd-72d1-4290-85b0-f9a0c1acaf9b","ts":"2026-08-11T10:37:02.328+02:00","eventName":"n8n.audit.workflow.updated","message":"n8n.audit.workflow.updated","payload":{"userId":"9c968acf-8060-4d0b-9187-dde49eae5716","_email":"demo@email.com","_firstName":"demo","_lastName":"demo","globalRole":"global:owner","workflowId":"icMHjYIDJfI6WAq5","workflowName":"traininig_management_workflow"}}
{"__type":"$$EventMessageConfirm","confirm":"977411fd-72d1-4290-85b0-f9a0c1acaf9b","ts":"2026-08-11T10:37:02.328+02:00","source":{"id":"0","name":"eventBus"}}
{"__type":"$$EventMessageAudit","id":"91108c02-fbfe-43fa-8d46-d166df30f686","ts":"2026-08-11T10:37:08.024+02:00","eventName":"n8n.audit.workflow.updated","message":"n8n.audit.workflow.updated","payload":{"userId":"9c968acf-8060-4d0b-9187-dde49eae5716","_email":"demo@email.com","_firstName":"demo","_lastName":"demo","globalRole":"global:owner","workflowId":"icMHjYIDJfI6WAq5","workflowName":"traininig_management_workflow"}}
{"__type":"$$EventMessageConfirm","confirm":"91108c02-fbfe-43fa-8d46-d166df30f686","ts":"2026-08-11T10:37:08.024+02:00","source":{"id":"0","name":"eventBus"}}
{"__type":"$$EventMessageAudit","id":"7fe3f3c3-d7b7-45ca-9b20-2428e3b5dc43","ts":"2026-08-11T10:37:22.175+02:00","eventName":"n8n.audit.workflow.updated","message":"n8n.audit.workflow.updated","payload":{"userId":"9c968acf-8060-4d0b-9187-dde49eae5716","_email":"demo@email.com","_firstName":"demo","_lastName":"demo","globalRole":"global:owner","workflowId":"icMHjYIDJfI6WAq5","workflowName":"traininig_management_workflow"}}
{"__type":"$$EventMessageConfirm","confirm":"7fe3f3c3-d7b7-45ca-9b20-2428e3b5dc43","ts":"2026-08-11T10:37:22.175+02:00","source":{"id":"0","name":"eventBus"}}
{"__type":"$$EventMessageAudit","id":"bcd9afa5-c057-4eff-8744-433c6d119c9c","ts":"2026-08-11T10:59:19.017+02:00","eventName":"n8n.audit.workflow.updated","message":"n8n.audit.workflow.updated","payload":{"userId":"9c968acf-8060-4d0b-9187-dde49eae5716","_email":"demo@email.com","_firstName":"demo","_lastName":"demo","globalRole":"global:owner","workflowId":"icMHjYIDJfI6WAq5","workflowName":"traininig_management_workflow"}}
{"__type":"$$EventMessageConfirm","confirm":"bcd9afa5-c057-4eff-8744-433c6d119c9c","ts":"2026-08-11T10:59:19.017+02:00","source":{"id":"0","name":"eventBus"}}
{"__type":"$$EventMessageAudit","id":"1ce6fc6a-09fe-46f1-bf27-20eab1651161","ts":"2026-08-11T10:59:48.960+02:00","eventName":"n8n.audit.workflow.updated","message":"n8n.audit.workflow.updated","payload":{"userId":"9c968acf-8060-4d0b-9187-dde49eae5716","_email":"demo@email.com","_firstName":"demo","_lastName":"demo","globalRole":"global:owner","workflowId":"icMHjYIDJfI6WAq5","workflowName":"traininig_management_workflow"}}
{"__type":"$$EventMessageConfirm","confirm":"1ce6fc6a-09fe-46f1-bf27-20eab1651161","ts":"2026-08-11T10:59:48.961+02:00","source":{"id":"0","name":"eventBus"}}
{"__type":"$$EventMessageAudit","id":"33f338dc-86f8-4b3b-bdd4-5b3fc7ea3458","ts":"2026-08-11T11:00:17.766+02:00","eventName":"n8n.audit.workflow.updated","message":"n8n.audit.workflow.updated","payload":{"userId":"9c968acf-8060-4d0b-9187-dde49eae5716","_email":"demo@email.com","_firstName":"demo","_lastName":"demo","globalRole":"global:owner","workflowId":"icMHjYIDJfI6WAq5","workflowName":"traininig_management_workflow"}}
{"__type":"$$EventMessageConfirm","confirm":"33f338dc-86f8-4b3b-bdd4-5b3fc7ea3458","ts":"2026-08-11T11:00:17.766+02:00","source":{"id":"0","name":"eventBus"}}
{"__type":"$$EventMessageAudit","id":"ecf236b3-457d-4e33-88f1-7d4c68777ac8","ts":"2026-08-11T11:00:58.639+02:00","eventName":"n8n.audit.workflow.updated","message":"n8n.audit.workflow.updated","payload":{"userId":"9c968acf-8060-4d0b-9187-dde49eae5716","_email":"demo@email.com","_firstName":"demo","_lastName":"demo","globalRole":"global:owner","workflowId":"icMHjYIDJfI6WAq5","workflowName":"traininig_management_workflow"}}
{"__type":"$$EventMessageConfirm","confirm":"ecf236b3-457d-4e33-88f1-7d4c68777ac8","ts":"2026-08-11T11:00:58.639+02:00","source":{"id":"0","name":"eventBus"}}
{"__type":"$$EventMessageAudit","id":"7a6bcb9a-c90f-4fdb-8887-1074c77e674d","ts":"2026-08-11T11:04:48.542+02:00","eventName":"n8n.audit.workflow.updated","message":"n8n.audit.workflow.updated","payload":{"userId":"9c968acf-8060-4d0b-9187-dde49eae5716","_email":"demo@email.com","_firstName":"demo","_lastName":"demo","globalRole":"global:owner","workflowId":"icMHjYIDJfI6WAq5","workflowName":"traininig_management_workflow"}}
{"__type":"$$EventMessageConfirm","confirm":"7a6bcb9a-c90f-4fdb-8887-1074c77e674d","ts":"2026-08-11T11:04:48.543+02:00","source":{"id":"0","name":"eventBus"}}
{"__type":"$$EventMessageAudit","id":"aa4e01bc-0e67-4025-8dd7-5eb2bf0315fb","ts":"2026-08-11T11:04:51.318+02:00","eventName":"n8n.audit.workflow.updated","message":"n8n.audit.workflow.updated","payload":{"userId":"9c968acf-8060-4d0b-9187-dde49eae5716","_email":"demo@email.com","_firstName":"demo","_lastName":"demo","globalRole":"global:owner","workflowId":"icMHjYIDJfI6WAq5","workflowName":"traininig_management_workflow"}}
{"__type":"$$EventMessageConfirm","confirm":"aa4e01bc-0e67-4025-8dd7-5eb2bf0315fb","ts":"2026-08-11T11:04:51.319+02:00","source":{"id":"0","name":"eventBus"}}
{"__type":"$$EventMessageAudit","id":"727346fd-f0c7-4f3c-b87b-0968e42fc895","ts":"2026-08-11T11:04:54.688+02:00","eventName":"n8n.audit.workflow.updated","message":"n8n.audit.workflow.updated","payload":{"userId":"9c968acf-8060-4d0b-9187-dde49eae5716","_email":"demo@email.com","_firstName":"demo","_lastName":"demo","globalRole":"global:owner","workflowId":"icMHjYIDJfI6WAq5","workflowName":"traininig_management_workflow"}}
{"__type":"$$EventMessageConfirm","confirm":"727346fd-f0c7-4f3c-b87b-0968e42fc895","ts":"2026-08-11T11:04:54.688+02:00","source":{"id":"0","name":"eventBus"}}
{"__type":"$$EventMessageAudit","id":"34462840-82ea-4bff-a632-b13a47c7cf6c","ts":"2026-08-11T11:17:27.908+02:00","eventName":"n8n.audit.workflow.updated","message":"n8n.audit.workflow.updated","payload":{"userId":"9c968acf-8060-4d0b-9187-dde49eae5716","_email":"demo@email.com","_firstName":"demo","_lastName":"demo","globalRole":"global:owner","workflowId":"icMHjYIDJfI6WAq5","workflowName":"training_management"}}
{"__type":"$$EventMessageConfirm","confirm":"34462840-82ea-4bff-a632-b13a47c7cf6c","ts":"2026-08-11T11:17:27.908+02:00","source":{"id":"0","name":"eventBus"}}
{"__type":"$$EventMessageAudit","id":"40c40f53-c686-40b4-bc65-b760e3792238","ts":"2026-08-11T11:21:18.788+02:00","eventName":"n8n.audit.workflow.updated","message":"n8n.audit.workflow.updated","payload":{"userId":"9c968acf-8060-4d0b-9187-dde49eae5716","_email":"demo@email.com","_firstName":"demo","_lastName":"demo","globalRole":"global:owner","workflowId":"icMHjYIDJfI6WAq5","workflowName":"training_management"}}
{"__type":"$$EventMessageConfirm","confirm":"40c40f53-c686-40b4-bc65-b760e3792238","ts":"2026-08-11T11:21:18.788+02:00","source":{"id":"0","name":"eventBus"}}
{"__type":"$$EventMessageAudit","id":"45cb5b85-a232-4d67-b45b-e8be6c3750fc","ts":"2026-08-11T11:21:39.335+02:00","eventName":"n8n.audit.workflow.updated","message":"n8n.audit.workflow.updated","payload":{"userId":"9c968acf-8060-4d0b-9187-dde49eae5716","_email":"demo@email.com","_firstName":"demo","_lastName":"demo","globalRole":"global:owner","workflowId":"icMHjYIDJfI6WAq5","workflowName":"training_management"}}
{"__type":"$$EventMessageConfirm","confirm":"45cb5b85-a232-4d67-b45b-e8be6c3750fc","ts":"2026-08-11T11:21:39.335+02:00","source":{"id":"0","name":"eventBus"}}
{"__type":"$$EventMessageAudit","id":"3fc899ea-6245-48c1-a76f-0058a32883ce","ts":"2026-08-11T11:21:42.939+02:00","eventName":"n8n.audit.workflow.updated","message":"n8n.audit.workflow.updated","payload":{"userId":"9c968acf-8060-4d0b-9187-dde49eae5716","_email":"demo@email.com","_firstName":"demo","_lastName":"demo","globalRole":"global:owner","workflowId":"icMHjYIDJfI6WAq5","workflowName":"training_management"}}
{"__type":"$$EventMessageConfirm","confirm":"3fc899ea-6245-48c1-a76f-0058a32883ce","ts":"2026-08-11T11:21:42.939+02:00","source":{"id":"0","name":"eventBus"}}
{"__type":"$$EventMessageAudit","id":"768d616f-9c1a-4bb4-ba85-ce1fbaca260d","ts":"2026-08-11T11:21:44.686+02:00","eventName":"n8n.audit.workflow.updated","message":"n8n.audit.workflow.updated","payload":{"userId":"9c968acf-8060-4d0b-9187-dde49eae5716","_email":"demo@email.com","_firstName":"demo","_lastName":"demo","globalRole":"global:owner","workflowId":"icMHjYIDJfI6WAq5","workflowName":"training_management"}}
{"__type":"$$EventMessageConfirm","confirm":"768d616f-9c1a-4bb4-ba85-ce1fbaca260d","ts":"2026-08-11T11:21:44.686+02:00","source":{"id":"0","name":"eventBus"}}
{"__type":"$$EventMessageAudit","id":"3c72a369-1afe-4dad-b64c-ddec8724b034","ts":"2026-08-11T11:22:04.578+02:00","eventName":"n8n.audit.workflow.executed","message":"n8n.audit.workflow.executed","payload":{"userId":"9c968acf-8060-4d0b-9187-dde49eae5716","_email":"demo@email.com","_firstName":"demo","_lastName":"demo","globalRole":"global:owner","workflowId":"icMHjYIDJfI6WAq5","workflowName":"training_management","executionId":"9","projectId":"VP8sweUdS4KlmzVv","projectName":"demo demo <demo@email.com>","source":"user-manual"}}
{"__type":"$$EventMessageConfirm","confirm":"3c72a369-1afe-4dad-b64c-ddec8724b034","ts":"2026-08-11T11:22:04.579+02:00","source":{"id":"0","name":"eventBus"}}
{"__type":"$$EventMessageWorkflow","id":"cca28782-574c-46b5-8ecd-dc33815ff3a7","ts":"2026-08-11T11:22:04.594+02:00","eventName":"n8n.workflow.started","message":"n8n.workflow.started","payload":{"executionId":"9","workflowId":"icMHjYIDJfI6WAq5","isManual":false,"mode":"manual","workflowName":"training_management","projectId":"VP8sweUdS4KlmzVv","projectName":"demo demo <demo@email.com>"}}
{"__type":"$$EventMessageConfirm","confirm":"cca28782-574c-46b5-8ecd-dc33815ff3a7","ts":"2026-08-11T11:22:04.595+02:00","source":{"id":"0","name":"eventBus"}}
{"__type":"$$EventMessageNode","id":"41c22cca-f3d9-498f-820d-10569f87f5fc","ts":"2026-08-11T11:22:04.621+02:00","eventName":"n8n.node.started","message":"n8n.node.started","payload":{"workflowId":"icMHjYIDJfI6WAq5","workflowName":"training_management","executionId":"9","nodeType":"n8n-nodes-base.scheduleTrigger","nodeName":"Schedule Trigger","nodeId":"261bd83c-25ca-496e-b550-43ba053e16be"}}
{"__type":"$$EventMessageConfirm","confirm":"41c22cca-f3d9-498f-820d-10569f87f5fc","ts":"2026-08-11T11:22:04.622+02:00","source":{"id":"0","name":"eventBus"}}
{"__type":"$$EventMessageNode","id":"5082b766-8298-4596-ac10-035620cf1ce9","ts":"2026-08-11T11:22:04.655+02:00","eventName":"n8n.node.finished","message":"n8n.node.finished","payload":{"workflowId":"icMHjYIDJfI6WAq5","workflowName":"training_management","executionId":"9","nodeType":"n8n-nodes-base.scheduleTrigger","nodeName":"Schedule Trigger","nodeId":"261bd83c-25ca-496e-b550-43ba053e16be"}}
{"__type":"$$EventMessageConfirm","confirm":"5082b766-8298-4596-ac10-035620cf1ce9","ts":"2026-08-11T11:22:04.655+02:00","source":{"id":"0","name":"eventBus"}}
{"__type":"$$EventMessageWorkflow","id":"17f95d8c-e6cb-444f-b2c9-46feafe3fc84","ts":"2026-08-11T11:22:04.664+02:00","eventName":"n8n.workflow.success","message":"n8n.workflow.success","payload":{"userId":"9c968acf-8060-4d0b-9187-dde49eae5716","executionId":"9","success":true,"isManual":true,"mode":"manual","workflowId":"icMHjYIDJfI6WAq5","workflowName":"training_management","projectId":"VP8sweUdS4KlmzVv","projectName":"demo demo <demo@email.com>"}}
{"__type":"$$EventMessageConfirm","confirm":"17f95d8c-e6cb-444f-b2c9-46feafe3fc84","ts":"2026-08-11T11:22:04.664+02:00","source":{"id":"0","name":"eventBus"}}
{"__type":"$$EventMessageAudit","id":"015d9719-634f-4130-888f-19262bcabffe","ts":"2026-08-11T11:24:31.795+02:00","eventName":"n8n.audit.workflow.updated","message":"n8n.audit.workflow.updated","payload":{"userId":"9c968acf-8060-4d0b-9187-dde49eae5716","_email":"demo@email.com","_firstName":"demo","_lastName":"demo","globalRole":"global:owner","workflowId":"icMHjYIDJfI6WAq5","workflowName":"training_management"}}
{"__type":"$$EventMessageConfirm","confirm":"015d9719-634f-4130-888f-19262bcabffe","ts":"2026-08-11T11:24:31.795+02:00","source":{"id":"0","name":"eventBus"}}
{"__type":"$$EventMessageAudit","id":"dc818224-87bb-4ee3-a457-699e5bed69f2","ts":"2026-08-11T11:26:20.769+02:00","eventName":"n8n.audit.workflow.executed","message":"n8n.audit.workflow.executed","payload":{"userId":"9c968acf-8060-4d0b-9187-dde49eae5716","_email":"demo@email.com","_firstName":"demo","_lastName":"demo","globalRole":"global:owner","workflowId":"icMHjYIDJfI6WAq5","workflowName":"training_management","executionId":"10","projectId":"VP8sweUdS4KlmzVv","projectName":"demo demo <demo@email.com>","source":"user-manual"}}
{"__type":"$$EventMessageConfirm","confirm":"dc818224-87bb-4ee3-a457-699e5bed69f2","ts":"2026-08-11T11:26:20.770+02:00","source":{"id":"0","name":"eventBus"}}
{"__type":"$$EventMessageWorkflow","id":"f3198dbc-f547-4329-9d60-dea6a1d1fb17","ts":"2026-08-11T11:26:20.771+02:00","eventName":"n8n.workflow.started","message":"n8n.workflow.started","payload":{"executionId":"10","workflowId":"icMHjYIDJfI6WAq5","isManual":false,"mode":"manual","workflowName":"training_management","projectId":"VP8sweUdS4KlmzVv","projectName":"demo demo <demo@email.com>"}}
{"__type":"$$EventMessageConfirm","confirm":"f3198dbc-f547-4329-9d60-dea6a1d1fb17","ts":"2026-08-11T11:26:20.771+02:00","source":{"id":"0","name":"eventBus"}}
{"__type":"$$EventMessageNode","id":"d3559696-d7b4-436b-a498-97adc84c80a6","ts":"2026-08-11T11:26:20.793+02:00","eventName":"n8n.node.started","message":"n8n.node.started","payload":{"workflowId":"icMHjYIDJfI6WAq5","workflowName":"training_management","executionId":"10","nodeType":"n8n-nodes-base.odoo","nodeName":"Get many contacts","nodeId":"11befc11-e629-48d2-afdc-f154541e6e7c"}}
{"__type":"$$EventMessageConfirm","confirm":"d3559696-d7b4-436b-a498-97adc84c80a6","ts":"2026-08-11T11:26:20.794+02:00","source":{"id":"0","name":"eventBus"}}
{"__type":"$$EventMessageNode","id":"05bafefd-25ff-4b8b-8e2c-958f46cca7ac","ts":"2026-08-11T11:26:22.117+02:00","eventName":"n8n.node.finished","message":"n8n.node.finished","payload":{"workflowId":"icMHjYIDJfI6WAq5","workflowName":"training_management","executionId":"10","nodeType":"n8n-nodes-base.odoo","nodeName":"Get many contacts","nodeId":"11befc11-e629-48d2-afdc-f154541e6e7c"}}
{"__type":"$$EventMessageConfirm","confirm":"05bafefd-25ff-4b8b-8e2c-958f46cca7ac","ts":"2026-08-11T11:26:22.117+02:00","source":{"id":"0","name":"eventBus"}}
{"__type":"$$EventMessageWorkflow","id":"9dd0e80d-3466-42bb-922e-9aa25fb33edf","ts":"2026-08-11T11:26:22.142+02:00","eventName":"n8n.workflow.success","message":"n8n.workflow.success","payload":{"userId":"9c968acf-8060-4d0b-9187-dde49eae5716","executionId":"10","success":true,"isManual":true,"mode":"manual","workflowId":"icMHjYIDJfI6WAq5","workflowName":"training_management","projectId":"VP8sweUdS4KlmzVv","projectName":"demo demo <demo@email.com>"}}
{"__type":"$$EventMessageConfirm","confirm":"9dd0e80d-3466-42bb-922e-9aa25fb33edf","ts":"2026-08-11T11:26:22.142+02:00","source":{"id":"0","name":"eventBus"}}
{"__type":"$$EventMessageAudit","id":"f9c7d3d8-22ff-4563-908c-424febe6ef0f","ts":"2026-08-11T11:27:24.972+02:00","eventName":"n8n.audit.workflow.updated","message":"n8n.audit.workflow.updated","payload":{"userId":"9c968acf-8060-4d0b-9187-dde49eae5716","_email":"demo@email.com","_firstName":"demo","_lastName":"demo","globalRole":"global:owner","workflowId":"icMHjYIDJfI6WAq5","workflowName":"training_management"}}
{"__type":"$$EventMessageConfirm","confirm":"f9c7d3d8-22ff-4563-908c-424febe6ef0f","ts":"2026-08-11T11:27:24.972+02:00","source":{"id":"0","name":"eventBus"}}
{"__type":"$$EventMessageAudit","id":"15a3e2aa-2d05-4f16-9b1f-e7aa61078bee","ts":"2026-08-11T11:27:51.125+02:00","eventName":"n8n.audit.workflow.updated","message":"n8n.audit.workflow.updated","payload":{"userId":"9c968acf-8060-4d0b-9187-dde49eae5716","_email":"demo@email.com","_firstName":"demo","_lastName":"demo","globalRole":"global:owner","workflowId":"icMHjYIDJfI6WAq5","workflowName":"training_management"}}
{"__type":"$$EventMessageConfirm","confirm":"15a3e2aa-2d05-4f16-9b1f-e7aa61078bee","ts":"2026-08-11T11:27:51.126+02:00","source":{"id":"0","name":"eventBus"}}
{"__type":"$$EventMessageAudit","id":"4c66065a-0fc7-44b7-91b7-5318ca96b5e0","ts":"2026-08-11T11:27:54.777+02:00","eventName":"n8n.audit.workflow.updated","message":"n8n.audit.workflow.updated","payload":{"userId":"9c968acf-8060-4d0b-9187-dde49eae5716","_email":"demo@email.com","_firstName":"demo","_lastName":"demo","globalRole":"global:owner","workflowId":"icMHjYIDJfI6WAq5","workflowName":"training_management"}}
{"__type":"$$EventMessageConfirm","confirm":"4c66065a-0fc7-44b7-91b7-5318ca96b5e0","ts":"2026-08-11T11:27:54.777+02:00","source":{"id":"0","name":"eventBus"}}
{"__type":"$$EventMessageAudit","id":"415ede10-e80d-4af9-8884-a85122317f42","ts":"2026-08-11T11:27:58.277+02:00","eventName":"n8n.audit.workflow.updated","message":"n8n.audit.workflow.updated","payload":{"userId":"9c968acf-8060-4d0b-9187-dde49eae5716","_email":"demo@email.com","_firstName":"demo","_lastName":"demo","globalRole":"global:owner","workflowId":"icMHjYIDJfI6WAq5","workflowName":"training_management"}}
{"__type":"$$EventMessageConfirm","confirm":"415ede10-e80d-4af9-8884-a85122317f42","ts":"2026-08-11T11:27:58.278+02:00","source":{"id":"0","name":"eventBus"}}
{"__type":"$$EventMessageAudit","id":"4d2fac15-0374-4f55-8bbe-f0c77c40c323","ts":"2026-08-11T11:28:00.744+02:00","eventName":"n8n.audit.workflow.updated","message":"n8n.audit.workflow.updated","payload":{"userId":"9c968acf-8060-4d0b-9187-dde49eae5716","_email":"demo@email.com","_firstName":"demo","_lastName":"demo","globalRole":"global:owner","workflowId":"icMHjYIDJfI6WAq5","workflowName":"training_management"}}
{"__type":"$$EventMessageConfirm","confirm":"4d2fac15-0374-4f55-8bbe-f0c77c40c323","ts":"2026-08-11T11:28:00.744+02:00","source":{"id":"0","name":"eventBus"}}
{"__type":"$$EventMessageAudit","id":"b1a37117-e980-4576-b349-5407aa7aa03d","ts":"2026-08-11T11:28:17.857+02:00","eventName":"n8n.audit.workflow.updated","message":"n8n.audit.workflow.updated","payload":{"userId":"9c968acf-8060-4d0b-9187-dde49eae5716","_email":"demo@email.com","_firstName":"demo","_lastName":"demo","globalRole":"global:owner","workflowId":"icMHjYIDJfI6WAq5","workflowName":"training_management"}}
{"__type":"$$EventMessageConfirm","confirm":"b1a37117-e980-4576-b349-5407aa7aa03d","ts":"2026-08-11T11:28:17.857+02:00","source":{"id":"0","name":"eventBus"}}
{"__type":"$$EventMessageAudit","id":"547327e1-0c28-4271-8684-4ff2f4de1c88","ts":"2026-08-11T11:28:20.617+02:00","eventName":"n8n.audit.workflow.executed","message":"n8n.audit.workflow.executed","payload":{"userId":"9c968acf-8060-4d0b-9187-dde49eae5716","_email":"demo@email.com","_firstName":"demo","_lastName":"demo","globalRole":"global:owner","workflowId":"icMHjYIDJfI6WAq5","workflowName":"training_management","executionId":"11","projectId":"VP8sweUdS4KlmzVv","projectName":"demo demo <demo@email.com>","source":"user-manual"}}
{"__type":"$$EventMessageConfirm","confirm":"547327e1-0c28-4271-8684-4ff2f4de1c88","ts":"2026-08-11T11:28:20.618+02:00","source":{"id":"0","name":"eventBus"}}
{"__type":"$$EventMessageWorkflow","id":"4e4cde91-f464-48fd-9116-20f5bcf0da2e","ts":"2026-08-11T11:28:20.620+02:00","eventName":"n8n.workflow.started","message":"n8n.workflow.started","payload":{"executionId":"11","workflowId":"icMHjYIDJfI6WAq5","isManual":false,"mode":"manual","workflowName":"training_management","projectId":"VP8sweUdS4KlmzVv","projectName":"demo demo <demo@email.com>"}}
{"__type":"$$EventMessageConfirm","confirm":"4e4cde91-f464-48fd-9116-20f5bcf0da2e","ts":"2026-08-11T11:28:20.620+02:00","source":{"id":"0","name":"eventBus"}}
{"__type":"$$EventMessageNode","id":"75838060-f19c-4045-ad60-429ba8460dd2","ts":"2026-08-11T11:28:20.643+02:00","eventName":"n8n.node.started","message":"n8n.node.started","payload":{"workflowId":"icMHjYIDJfI6WAq5","workflowName":"training_management","executionId":"11","nodeType":"n8n-nodes-base.odoo","nodeName":"Get many contacts","nodeId":"11befc11-e629-48d2-afdc-f154541e6e7c"}}
{"__type":"$$EventMessageConfirm","confirm":"75838060-f19c-4045-ad60-429ba8460dd2","ts":"2026-08-11T11:28:20.644+02:00","source":{"id":"0","name":"eventBus"}}
{"__type":"$$EventMessageNode","id":"16a4c2d9-bcab-46d7-8b1a-91b0bb81fc3b","ts":"2026-08-11T11:28:21.606+02:00","eventName":"n8n.node.finished","message":"n8n.node.finished","payload":{"workflowId":"icMHjYIDJfI6WAq5","workflowName":"training_management","executionId":"11","nodeType":"n8n-nodes-base.odoo","nodeName":"Get many contacts","nodeId":"11befc11-e629-48d2-afdc-f154541e6e7c"}}
{"__type":"$$EventMessageConfirm","confirm":"16a4c2d9-bcab-46d7-8b1a-91b0bb81fc3b","ts":"2026-08-11T11:28:21.608+02:00","source":{"id":"0","name":"eventBus"}}
{"__type":"$$EventMessageWorkflow","id":"0f6f501c-ffe0-4fe7-8d3a-5f6fa9323d5e","ts":"2026-08-11T11:28:21.630+02:00","eventName":"n8n.workflow.success","message":"n8n.workflow.success","payload":{"userId":"9c968acf-8060-4d0b-9187-dde49eae5716","executionId":"11","success":true,"isManual":true,"mode":"manual","workflowId":"icMHjYIDJfI6WAq5","workflowName":"training_management","projectId":"VP8sweUdS4KlmzVv","projectName":"demo demo <demo@email.com>"}}
{"__type":"$$EventMessageConfirm","confirm":"0f6f501c-ffe0-4fe7-8d3a-5f6fa9323d5e","ts":"2026-08-11T11:28:21.630+02:00","source":{"id":"0","name":"eventBus"}}
{"__type":"$$EventMessageAudit","id":"ff43b771-8645-432f-8746-104a3838c887","ts":"2026-08-11T11:28:55.308+02:00","eventName":"n8n.audit.workflow.updated","message":"n8n.audit.workflow.updated","payload":{"userId":"9c968acf-8060-4d0b-9187-dde49eae5716","_email":"demo@email.com","_firstName":"demo","_lastName":"demo","globalRole":"global:owner","workflowId":"icMHjYIDJfI6WAq5","workflowName":"training_management"}}
{"__type":"$$EventMessageConfirm","confirm":"ff43b771-8645-432f-8746-104a3838c887","ts":"2026-08-11T11:28:55.308+02:00","source":{"id":"0","name":"eventBus"}}
{"__type":"$$EventMessageAudit","id":"a28a9b06-8520-4325-ac87-efe075720961","ts":"2026-08-11T11:29:44.618+02:00","eventName":"n8n.audit.workflow.updated","message":"n8n.audit.workflow.updated","payload":{"userId":"9c968acf-8060-4d0b-9187-dde49eae5716","_email":"demo@email.com","_firstName":"demo","_lastName":"demo","globalRole":"global:owner","workflowId":"icMHjYIDJfI6WAq5","workflowName":"training_management"}}
{"__type":"$$EventMessageConfirm","confirm":"a28a9b06-8520-4325-ac87-efe075720961","ts":"2026-08-11T11:29:44.619+02:00","source":{"id":"0","name":"eventBus"}}
{"__type":"$$EventMessageAudit","id":"c0254e16-24ed-40fc-9dc5-c9ba1171d2b9","ts":"2026-08-11T11:29:47.947+02:00","eventName":"n8n.audit.workflow.updated","message":"n8n.audit.workflow.updated","payload":{"userId":"9c968acf-8060-4d0b-9187-dde49eae5716","_email":"demo@email.com","_firstName":"demo","_lastName":"demo","globalRole":"global:owner","workflowId":"icMHjYIDJfI6WAq5","workflowName":"training_management"}}
{"__type":"$$EventMessageConfirm","confirm":"c0254e16-24ed-40fc-9dc5-c9ba1171d2b9","ts":"2026-08-11T11:29:47.948+02:00","source":{"id":"0","name":"eventBus"}}
{"__type":"$$EventMessageAudit","id":"e19347c7-d429-46b9-8329-6d4db149848d","ts":"2026-08-11T11:29:51.326+02:00","eventName":"n8n.audit.workflow.updated","message":"n8n.audit.workflow.updated","payload":{"userId":"9c968acf-8060-4d0b-9187-dde49eae5716","_email":"demo@email.com","_firstName":"demo","_lastName":"demo","globalRole":"global:owner","workflowId":"icMHjYIDJfI6WAq5","workflowName":"training_management"}}
{"__type":"$$EventMessageConfirm","confirm":"e19347c7-d429-46b9-8329-6d4db149848d","ts":"2026-08-11T11:29:51.326+02:00","source":{"id":"0","name":"eventBus"}}
{"__type":"$$EventMessageAudit","id":"a5f348fa-1281-4596-a9e5-933bf1310deb","ts":"2026-08-11T11:29:52.916+02:00","eventName":"n8n.audit.workflow.updated","message":"n8n.audit.workflow.updated","payload":{"userId":"9c968acf-8060-4d0b-9187-dde49eae5716","_email":"demo@email.com","_firstName":"demo","_lastName":"demo","globalRole":"global:owner","workflowId":"icMHjYIDJfI6WAq5","workflowName":"training_management"}}
{"__type":"$$EventMessageConfirm","confirm":"a5f348fa-1281-4596-a9e5-933bf1310deb","ts":"2026-08-11T11:29:52.916+02:00","source":{"id":"0","name":"eventBus"}}
{"__type":"$$EventMessageAudit","id":"f2e4b3e3-d7a7-457b-bb9d-9742d2641e7d","ts":"2026-08-11T11:29:55.528+02:00","eventName":"n8n.audit.workflow.updated","message":"n8n.audit.workflow.updated","payload":{"userId":"9c968acf-8060-4d0b-9187-dde49eae5716","_email":"demo@email.com","_firstName":"demo","_lastName":"demo","globalRole":"global:owner","workflowId":"icMHjYIDJfI6WAq5","workflowName":"training_management"}}
{"__type":"$$EventMessageConfirm","confirm":"f2e4b3e3-d7a7-457b-bb9d-9742d2641e7d","ts":"2026-08-11T11:29:55.528+02:00","source":{"id":"0","name":"eventBus"}}
{"__type":"$$EventMessageAudit","id":"604e4898-ad1e-4ebc-ad01-90a69c53c37b","ts":"2026-08-11T11:30:01.649+02:00","eventName":"n8n.audit.workflow.updated","message":"n8n.audit.workflow.updated","payload":{"userId":"9c968acf-8060-4d0b-9187-dde49eae5716","_email":"demo@email.com","_firstName":"demo","_lastName":"demo","globalRole":"global:owner","workflowId":"icMHjYIDJfI6WAq5","workflowName":"training_management"}}
{"__type":"$$EventMessageConfirm","confirm":"604e4898-ad1e-4ebc-ad01-90a69c53c37b","ts":"2026-08-11T11:30:01.649+02:00","source":{"id":"0","name":"eventBus"}}
{"__type":"$$EventMessageAudit","id":"c0d9347b-e345-43c5-a420-17e6293d7fa4","ts":"2026-08-11T11:30:15.393+02:00","eventName":"n8n.audit.workflow.updated","message":"n8n.audit.workflow.updated","payload":{"userId":"9c968acf-8060-4d0b-9187-dde49eae5716","_email":"demo@email.com","_firstName":"demo","_lastName":"demo","globalRole":"global:owner","workflowId":"icMHjYIDJfI6WAq5","workflowName":"training_management"}}
{"__type":"$$EventMessageConfirm","confirm":"c0d9347b-e345-43c5-a420-17e6293d7fa4","ts":"2026-08-11T11:30:15.393+02:00","source":{"id":"0","name":"eventBus"}}
{"__type":"$$EventMessageAudit","id":"7a3e4739-8f2e-46d7-9a2c-429f84e3da43","ts":"2026-08-11T11:30:33.857+02:00","eventName":"n8n.audit.workflow.updated","message":"n8n.audit.workflow.updated","payload":{"userId":"9c968acf-8060-4d0b-9187-dde49eae5716","_email":"demo@email.com","_firstName":"demo","_lastName":"demo","globalRole":"global:owner","workflowId":"icMHjYIDJfI6WAq5","workflowName":"training_management"}}
{"__type":"$$EventMessageConfirm","confirm":"7a3e4739-8f2e-46d7-9a2c-429f84e3da43","ts":"2026-08-11T11:30:33.857+02:00","source":{"id":"0","name":"eventBus"}}
{"__type":"$$EventMessageAudit","id":"45bcd3c7-4fb6-4062-a3c2-fa82d4b3425d","ts":"2026-08-11T11:30:45.725+02:00","eventName":"n8n.audit.workflow.updated","message":"n8n.audit.workflow.updated","payload":{"userId":"9c968acf-8060-4d0b-9187-dde49eae5716","_email":"demo@email.com","_firstName":"demo","_lastName":"demo","globalRole":"global:owner","workflowId":"icMHjYIDJfI6WAq5","workflowName":"training_management"}}
{"__type":"$$EventMessageConfirm","confirm":"45bcd3c7-4fb6-4062-a3c2-fa82d4b3425d","ts":"2026-08-11T11:30:45.725+02:00","source":{"id":"0","name":"eventBus"}}
{"__type":"$$EventMessageAudit","id":"6901f8e4-7ea7-4544-a787-6bef94ffdcd3","ts":"2026-08-11T11:30:51.592+02:00","eventName":"n8n.audit.workflow.updated","message":"n8n.audit.workflow.updated","payload":{"userId":"9c968acf-8060-4d0b-9187-dde49eae5716","_email":"demo@email.com","_firstName":"demo","_lastName":"demo","globalRole":"global:owner","workflowId":"icMHjYIDJfI6WAq5","workflowName":"training_management"}}
{"__type":"$$EventMessageConfirm","confirm":"6901f8e4-7ea7-4544-a787-6bef94ffdcd3","ts":"2026-08-11T11:30:51.592+02:00","source":{"id":"0","name":"eventBus"}}
{"__type":"$$EventMessageAudit","id":"7a616630-1e18-474c-aa0e-f930a9126b8f","ts":"2026-08-11T11:30:58.516+02:00","eventName":"n8n.audit.workflow.updated","message":"n8n.audit.workflow.updated","payload":{"userId":"9c968acf-8060-4d0b-9187-dde49eae5716","_email":"demo@email.com","_firstName":"demo","_lastName":"demo","globalRole":"global:owner","workflowId":"icMHjYIDJfI6WAq5","workflowName":"training_management"}}
{"__type":"$$EventMessageConfirm","confirm":"7a616630-1e18-474c-aa0e-f930a9126b8f","ts":"2026-08-11T11:30:58.516+02:00","source":{"id":"0","name":"eventBus"}}
{"__type":"$$EventMessageAudit","id":"e8afd25b-e640-4a43-9e8b-fa53938c7d16","ts":"2026-08-11T11:31:23.287+02:00","eventName":"n8n.audit.workflow.updated","message":"n8n.audit.workflow.updated","payload":{"userId":"9c968acf-8060-4d0b-9187-dde49eae5716","_email":"demo@email.com","_firstName":"demo","_lastName":"demo","globalRole":"global:owner","workflowId":"icMHjYIDJfI6WAq5","workflowName":"training_management"}}
{"__type":"$$EventMessageConfirm","confirm":"e8afd25b-e640-4a43-9e8b-fa53938c7d16","ts":"2026-08-11T11:31:23.287+02:00","source":{"id":"0","name":"eventBus"}}
{"__type":"$$EventMessageAudit","id":"8c7908bb-79c5-45c3-943b-27c0bbeb8b75","ts":"2026-08-11T11:31:35.305+02:00","eventName":"n8n.audit.workflow.updated","message":"n8n.audit.workflow.updated","payload":{"userId":"9c968acf-8060-4d0b-9187-dde49eae5716","_email":"demo@email.com","_firstName":"demo","_lastName":"demo","globalRole":"global:owner","workflowId":"icMHjYIDJfI6WAq5","workflowName":"training_management"}}
{"__type":"$$EventMessageConfirm","confirm":"8c7908bb-79c5-45c3-943b-27c0bbeb8b75","ts":"2026-08-11T11:31:35.305+02:00","source":{"id":"0","name":"eventBus"}}
{"__type":"$$EventMessageAudit","id":"6f14f9f3-92a5-418f-8843-e8cf87c11ceb","ts":"2026-08-11T11:31:41.371+02:00","eventName":"n8n.audit.workflow.updated","message":"n8n.audit.workflow.updated","payload":{"userId":"9c968acf-8060-4d0b-9187-dde49eae5716","_email":"demo@email.com","_firstName":"demo","_lastName":"demo","globalRole":"global:owner","workflowId":"icMHjYIDJfI6WAq5","workflowName":"training_management"}}
{"__type":"$$EventMessageConfirm","confirm":"6f14f9f3-92a5-418f-8843-e8cf87c11ceb","ts":"2026-08-11T11:31:41.372+02:00","source":{"id":"0","name":"eventBus"}}
{"__type":"$$EventMessageAudit","id":"79ff3d80-f9d3-4afb-ab70-40c55c101b84","ts":"2026-08-11T11:31:46.220+02:00","eventName":"n8n.audit.workflow.updated","message":"n8n.audit.workflow.updated","payload":{"userId":"9c968acf-8060-4d0b-9187-dde49eae5716","_email":"demo@email.com","_firstName":"demo","_lastName":"demo","globalRole":"global:owner","workflowId":"icMHjYIDJfI6WAq5","workflowName":"training_management"}}
{"__type":"$$EventMessageConfirm","confirm":"79ff3d80-f9d3-4afb-ab70-40c55c101b84","ts":"2026-08-11T11:31:46.221+02:00","source":{"id":"0","name":"eventBus"}}
{"__type":"$$EventMessageAudit","id":"08f761d1-d4c0-4f2a-99aa-1f542bfb3c4c","ts":"2026-08-11T11:31:48.129+02:00","eventName":"n8n.audit.workflow.updated","message":"n8n.audit.workflow.updated","payload":{"userId":"9c968acf-8060-4d0b-9187-dde49eae5716","_email":"demo@email.com","_firstName":"demo","_lastName":"demo","globalRole":"global:owner","workflowId":"icMHjYIDJfI6WAq5","workflowName":"training_management"}}
{"__type":"$$EventMessageConfirm","confirm":"08f761d1-d4c0-4f2a-99aa-1f542bfb3c4c","ts":"2026-08-11T11:31:48.129+02:00","source":{"id":"0","name":"eventBus"}}
{"__type":"$$EventMessageAudit","id":"331b51fc-6a7d-4e89-80ec-99f259cabdae","ts":"2026-08-11T11:32:19.581+02:00","eventName":"n8n.audit.workflow.updated","message":"n8n.audit.workflow.updated","payload":{"userId":"9c968acf-8060-4d0b-9187-dde49eae5716","_email":"demo@email.com","_firstName":"demo","_lastName":"demo","globalRole":"global:owner","workflowId":"icMHjYIDJfI6WAq5","workflowName":"training_management"}}
{"__type":"$$EventMessageConfirm","confirm":"331b51fc-6a7d-4e89-80ec-99f259cabdae","ts":"2026-08-11T11:32:19.581+02:00","source":{"id":"0","name":"eventBus"}}
{"__type":"$$EventMessageAudit","id":"ce9444c1-0d45-4693-aa6e-41c8db236a72","ts":"2026-08-11T11:32:30.616+02:00","eventName":"n8n.audit.workflow.updated","message":"n8n.audit.workflow.updated","payload":{"userId":"9c968acf-8060-4d0b-9187-dde49eae5716","_email":"demo@email.com","_firstName":"demo","_lastName":"demo","globalRole":"global:owner","workflowId":"icMHjYIDJfI6WAq5","workflowName":"training_management"}}
{"__type":"$$EventMessageConfirm","confirm":"ce9444c1-0d45-4693-aa6e-41c8db236a72","ts":"2026-08-11T11:32:30.616+02:00","source":{"id":"0","name":"eventBus"}}
{"__type":"$$EventMessageAudit","id":"46c11f03-4bac-4c0c-b6ce-6c8a29036366","ts":"2026-08-11T11:32:35.743+02:00","eventName":"n8n.audit.workflow.executed","message":"n8n.audit.workflow.executed","payload":{"userId":"9c968acf-8060-4d0b-9187-dde49eae5716","_email":"demo@email.com","_firstName":"demo","_lastName":"demo","globalRole":"global:owner","workflowId":"icMHjYIDJfI6WAq5","workflowName":"training_management","executionId":"12","projectId":"VP8sweUdS4KlmzVv","projectName":"demo demo <demo@email.com>","source":"user-manual"}}
{"__type":"$$EventMessageConfirm","confirm":"46c11f03-4bac-4c0c-b6ce-6c8a29036366","ts":"2026-08-11T11:32:35.744+02:00","source":{"id":"0","name":"eventBus"}}
{"__type":"$$EventMessageWorkflow","id":"5bb03a83-6266-43cd-bedc-2ad09cf85967","ts":"2026-08-11T11:32:35.745+02:00","eventName":"n8n.workflow.started","message":"n8n.workflow.started","payload":{"executionId":"12","workflowId":"icMHjYIDJfI6WAq5","isManual":false,"mode":"manual","workflowName":"training_management","projectId":"VP8sweUdS4KlmzVv","projectName":"demo demo <demo@email.com>"}}
{"__type":"$$EventMessageConfirm","confirm":"5bb03a83-6266-43cd-bedc-2ad09cf85967","ts":"2026-08-11T11:32:35.746+02:00","source":{"id":"0","name":"eventBus"}}
{"__type":"$$EventMessageNode","id":"3ffebd6e-dd68-43fe-b992-f91411a7a693","ts":"2026-08-11T11:32:35.783+02:00","eventName":"n8n.node.started","message":"n8n.node.started","payload":{"workflowId":"icMHjYIDJfI6WAq5","workflowName":"training_management","executionId":"12","nodeType":"n8n-nodes-base.odoo","nodeName":"Update a contact","nodeId":"7c9e094e-10a3-497a-b92e-a12cf99b724a"}}
{"__type":"$$EventMessageConfirm","confirm":"3ffebd6e-dd68-43fe-b992-f91411a7a693","ts":"2026-08-11T11:32:35.784+02:00","source":{"id":"0","name":"eventBus"}}
{"__type":"$$EventMessageNode","id":"60579f19-0a21-4d73-82d8-5b0362b97d83","ts":"2026-08-11T11:32:41.000+02:00","eventName":"n8n.node.finished","message":"n8n.node.finished","payload":{"workflowId":"icMHjYIDJfI6WAq5","workflowName":"training_management","executionId":"12","nodeType":"n8n-nodes-base.odoo","nodeName":"Update a contact","nodeId":"7c9e094e-10a3-497a-b92e-a12cf99b724a"}}
{"__type":"$$EventMessageConfirm","confirm":"60579f19-0a21-4d73-82d8-5b0362b97d83","ts":"2026-08-11T11:32:41.000+02:00","source":{"id":"0","name":"eventBus"}}
{"__type":"$$EventMessageWorkflow","id":"c3bd6268-25f0-4fba-8916-721c02c7c2d6","ts":"2026-08-11T11:32:41.007+02:00","eventName":"n8n.workflow.success","message":"n8n.workflow.success","payload":{"userId":"9c968acf-8060-4d0b-9187-dde49eae5716","executionId":"12","success":true,"isManual":true,"mode":"manual","workflowId":"icMHjYIDJfI6WAq5","workflowName":"training_management","projectId":"VP8sweUdS4KlmzVv","projectName":"demo demo <demo@email.com>"}}
{"__type":"$$EventMessageConfirm","confirm":"c3bd6268-25f0-4fba-8916-721c02c7c2d6","ts":"2026-08-11T11:32:41.008+02:00","source":{"id":"0","name":"eventBus"}}
{"__type":"$$EventMessageAudit","id":"1ede0ebc-881d-4d37-bd68-be2a474071af","ts":"2026-08-11T11:34:08.603+02:00","eventName":"n8n.audit.workflow.updated","message":"n8n.audit.workflow.updated","payload":{"userId":"9c968acf-8060-4d0b-9187-dde49eae5716","_email":"demo@email.com","_firstName":"demo","_lastName":"demo","globalRole":"global:owner","workflowId":"icMHjYIDJfI6WAq5","workflowName":"training_management"}}
{"__type":"$$EventMessageConfirm","confirm":"1ede0ebc-881d-4d37-bd68-be2a474071af","ts":"2026-08-11T11:34:08.603+02:00","source":{"id":"0","name":"eventBus"}}
{"__type":"$$EventMessageAudit","id":"bbfad63d-e41e-473a-a0e8-449ac3196c79","ts":"2026-08-11T11:34:13.850+02:00","eventName":"n8n.audit.workflow.updated","message":"n8n.audit.workflow.updated","payload":{"userId":"9c968acf-8060-4d0b-9187-dde49eae5716","_email":"demo@email.com","_firstName":"demo","_lastName":"demo","globalRole":"global:owner","workflowId":"icMHjYIDJfI6WAq5","workflowName":"training_management"}}
{"__type":"$$EventMessageConfirm","confirm":"bbfad63d-e41e-473a-a0e8-449ac3196c79","ts":"2026-08-11T11:34:13.850+02:00","source":{"id":"0","name":"eventBus"}}
{"__type":"$$EventMessageAudit","id":"3176349f-7b62-4c05-934c-2dc4cb5a41c8","ts":"2026-08-11T11:36:38.973+02:00","eventName":"n8n.audit.workflow.updated","message":"n8n.audit.workflow.updated","payload":{"userId":"9c968acf-8060-4d0b-9187-dde49eae5716","_email":"demo@email.com","_firstName":"demo","_lastName":"demo","globalRole":"global:owner","workflowId":"icMHjYIDJfI6WAq5","workflowName":"training_management"}}
{"__type":"$$EventMessageConfirm","confirm":"3176349f-7b62-4c05-934c-2dc4cb5a41c8","ts":"2026-08-11T11:36:38.973+02:00","source":{"id":"0","name":"eventBus"}}
{"__type":"$$EventMessageAudit","id":"27e49a73-d083-42f7-9e60-1b4fac1893b5","ts":"2026-08-11T11:36:42.314+02:00","eventName":"n8n.audit.workflow.updated","message":"n8n.audit.workflow.updated","payload":{"userId":"9c968acf-8060-4d0b-9187-dde49eae5716","_email":"demo@email.com","_firstName":"demo","_lastName":"demo","globalRole":"global:owner","workflowId":"icMHjYIDJfI6WAq5","workflowName":"training_management"}}
{"__type":"$$EventMessageConfirm","confirm":"27e49a73-d083-42f7-9e60-1b4fac1893b5","ts":"2026-08-11T11:36:42.315+02:00","source":{"id":"0","name":"eventBus"}}
{"__type":"$$EventMessageAudit","id":"78fa2481-acfe-44de-bd7b-4dceceefdeb6","ts":"2026-08-11T11:36:58.489+02:00","eventName":"n8n.audit.workflow.updated","message":"n8n.audit.workflow.updated","payload":{"userId":"9c968acf-8060-4d0b-9187-dde49eae5716","_email":"demo@email.com","_firstName":"demo","_lastName":"demo","globalRole":"global:owner","workflowId":"icMHjYIDJfI6WAq5","workflowName":"training_management"}}
{"__type":"$$EventMessageConfirm","confirm":"78fa2481-acfe-44de-bd7b-4dceceefdeb6","ts":"2026-08-11T11:36:58.489+02:00","source":{"id":"0","name":"eventBus"}}
{"__type":"$$EventMessageAudit","id":"cc90680e-b9e6-4a9a-850b-8801a4fecd61","ts":"2026-08-11T11:37:13.732+02:00","eventName":"n8n.audit.workflow.updated","message":"n8n.audit.workflow.updated","payload":{"userId":"9c968acf-8060-4d0b-9187-dde49eae5716","_email":"demo@email.com","_firstName":"demo","_lastName":"demo","globalRole":"global:owner","workflowId":"icMHjYIDJfI6WAq5","workflowName":"training_management"}}
{"__type":"$$EventMessageConfirm","confirm":"cc90680e-b9e6-4a9a-850b-8801a4fecd61","ts":"2026-08-11T11:37:13.732+02:00","source":{"id":"0","name":"eventBus"}}
{"__type":"$$EventMessageAudit","id":"403da7e8-a396-49ef-9da2-89b2869fb1e1","ts":"2026-08-11T11:37:29.064+02:00","eventName":"n8n.audit.workflow.updated","message":"n8n.audit.workflow.updated","payload":{"userId":"9c968acf-8060-4d0b-9187-dde49eae5716","_email":"demo@email.com","_firstName":"demo","_lastName":"demo","globalRole":"global:owner","workflowId":"icMHjYIDJfI6WAq5","workflowName":"training_management"}}
{"__type":"$$EventMessageConfirm","confirm":"403da7e8-a396-49ef-9da2-89b2869fb1e1","ts":"2026-08-11T11:37:29.064+02:00","source":{"id":"0","name":"eventBus"}}
{"__type":"$$EventMessageAudit","id":"0804106b-2aeb-4110-ac7e-7ea60237033f","ts":"2026-08-11T11:37:36.624+02:00","eventName":"n8n.audit.workflow.updated","message":"n8n.audit.workflow.updated","payload":{"userId":"9c968acf-8060-4d0b-9187-dde49eae5716","_email":"demo@email.com","_firstName":"demo","_lastName":"demo","globalRole":"global:owner","workflowId":"icMHjYIDJfI6WAq5","workflowName":"training_management"}}
{"__type":"$$EventMessageConfirm","confirm":"0804106b-2aeb-4110-ac7e-7ea60237033f","ts":"2026-08-11T11:37:36.624+02:00","source":{"id":"0","name":"eventBus"}}
{"__type":"$$EventMessageAudit","id":"ba6d6a3f-bdf1-492f-b0bc-26cefd92158e","ts":"2026-08-11T11:37:46.618+02:00","eventName":"n8n.audit.workflow.updated","message":"n8n.audit.workflow.updated","payload":{"userId":"9c968acf-8060-4d0b-9187-dde49eae5716","_email":"demo@email.com","_firstName":"demo","_lastName":"demo","globalRole":"global:owner","workflowId":"icMHjYIDJfI6WAq5","workflowName":"training_management"}}
{"__type":"$$EventMessageConfirm","confirm":"ba6d6a3f-bdf1-492f-b0bc-26cefd92158e","ts":"2026-08-11T11:37:46.619+02:00","source":{"id":"0","name":"eventBus"}}
{"__type":"$$EventMessageAudit","id":"9f432d01-6c15-4ffa-a7ed-fda469c78a34","ts":"2026-08-11T11:37:49.327+02:00","eventName":"n8n.audit.workflow.updated","message":"n8n.audit.workflow.updated","payload":{"userId":"9c968acf-8060-4d0b-9187-dde49eae5716","_email":"demo@email.com","_firstName":"demo","_lastName":"demo","globalRole":"global:owner","workflowId":"icMHjYIDJfI6WAq5","workflowName":"training_management"}}
{"__type":"$$EventMessageConfirm","confirm":"9f432d01-6c15-4ffa-a7ed-fda469c78a34","ts":"2026-08-11T11:37:49.327+02:00","source":{"id":"0","name":"eventBus"}}
{"__type":"$$EventMessageAudit","id":"baaba81a-5030-4364-a6a9-3bbba8f2e560","ts":"2026-08-11T11:37:54.302+02:00","eventName":"n8n.audit.workflow.updated","message":"n8n.audit.workflow.updated","payload":{"userId":"9c968acf-8060-4d0b-9187-dde49eae5716","_email":"demo@email.com","_firstName":"demo","_lastName":"demo","globalRole":"global:owner","workflowId":"icMHjYIDJfI6WAq5","workflowName":"training_management"}}
{"__type":"$$EventMessageConfirm","confirm":"baaba81a-5030-4364-a6a9-3bbba8f2e560","ts":"2026-08-11T11:37:54.302+02:00","source":{"id":"0","name":"eventBus"}}
{"__type":"$$EventMessageAudit","id":"08ae2b1d-7ec6-4a8f-87df-953e6da93436","ts":"2026-08-11T11:37:56.369+02:00","eventName":"n8n.audit.workflow.updated","message":"n8n.audit.workflow.updated","payload":{"userId":"9c968acf-8060-4d0b-9187-dde49eae5716","_email":"demo@email.com","_firstName":"demo","_lastName":"demo","globalRole":"global:owner","workflowId":"icMHjYIDJfI6WAq5","workflowName":"training_management"}}
{"__type":"$$EventMessageConfirm","confirm":"08ae2b1d-7ec6-4a8f-87df-953e6da93436","ts":"2026-08-11T11:37:56.370+02:00","source":{"id":"0","name":"eventBus"}}
{"__type":"$$EventMessageAudit","id":"dc19c605-a209-46c5-9b38-7d10bb6d0a3b","ts":"2026-08-11T11:37:59.084+02:00","eventName":"n8n.audit.workflow.updated","message":"n8n.audit.workflow.updated","payload":{"userId":"9c968acf-8060-4d0b-9187-dde49eae5716","_email":"demo@email.com","_firstName":"demo","_lastName":"demo","globalRole":"global:owner","workflowId":"icMHjYIDJfI6WAq5","workflowName":"training_management"}}
{"__type":"$$EventMessageConfirm","confirm":"dc19c605-a209-46c5-9b38-7d10bb6d0a3b","ts":"2026-08-11T11:37:59.084+02:00","source":{"id":"0","name":"eventBus"}}
{"__type":"$$EventMessageAudit","id":"aefe3085-7ca2-4290-aca2-bc021cce0d96","ts":"2026-08-11T11:38:04.510+02:00","eventName":"n8n.audit.workflow.updated","message":"n8n.audit.workflow.updated","payload":{"userId":"9c968acf-8060-4d0b-9187-dde49eae5716","_email":"demo@email.com","_firstName":"demo","_lastName":"demo","globalRole":"global:owner","workflowId":"icMHjYIDJfI6WAq5","workflowName":"training_management"}}
{"__type":"$$EventMessageConfirm","confirm":"aefe3085-7ca2-4290-aca2-bc021cce0d96","ts":"2026-08-11T11:38:04.510+02:00","source":{"id":"0","name":"eventBus"}}
{"__type":"$$EventMessageAudit","id":"97e99d0a-dff7-4b27-b0ed-e78ccdd1afa6","ts":"2026-08-11T11:38:18.225+02:00","eventName":"n8n.audit.workflow.updated","message":"n8n.audit.workflow.updated","payload":{"userId":"9c968acf-8060-4d0b-9187-dde49eae5716","_email":"demo@email.com","_firstName":"demo","_lastName":"demo","globalRole":"global:owner","workflowId":"icMHjYIDJfI6WAq5","workflowName":"training_management"}}
{"__type":"$$EventMessageConfirm","confirm":"97e99d0a-dff7-4b27-b0ed-e78ccdd1afa6","ts":"2026-08-11T11:38:18.225+02:00","source":{"id":"0","name":"eventBus"}}
{"__type":"$$EventMessageAudit","id":"a8503778-c380-4764-aad5-24bddf3da2f0","ts":"2026-08-11T11:38:21.208+02:00","eventName":"n8n.audit.workflow.updated","message":"n8n.audit.workflow.updated","payload":{"userId":"9c968acf-8060-4d0b-9187-dde49eae5716","_email":"demo@email.com","_firstName":"demo","_lastName":"demo","globalRole":"global:owner","workflowId":"icMHjYIDJfI6WAq5","workflowName":"training_management"}}
{"__type":"$$EventMessageConfirm","confirm":"a8503778-c380-4764-aad5-24bddf3da2f0","ts":"2026-08-11T11:38:21.208+02:00","source":{"id":"0","name":"eventBus"}}
{"__type":"$$EventMessageAudit","id":"abd7d904-dfe1-4605-a31c-dcfcaa0f4e80","ts":"2026-08-11T11:40:44.307+02:00","eventName":"n8n.audit.workflow.updated","message":"n8n.audit.workflow.updated","payload":{"userId":"9c968acf-8060-4d0b-9187-dde49eae5716","_email":"demo@email.com","_firstName":"demo","_lastName":"demo","globalRole":"global:owner","workflowId":"icMHjYIDJfI6WAq5","workflowName":"training_management"}}
{"__type":"$$EventMessageConfirm","confirm":"abd7d904-dfe1-4605-a31c-dcfcaa0f4e80","ts":"2026-08-11T11:40:44.307+02:00","source":{"id":"0","name":"eventBus"}}
{"__type":"$$EventMessageAudit","id":"a14a57be-d8ae-4787-b321-1f12a9772476","ts":"2026-08-11T11:40:45.970+02:00","eventName":"n8n.audit.workflow.updated","message":"n8n.audit.workflow.updated","payload":{"userId":"9c968acf-8060-4d0b-9187-dde49eae5716","_email":"demo@email.com","_firstName":"demo","_lastName":"demo","globalRole":"global:owner","workflowId":"icMHjYIDJfI6WAq5","workflowName":"training_management"}}
{"__type":"$$EventMessageConfirm","confirm":"a14a57be-d8ae-4787-b321-1f12a9772476","ts":"2026-08-11T11:40:45.971+02:00","source":{"id":"0","name":"eventBus"}}
{"__type":"$$EventMessageAudit","id":"8c45922a-1ecc-43c9-99a1-f3af252f476f","ts":"2026-08-11T11:41:08.824+02:00","eventName":"n8n.audit.workflow.updated","message":"n8n.audit.workflow.updated","payload":{"userId":"9c968acf-8060-4d0b-9187-dde49eae5716","_email":"demo@email.com","_firstName":"demo","_lastName":"demo","globalRole":"global:owner","workflowId":"icMHjYIDJfI6WAq5","workflowName":"training_management"}}
{"__type":"$$EventMessageConfirm","confirm":"8c45922a-1ecc-43c9-99a1-f3af252f476f","ts":"2026-08-11T11:41:08.825+02:00","source":{"id":"0","name":"eventBus"}}
{"__type":"$$EventMessageAudit","id":"55eb6c57-91f9-4ed4-8257-bd32960fc8b7","ts":"2026-08-11T11:41:13.338+02:00","eventName":"n8n.audit.workflow.updated","message":"n8n.audit.workflow.updated","payload":{"userId":"9c968acf-8060-4d0b-9187-dde49eae5716","_email":"demo@email.com","_firstName":"demo","_lastName":"demo","globalRole":"global:owner","workflowId":"icMHjYIDJfI6WAq5","workflowName":"training_management"}}
{"__type":"$$EventMessageConfirm","confirm":"55eb6c57-91f9-4ed4-8257-bd32960fc8b7","ts":"2026-08-11T11:41:13.338+02:00","source":{"id":"0","name":"eventBus"}}
{"__type":"$$EventMessageAudit","id":"59baa841-4d43-4e05-bad1-a45deb626336","ts":"2026-08-11T11:41:31.309+02:00","eventName":"n8n.audit.workflow.updated","message":"n8n.audit.workflow.updated","payload":{"userId":"9c968acf-8060-4d0b-9187-dde49eae5716","_email":"demo@email.com","_firstName":"demo","_lastName":"demo","globalRole":"global:owner","workflowId":"icMHjYIDJfI6WAq5","workflowName":"training_management"}}
{"__type":"$$EventMessageConfirm","confirm":"59baa841-4d43-4e05-bad1-a45deb626336","ts":"2026-08-11T11:41:31.309+02:00","source":{"id":"0","name":"eventBus"}}
{"__type":"$$EventMessageAudit","id":"92cb440a-e1cc-445c-9cea-f70ef7cef15c","ts":"2026-08-11T11:41:33.529+02:00","eventName":"n8n.audit.workflow.updated","message":"n8n.audit.workflow.updated","payload":{"userId":"9c968acf-8060-4d0b-9187-dde49eae5716","_email":"demo@email.com","_firstName":"demo","_lastName":"demo","globalRole":"global:owner","workflowId":"icMHjYIDJfI6WAq5","workflowName":"training_management"}}
{"__type":"$$EventMessageConfirm","confirm":"92cb440a-e1cc-445c-9cea-f70ef7cef15c","ts":"2026-08-11T11:41:33.530+02:00","source":{"id":"0","name":"eventBus"}}
{"__type":"$$EventMessageAudit","id":"63881469-1eae-451a-976b-d44235816a03","ts":"2026-08-11T11:42:01.512+02:00","eventName":"n8n.audit.workflow.updated","message":"n8n.audit.workflow.updated","payload":{"userId":"9c968acf-8060-4d0b-9187-dde49eae5716","_email":"demo@email.com","_firstName":"demo","_lastName":"demo","globalRole":"global:owner","workflowId":"icMHjYIDJfI6WAq5","workflowName":"training_management"}}
{"__type":"$$EventMessageConfirm","confirm":"63881469-1eae-451a-976b-d44235816a03","ts":"2026-08-11T11:42:01.513+02:00","source":{"id":"0","name":"eventBus"}}
{"__type":"$$EventMessageAudit","id":"7e2951d8-cafe-4f51-9031-52e4dba5ef9a","ts":"2026-08-11T11:42:05.658+02:00","eventName":"n8n.audit.workflow.updated","message":"n8n.audit.workflow.updated","payload":{"userId":"9c968acf-8060-4d0b-9187-dde49eae5716","_email":"demo@email.com","_firstName":"demo","_lastName":"demo","globalRole":"global:owner","workflowId":"icMHjYIDJfI6WAq5","workflowName":"training_management"}}
{"__type":"$$EventMessageConfirm","confirm":"7e2951d8-cafe-4f51-9031-52e4dba5ef9a","ts":"2026-08-11T11:42:05.658+02:00","source":{"id":"0","name":"eventBus"}}
{"__type":"$$EventMessageAudit","id":"be517a64-0f81-4c45-a97e-03025c9b7900","ts":"2026-08-11T11:42:11.260+02:00","eventName":"n8n.audit.workflow.executed","message":"n8n.audit.workflow.executed","payload":{"userId":"9c968acf-8060-4d0b-9187-dde49eae5716","_email":"demo@email.com","_firstName":"demo","_lastName":"demo","globalRole":"global:owner","workflowId":"icMHjYIDJfI6WAq5","workflowName":"training_management","executionId":"13","projectId":"VP8sweUdS4KlmzVv","projectName":"demo demo <demo@email.com>","source":"user-manual"}}
{"__type":"$$EventMessageConfirm","confirm":"be517a64-0f81-4c45-a97e-03025c9b7900","ts":"2026-08-11T11:42:11.261+02:00","source":{"id":"0","name":"eventBus"}}
{"__type":"$$EventMessageWorkflow","id":"10c210c3-2800-44e0-999e-bdee8a4ef5b8","ts":"2026-08-11T11:42:11.262+02:00","eventName":"n8n.workflow.started","message":"n8n.workflow.started","payload":{"executionId":"13","workflowId":"icMHjYIDJfI6WAq5","isManual":false,"mode":"manual","workflowName":"training_management","projectId":"VP8sweUdS4KlmzVv","projectName":"demo demo <demo@email.com>"}}
{"__type":"$$EventMessageConfirm","confirm":"10c210c3-2800-44e0-999e-bdee8a4ef5b8","ts":"2026-08-11T11:42:11.262+02:00","source":{"id":"0","name":"eventBus"}}
{"__type":"$$EventMessageNode","id":"2a1bb36f-bbd4-402c-b36b-beb82eb43c81","ts":"2026-08-11T11:42:11.290+02:00","eventName":"n8n.node.started","message":"n8n.node.started","payload":{"workflowId":"icMHjYIDJfI6WAq5","workflowName":"training_management","executionId":"13","nodeType":"n8n-nodes-base.httpRequest","nodeName":"HTTP Request","nodeId":"33162a68-f02b-489d-a6a3-6a6144673674"}}
{"__type":"$$EventMessageConfirm","confirm":"2a1bb36f-bbd4-402c-b36b-beb82eb43c81","ts":"2026-08-11T11:42:11.292+02:00","source":{"id":"0","name":"eventBus"}}
{"__type":"$$EventMessageNode","id":"4a95eb56-1788-4256-9346-667d3834a62a","ts":"2026-08-11T11:42:11.556+02:00","eventName":"n8n.node.finished","message":"n8n.node.finished","payload":{"workflowId":"icMHjYIDJfI6WAq5","workflowName":"training_management","executionId":"13","nodeType":"n8n-nodes-base.httpRequest","nodeName":"HTTP Request","nodeId":"33162a68-f02b-489d-a6a3-6a6144673674"}}
{"__type":"$$EventMessageConfirm","confirm":"4a95eb56-1788-4256-9346-667d3834a62a","ts":"2026-08-11T11:42:11.557+02:00","source":{"id":"0","name":"eventBus"}}
{"__type":"$$EventMessageWorkflow","id":"5bc6ce91-9e69-4b0f-9ca6-2d58265d78b2","ts":"2026-08-11T11:42:11.565+02:00","eventName":"n8n.workflow.failed","message":"n8n.workflow.failed","payload":{"userId":"9c968acf-8060-4d0b-9187-dde49eae5716","executionId":"13","success":false,"isManual":true,"mode":"manual","workflowId":"icMHjYIDJfI6WAq5","workflowName":"training_management","projectId":"VP8sweUdS4KlmzVv","projectName":"demo demo <demo@email.com>","lastNodeExecuted":"HTTP Request","errorNodeType":"n8n-nodes-base.httpRequest","errorMessage":"The resource you are requesting could not be found"}}
{"__type":"$$EventMessageConfirm","confirm":"5bc6ce91-9e69-4b0f-9ca6-2d58265d78b2","ts":"2026-08-11T11:42:11.566+02:00","source":{"id":"0","name":"eventBus"}}
{"__type":"$$EventMessageAudit","id":"54ccac2b-f4bd-4e5d-9964-a23dd597b24d","ts":"2026-08-11T11:57:48.467+02:00","eventName":"n8n.audit.workflow.updated","message":"n8n.audit.workflow.updated","payload":{"userId":"9c968acf-8060-4d0b-9187-dde49eae5716","_email":"demo@email.com","_firstName":"demo","_lastName":"demo","globalRole":"global:owner","workflowId":"icMHjYIDJfI6WAq5","workflowName":"training_management"}}
{"__type":"$$EventMessageConfirm","confirm":"54ccac2b-f4bd-4e5d-9964-a23dd597b24d","ts":"2026-08-11T11:57:48.467+02:00","source":{"id":"0","name":"eventBus"}}
{"__type":"$$EventMessageAudit","id":"1c580797-2d8c-42c8-b4af-89f8e698c55b","ts":"2026-08-11T11:57:49.360+02:00","eventName":"n8n.audit.workflow.executed","message":"n8n.audit.workflow.executed","payload":{"userId":"9c968acf-8060-4d0b-9187-dde49eae5716","_email":"demo@email.com","_firstName":"demo","_lastName":"demo","globalRole":"global:owner","workflowId":"icMHjYIDJfI6WAq5","workflowName":"training_management","executionId":"14","projectId":"VP8sweUdS4KlmzVv","projectName":"demo demo <demo@email.com>","source":"user-manual"}}
{"__type":"$$EventMessageConfirm","confirm":"1c580797-2d8c-42c8-b4af-89f8e698c55b","ts":"2026-08-11T11:57:49.360+02:00","source":{"id":"0","name":"eventBus"}}
{"__type":"$$EventMessageWorkflow","id":"cbf04107-6962-4317-847b-a950a328341e","ts":"2026-08-11T11:57:49.364+02:00","eventName":"n8n.workflow.started","message":"n8n.workflow.started","payload":{"executionId":"14","workflowId":"icMHjYIDJfI6WAq5","isManual":false,"mode":"manual","workflowName":"training_management","projectId":"VP8sweUdS4KlmzVv","projectName":"demo demo <demo@email.com>"}}
{"__type":"$$EventMessageConfirm","confirm":"cbf04107-6962-4317-847b-a950a328341e","ts":"2026-08-11T11:57:49.364+02:00","source":{"id":"0","name":"eventBus"}}
{"__type":"$$EventMessageNode","id":"c2892f4f-ee19-489f-a375-8f06f3d58a22","ts":"2026-08-11T11:57:49.416+02:00","eventName":"n8n.node.started","message":"n8n.node.started","payload":{"workflowId":"icMHjYIDJfI6WAq5","workflowName":"training_management","executionId":"14","nodeType":"n8n-nodes-base.httpRequest","nodeName":"HTTP Request","nodeId":"33162a68-f02b-489d-a6a3-6a6144673674"}}
{"__type":"$$EventMessageConfirm","confirm":"c2892f4f-ee19-489f-a375-8f06f3d58a22","ts":"2026-08-11T11:57:49.417+02:00","source":{"id":"0","name":"eventBus"}}
{"__type":"$$EventMessageNode","id":"75ab025d-0f42-4a81-bb8c-0a5845ebe1a7","ts":"2026-08-11T11:57:49.516+02:00","eventName":"n8n.node.finished","message":"n8n.node.finished","payload":{"workflowId":"icMHjYIDJfI6WAq5","workflowName":"training_management","executionId":"14","nodeType":"n8n-nodes-base.httpRequest","nodeName":"HTTP Request","nodeId":"33162a68-f02b-489d-a6a3-6a6144673674"}}
{"__type":"$$EventMessageConfirm","confirm":"75ab025d-0f42-4a81-bb8c-0a5845ebe1a7","ts":"2026-08-11T11:57:49.517+02:00","source":{"id":"0","name":"eventBus"}}
{"__type":"$$EventMessageWorkflow","id":"3304105d-b93e-4160-b0f7-3b845d73114e","ts":"2026-08-11T11:57:49.521+02:00","eventName":"n8n.workflow.failed","message":"n8n.workflow.failed","payload":{"userId":"9c968acf-8060-4d0b-9187-dde49eae5716","executionId":"14","success":false,"isManual":true,"mode":"manual","workflowId":"icMHjYIDJfI6WAq5","workflowName":"training_management","projectId":"VP8sweUdS4KlmzVv","projectName":"demo demo <demo@email.com>","lastNodeExecuted":"HTTP Request","errorNodeType":"n8n-nodes-base.httpRequest","errorMessage":"The resource you are requesting could not be found"}}
{"__type":"$$EventMessageConfirm","confirm":"3304105d-b93e-4160-b0f7-3b845d73114e","ts":"2026-08-11T11:57:49.522+02:00","source":{"id":"0","name":"eventBus"}}
{"__type":"$$EventMessageAudit","id":"0ec0bcbc-0e58-4619-ad7a-871e94b8e878","ts":"2026-08-11T11:58:08.571+02:00","eventName":"n8n.audit.workflow.updated","message":"n8n.audit.workflow.updated","payload":{"userId":"9c968acf-8060-4d0b-9187-dde49eae5716","_email":"demo@email.com","_firstName":"demo","_lastName":"demo","globalRole":"global:owner","workflowId":"icMHjYIDJfI6WAq5","workflowName":"training_management"}}
{"__type":"$$EventMessageConfirm","confirm":"0ec0bcbc-0e58-4619-ad7a-871e94b8e878","ts":"2026-08-11T11:58:08.571+02:00","source":{"id":"0","name":"eventBus"}}
{"__type":"$$EventMessageAudit","id":"c86953e6-845d-48ba-94bb-ccb46b28d1e0","ts":"2026-08-11T11:58:12.153+02:00","eventName":"n8n.audit.workflow.updated","message":"n8n.audit.workflow.updated","payload":{"userId":"9c968acf-8060-4d0b-9187-dde49eae5716","_email":"demo@email.com","_firstName":"demo","_lastName":"demo","globalRole":"global:owner","workflowId":"icMHjYIDJfI6WAq5","workflowName":"training_management"}}
{"__type":"$$EventMessageConfirm","confirm":"c86953e6-845d-48ba-94bb-ccb46b28d1e0","ts":"2026-08-11T11:58:12.153+02:00","source":{"id":"0","name":"eventBus"}}
{"__type":"$$EventMessageAudit","id":"6ff63363-d4e7-414e-94bf-b6627bd7e625","ts":"2026-08-11T11:58:14.725+02:00","eventName":"n8n.audit.workflow.updated","message":"n8n.audit.workflow.updated","payload":{"userId":"9c968acf-8060-4d0b-9187-dde49eae5716","_email":"demo@email.com","_firstName":"demo","_lastName":"demo","globalRole":"global:owner","workflowId":"icMHjYIDJfI6WAq5","workflowName":"training_management"}}
{"__type":"$$EventMessageConfirm","confirm":"6ff63363-d4e7-414e-94bf-b6627bd7e625","ts":"2026-08-11T11:58:14.725+02:00","source":{"id":"0","name":"eventBus"}}
{"__type":"$$EventMessageAudit","id":"2c0ed716-f59a-40cd-926c-280b41e68d31","ts":"2026-08-11T11:58:15.692+02:00","eventName":"n8n.audit.workflow.executed","message":"n8n.audit.workflow.executed","payload":{"userId":"9c968acf-8060-4d0b-9187-dde49eae5716","_email":"demo@email.com","_firstName":"demo","_lastName":"demo","globalRole":"global:owner","workflowId":"icMHjYIDJfI6WAq5","workflowName":"training_management","executionId":"15","projectId":"VP8sweUdS4KlmzVv","projectName":"demo demo <demo@email.com>","source":"user-manual"}}
{"__type":"$$EventMessageConfirm","confirm":"2c0ed716-f59a-40cd-926c-280b41e68d31","ts":"2026-08-11T11:58:15.692+02:00","source":{"id":"0","name":"eventBus"}}
{"__type":"$$EventMessageWorkflow","id":"0192f106-466a-4c55-b05c-7ee52f52526f","ts":"2026-08-11T11:58:15.698+02:00","eventName":"n8n.workflow.started","message":"n8n.workflow.started","payload":{"executionId":"15","workflowId":"icMHjYIDJfI6WAq5","isManual":false,"mode":"manual","workflowName":"training_management","projectId":"VP8sweUdS4KlmzVv","projectName":"demo demo <demo@email.com>"}}
{"__type":"$$EventMessageConfirm","confirm":"0192f106-466a-4c55-b05c-7ee52f52526f","ts":"2026-08-11T11:58:15.700+02:00","source":{"id":"0","name":"eventBus"}}
{"__type":"$$EventMessageNode","id":"c801f4bc-0bea-438f-8d8e-19fb1922eb61","ts":"2026-08-11T11:58:15.743+02:00","eventName":"n8n.node.started","message":"n8n.node.started","payload":{"workflowId":"icMHjYIDJfI6WAq5","workflowName":"training_management","executionId":"15","nodeType":"n8n-nodes-base.httpRequest","nodeName":"HTTP Request","nodeId":"33162a68-f02b-489d-a6a3-6a6144673674"}}
{"__type":"$$EventMessageConfirm","confirm":"c801f4bc-0bea-438f-8d8e-19fb1922eb61","ts":"2026-08-11T11:58:15.744+02:00","source":{"id":"0","name":"eventBus"}}
{"__type":"$$EventMessageNode","id":"8d7dec8c-0634-499f-9baa-2807f2923066","ts":"2026-08-11T11:58:15.778+02:00","eventName":"n8n.node.finished","message":"n8n.node.finished","payload":{"workflowId":"icMHjYIDJfI6WAq5","workflowName":"training_management","executionId":"15","nodeType":"n8n-nodes-base.httpRequest","nodeName":"HTTP Request","nodeId":"33162a68-f02b-489d-a6a3-6a6144673674"}}
{"__type":"$$EventMessageConfirm","confirm":"8d7dec8c-0634-499f-9baa-2807f2923066","ts":"2026-08-11T11:58:15.779+02:00","source":{"id":"0","name":"eventBus"}}
{"__type":"$$EventMessageWorkflow","id":"1266e8d9-7bec-4be9-9e6d-041413c8ec20","ts":"2026-08-11T11:58:15.790+02:00","eventName":"n8n.workflow.failed","message":"n8n.workflow.failed","payload":{"userId":"9c968acf-8060-4d0b-9187-dde49eae5716","executionId":"15","success":false,"isManual":true,"mode":"manual","workflowId":"icMHjYIDJfI6WAq5","workflowName":"training_management","projectId":"VP8sweUdS4KlmzVv","projectName":"demo demo <demo@email.com>","lastNodeExecuted":"HTTP Request","errorNodeType":"n8n-nodes-base.httpRequest","errorMessage":"The service refused the connection - perhaps it is offline"}}
{"__type":"$$EventMessageConfirm","confirm":"1266e8d9-7bec-4be9-9e6d-041413c8ec20","ts":"2026-08-11T11:58:15.791+02:00","source":{"id":"0","name":"eventBus"}}
{"__type":"$$EventMessageAudit","id":"ade2e862-8e09-4e03-89c1-3a7154b0c05c","ts":"2026-08-11T11:58:50.414+02:00","eventName":"n8n.audit.workflow.executed","message":"n8n.audit.workflow.executed","payload":{"userId":"9c968acf-8060-4d0b-9187-dde49eae5716","_email":"demo@email.com","_firstName":"demo","_lastName":"demo","globalRole":"global:owner","workflowId":"icMHjYIDJfI6WAq5","workflowName":"training_management","executionId":"16","projectId":"VP8sweUdS4KlmzVv","projectName":"demo demo <demo@email.com>","source":"user-manual"}}
{"__type":"$$EventMessageConfirm","confirm":"ade2e862-8e09-4e03-89c1-3a7154b0c05c","ts":"2026-08-11T11:58:50.415+02:00","source":{"id":"0","name":"eventBus"}}
{"__type":"$$EventMessageWorkflow","id":"8277eb18-8f51-4a60-ae92-d720b344c1f0","ts":"2026-08-11T11:58:50.421+02:00","eventName":"n8n.workflow.started","message":"n8n.workflow.started","payload":{"executionId":"16","workflowId":"icMHjYIDJfI6WAq5","isManual":false,"mode":"manual","workflowName":"training_management","projectId":"VP8sweUdS4KlmzVv","projectName":"demo demo <demo@email.com>"}}
{"__type":"$$EventMessageConfirm","confirm":"8277eb18-8f51-4a60-ae92-d720b344c1f0","ts":"2026-08-11T11:58:50.422+02:00","source":{"id":"0","name":"eventBus"}}
{"__type":"$$EventMessageNode","id":"c7800340-9b41-4ec2-8f39-391fe636622f","ts":"2026-08-11T11:58:50.457+02:00","eventName":"n8n.node.started","message":"n8n.node.started","payload":{"workflowId":"icMHjYIDJfI6WAq5","workflowName":"training_management","executionId":"16","nodeType":"n8n-nodes-base.httpRequest","nodeName":"HTTP Request","nodeId":"33162a68-f02b-489d-a6a3-6a6144673674"}}
{"__type":"$$EventMessageConfirm","confirm":"c7800340-9b41-4ec2-8f39-391fe636622f","ts":"2026-08-11T11:58:50.458+02:00","source":{"id":"0","name":"eventBus"}}
{"__type":"$$EventMessageNode","id":"a5973015-ed58-4901-95ba-a509b89911a1","ts":"2026-08-11T11:58:50.471+02:00","eventName":"n8n.node.finished","message":"n8n.node.finished","payload":{"workflowId":"icMHjYIDJfI6WAq5","workflowName":"training_management","executionId":"16","nodeType":"n8n-nodes-base.httpRequest","nodeName":"HTTP Request","nodeId":"33162a68-f02b-489d-a6a3-6a6144673674"}}
{"__type":"$$EventMessageConfirm","confirm":"a5973015-ed58-4901-95ba-a509b89911a1","ts":"2026-08-11T11:58:50.472+02:00","source":{"id":"0","name":"eventBus"}}
{"__type":"$$EventMessageWorkflow","id":"893c8293-544d-4667-8e75-d5e64e7be234","ts":"2026-08-11T11:58:50.476+02:00","eventName":"n8n.workflow.failed","message":"n8n.workflow.failed","payload":{"userId":"9c968acf-8060-4d0b-9187-dde49eae5716","executionId":"16","success":false,"isManual":true,"mode":"manual","workflowId":"icMHjYIDJfI6WAq5","workflowName":"training_management","projectId":"VP8sweUdS4KlmzVv","projectName":"demo demo <demo@email.com>","lastNodeExecuted":"HTTP Request","errorNodeType":"n8n-nodes-base.httpRequest","errorMessage":"The service refused the connection - perhaps it is offline"}}
{"__type":"$$EventMessageConfirm","confirm":"893c8293-544d-4667-8e75-d5e64e7be234","ts":"2026-08-11T11:58:50.476+02:00","source":{"id":"0","name":"eventBus"}}
{"__type":"$$EventMessageAudit","id":"09c6ee18-63e6-4e2c-9017-1ccfd4db427b","ts":"2026-08-11T11:58:52.354+02:00","eventName":"n8n.audit.workflow.executed","message":"n8n.audit.workflow.executed","payload":{"userId":"9c968acf-8060-4d0b-9187-dde49eae5716","_email":"demo@email.com","_firstName":"demo","_lastName":"demo","globalRole":"global:owner","workflowId":"icMHjYIDJfI6WAq5","workflowName":"training_management","executionId":"17","projectId":"VP8sweUdS4KlmzVv","projectName":"demo demo <demo@email.com>","source":"user-manual"}}
{"__type":"$$EventMessageConfirm","confirm":"09c6ee18-63e6-4e2c-9017-1ccfd4db427b","ts":"2026-08-11T11:58:52.355+02:00","source":{"id":"0","name":"eventBus"}}
{"__type":"$$EventMessageWorkflow","id":"677dd78a-de7a-4363-bfdc-2181ebe13e66","ts":"2026-08-11T11:58:52.358+02:00","eventName":"n8n.workflow.started","message":"n8n.workflow.started","payload":{"executionId":"17","workflowId":"icMHjYIDJfI6WAq5","isManual":false,"mode":"manual","workflowName":"training_management","projectId":"VP8sweUdS4KlmzVv","projectName":"demo demo <demo@email.com>"}}
{"__type":"$$EventMessageConfirm","confirm":"677dd78a-de7a-4363-bfdc-2181ebe13e66","ts":"2026-08-11T11:58:52.358+02:00","source":{"id":"0","name":"eventBus"}}
{"__type":"$$EventMessageNode","id":"78311699-9d52-4596-b179-85678478d7ad","ts":"2026-08-11T11:58:52.389+02:00","eventName":"n8n.node.started","message":"n8n.node.started","payload":{"workflowId":"icMHjYIDJfI6WAq5","workflowName":"training_management","executionId":"17","nodeType":"n8n-nodes-base.httpRequest","nodeName":"HTTP Request","nodeId":"33162a68-f02b-489d-a6a3-6a6144673674"}}
{"__type":"$$EventMessageConfirm","confirm":"78311699-9d52-4596-b179-85678478d7ad","ts":"2026-08-11T11:58:52.390+02:00","source":{"id":"0","name":"eventBus"}}
{"__type":"$$EventMessageNode","id":"4d4516d8-2d8d-4b91-a758-c773ea7aaadd","ts":"2026-08-11T11:58:52.407+02:00","eventName":"n8n.node.finished","message":"n8n.node.finished","payload":{"workflowId":"icMHjYIDJfI6WAq5","workflowName":"training_management","executionId":"17","nodeType":"n8n-nodes-base.httpRequest","nodeName":"HTTP Request","nodeId":"33162a68-f02b-489d-a6a3-6a6144673674"}}
{"__type":"$$EventMessageConfirm","confirm":"4d4516d8-2d8d-4b91-a758-c773ea7aaadd","ts":"2026-08-11T11:58:52.408+02:00","source":{"id":"0","name":"eventBus"}}
{"__type":"$$EventMessageWorkflow","id":"47148abf-a451-4661-8879-a9e535d58ae1","ts":"2026-08-11T11:58:52.410+02:00","eventName":"n8n.workflow.failed","message":"n8n.workflow.failed","payload":{"userId":"9c968acf-8060-4d0b-9187-dde49eae5716","executionId":"17","success":false,"isManual":true,"mode":"manual","workflowId":"icMHjYIDJfI6WAq5","workflowName":"training_management","projectId":"VP8sweUdS4KlmzVv","projectName":"demo demo <demo@email.com>","lastNodeExecuted":"HTTP Request","errorNodeType":"n8n-nodes-base.httpRequest","errorMessage":"The service refused the connection - perhaps it is offline"}}
{"__type":"$$EventMessageConfirm","confirm":"47148abf-a451-4661-8879-a9e535d58ae1","ts":"2026-08-11T11:58:52.411+02:00","source":{"id":"0","name":"eventBus"}}
{"__type":"$$EventMessageAudit","id":"f927e620-2267-494c-9829-e19c251163ee","ts":"2026-08-11T11:59:00.106+02:00","eventName":"n8n.audit.workflow.updated","message":"n8n.audit.workflow.updated","payload":{"userId":"9c968acf-8060-4d0b-9187-dde49eae5716","_email":"demo@email.com","_firstName":"demo","_lastName":"demo","globalRole":"global:owner","workflowId":"icMHjYIDJfI6WAq5","workflowName":"training_management"}}
{"__type":"$$EventMessageConfirm","confirm":"f927e620-2267-494c-9829-e19c251163ee","ts":"2026-08-11T11:59:00.106+02:00","source":{"id":"0","name":"eventBus"}}
{"__type":"$$EventMessageAudit","id":"24ba484a-9ab9-4a6f-ab62-5ec95de013ac","ts":"2026-08-11T11:59:01.836+02:00","eventName":"n8n.audit.workflow.updated","message":"n8n.audit.workflow.updated","payload":{"userId":"9c968acf-8060-4d0b-9187-dde49eae5716","_email":"demo@email.com","_firstName":"demo","_lastName":"demo","globalRole":"global:owner","workflowId":"icMHjYIDJfI6WAq5","workflowName":"training_management"}}
{"__type":"$$EventMessageConfirm","confirm":"24ba484a-9ab9-4a6f-ab62-5ec95de013ac","ts":"2026-08-11T11:59:01.836+02:00","source":{"id":"0","name":"eventBus"}}
{"__type":"$$EventMessageAudit","id":"4cffaec4-b7e6-4940-9987-cae8921b8e85","ts":"2026-08-11T11:59:02.278+02:00","eventName":"n8n.audit.workflow.executed","message":"n8n.audit.workflow.executed","payload":{"userId":"9c968acf-8060-4d0b-9187-dde49eae5716","_email":"demo@email.com","_firstName":"demo","_lastName":"demo","globalRole":"global:owner","workflowId":"icMHjYIDJfI6WAq5","workflowName":"training_management","executionId":"18","projectId":"VP8sweUdS4KlmzVv","projectName":"demo demo <demo@email.com>","source":"user-manual"}}
{"__type":"$$EventMessageConfirm","confirm":"4cffaec4-b7e6-4940-9987-cae8921b8e85","ts":"2026-08-11T11:59:02.279+02:00","source":{"id":"0","name":"eventBus"}}
{"__type":"$$EventMessageWorkflow","id":"65424d9e-0ae7-4eba-ad12-82d3903e55e7","ts":"2026-08-11T11:59:02.282+02:00","eventName":"n8n.workflow.started","message":"n8n.workflow.started","payload":{"executionId":"18","workflowId":"icMHjYIDJfI6WAq5","isManual":false,"mode":"manual","workflowName":"training_management","projectId":"VP8sweUdS4KlmzVv","projectName":"demo demo <demo@email.com>"}}
{"__type":"$$EventMessageConfirm","confirm":"65424d9e-0ae7-4eba-ad12-82d3903e55e7","ts":"2026-08-11T11:59:02.283+02:00","source":{"id":"0","name":"eventBus"}}
{"__type":"$$EventMessageNode","id":"42eab5e2-9556-46a2-ac39-b42e638b444b","ts":"2026-08-11T11:59:02.315+02:00","eventName":"n8n.node.started","message":"n8n.node.started","payload":{"workflowId":"icMHjYIDJfI6WAq5","workflowName":"training_management","executionId":"18","nodeType":"n8n-nodes-base.httpRequest","nodeName":"HTTP Request","nodeId":"33162a68-f02b-489d-a6a3-6a6144673674"}}
{"__type":"$$EventMessageConfirm","confirm":"42eab5e2-9556-46a2-ac39-b42e638b444b","ts":"2026-08-11T11:59:02.315+02:00","source":{"id":"0","name":"eventBus"}}
{"__type":"$$EventMessageNode","id":"fb8b80fb-9395-4b36-8fe4-2a1d1211614b","ts":"2026-08-11T11:59:02.326+02:00","eventName":"n8n.node.finished","message":"n8n.node.finished","payload":{"workflowId":"icMHjYIDJfI6WAq5","workflowName":"training_management","executionId":"18","nodeType":"n8n-nodes-base.httpRequest","nodeName":"HTTP Request","nodeId":"33162a68-f02b-489d-a6a3-6a6144673674"}}
{"__type":"$$EventMessageConfirm","confirm":"fb8b80fb-9395-4b36-8fe4-2a1d1211614b","ts":"2026-08-11T11:59:02.327+02:00","source":{"id":"0","name":"eventBus"}}
{"__type":"$$EventMessageWorkflow","id":"4e46acd7-62a4-4e26-8d16-3754cad11311","ts":"2026-08-11T11:59:02.332+02:00","eventName":"n8n.workflow.failed","message":"n8n.workflow.failed","payload":{"userId":"9c968acf-8060-4d0b-9187-dde49eae5716","executionId":"18","success":false,"isManual":true,"mode":"manual","workflowId":"icMHjYIDJfI6WAq5","workflowName":"training_management","projectId":"VP8sweUdS4KlmzVv","projectName":"demo demo <demo@email.com>","lastNodeExecuted":"HTTP Request","errorNodeType":"n8n-nodes-base.httpRequest","errorMessage":"The service refused the connection - perhaps it is offline"}}
{"__type":"$$EventMessageConfirm","confirm":"4e46acd7-62a4-4e26-8d16-3754cad11311","ts":"2026-08-11T11:59:02.333+02:00","source":{"id":"0","name":"eventBus"}}
{"__type":"$$EventMessageAudit","id":"1bf21d99-cfa5-4df5-8fbf-a603a59db567","ts":"2026-08-11T11:59:06.992+02:00","eventName":"n8n.audit.workflow.executed","message":"n8n.audit.workflow.executed","payload":{"userId":"9c968acf-8060-4d0b-9187-dde49eae5716","_email":"demo@email.com","_firstName":"demo","_lastName":"demo","globalRole":"global:owner","workflowId":"icMHjYIDJfI6WAq5","workflowName":"training_management","executionId":"19","projectId":"VP8sweUdS4KlmzVv","projectName":"demo demo <demo@email.com>","source":"user-manual"}}
{"__type":"$$EventMessageConfirm","confirm":"1bf21d99-cfa5-4df5-8fbf-a603a59db567","ts":"2026-08-11T11:59:06.992+02:00","source":{"id":"0","name":"eventBus"}}
{"__type":"$$EventMessageWorkflow","id":"b4043fd3-4bd3-4e16-b255-7fc48f3e77f7","ts":"2026-08-11T11:59:06.994+02:00","eventName":"n8n.workflow.started","message":"n8n.workflow.started","payload":{"executionId":"19","workflowId":"icMHjYIDJfI6WAq5","isManual":false,"mode":"manual","workflowName":"training_management","projectId":"VP8sweUdS4KlmzVv","projectName":"demo demo <demo@email.com>"}}
{"__type":"$$EventMessageConfirm","confirm":"b4043fd3-4bd3-4e16-b255-7fc48f3e77f7","ts":"2026-08-11T11:59:06.994+02:00","source":{"id":"0","name":"eventBus"}}
{"__type":"$$EventMessageNode","id":"c8038ddb-dd79-41e1-ba29-05c83a300d9a","ts":"2026-08-11T11:59:07.038+02:00","eventName":"n8n.node.started","message":"n8n.node.started","payload":{"workflowId":"icMHjYIDJfI6WAq5","workflowName":"training_management","executionId":"19","nodeType":"n8n-nodes-base.httpRequest","nodeName":"HTTP Request","nodeId":"33162a68-f02b-489d-a6a3-6a6144673674"}}
{"__type":"$$EventMessageConfirm","confirm":"c8038ddb-dd79-41e1-ba29-05c83a300d9a","ts":"2026-08-11T11:59:07.038+02:00","source":{"id":"0","name":"eventBus"}}
{"__type":"$$EventMessageNode","id":"8537175f-fbd6-4a31-bd84-6e78257498c3","ts":"2026-08-11T11:59:07.057+02:00","eventName":"n8n.node.finished","message":"n8n.node.finished","payload":{"workflowId":"icMHjYIDJfI6WAq5","workflowName":"training_management","executionId":"19","nodeType":"n8n-nodes-base.httpRequest","nodeName":"HTTP Request","nodeId":"33162a68-f02b-489d-a6a3-6a6144673674"}}
{"__type":"$$EventMessageConfirm","confirm":"8537175f-fbd6-4a31-bd84-6e78257498c3","ts":"2026-08-11T11:59:07.057+02:00","source":{"id":"0","name":"eventBus"}}
{"__type":"$$EventMessageWorkflow","id":"961b6a82-3aef-4591-9322-3403f31d4a96","ts":"2026-08-11T11:59:07.060+02:00","eventName":"n8n.workflow.failed","message":"n8n.workflow.failed","payload":{"userId":"9c968acf-8060-4d0b-9187-dde49eae5716","executionId":"19","success":false,"isManual":true,"mode":"manual","workflowId":"icMHjYIDJfI6WAq5","workflowName":"training_management","projectId":"VP8sweUdS4KlmzVv","projectName":"demo demo <demo@email.com>","lastNodeExecuted":"HTTP Request","errorNodeType":"n8n-nodes-base.httpRequest","errorMessage":"The service refused the connection - perhaps it is offline"}}
{"__type":"$$EventMessageConfirm","confirm":"961b6a82-3aef-4591-9322-3403f31d4a96","ts":"2026-08-11T11:59:07.060+02:00","source":{"id":"0","name":"eventBus"}}
{"__type":"$$EventMessageAudit","id":"1364b91f-3334-4ec0-bc46-8457acae5447","ts":"2026-08-11T12:05:09.481+02:00","eventName":"n8n.audit.workflow.updated","message":"n8n.audit.workflow.updated","payload":{"userId":"9c968acf-8060-4d0b-9187-dde49eae5716","_email":"demo@email.com","_firstName":"demo","_lastName":"demo","globalRole":"global:owner","workflowId":"icMHjYIDJfI6WAq5","workflowName":"training_management"}}
{"__type":"$$EventMessageConfirm","confirm":"1364b91f-3334-4ec0-bc46-8457acae5447","ts":"2026-08-11T12:05:09.481+02:00","source":{"id":"0","name":"eventBus"}}
{"__type":"$$EventMessageAudit","id":"a9c90046-bebf-4de0-af0b-f9d6fb7daa60","ts":"2026-08-11T12:05:12.197+02:00","eventName":"n8n.audit.workflow.updated","message":"n8n.audit.workflow.updated","payload":{"userId":"9c968acf-8060-4d0b-9187-dde49eae5716","_email":"demo@email.com","_firstName":"demo","_lastName":"demo","globalRole":"global:owner","workflowId":"icMHjYIDJfI6WAq5","workflowName":"training_management"}}
{"__type":"$$EventMessageConfirm","confirm":"a9c90046-bebf-4de0-af0b-f9d6fb7daa60","ts":"2026-08-11T12:05:12.197+02:00","source":{"id":"0","name":"eventBus"}}
{"__type":"$$EventMessageAudit","id":"c8e5b3e2-3c00-4c0c-b95e-c425696b5b02","ts":"2026-08-11T12:05:13.943+02:00","eventName":"n8n.audit.workflow.executed","message":"n8n.audit.workflow.executed","payload":{"userId":"9c968acf-8060-4d0b-9187-dde49eae5716","_email":"demo@email.com","_firstName":"demo","_lastName":"demo","globalRole":"global:owner","workflowId":"icMHjYIDJfI6WAq5","workflowName":"training_management","executionId":"20","projectId":"VP8sweUdS4KlmzVv","projectName":"demo demo <demo@email.com>","source":"user-manual"}}
{"__type":"$$EventMessageConfirm","confirm":"c8e5b3e2-3c00-4c0c-b95e-c425696b5b02","ts":"2026-08-11T12:05:13.943+02:00","source":{"id":"0","name":"eventBus"}}
{"__type":"$$EventMessageWorkflow","id":"8dc41a9d-bd04-4477-8a43-eb8b3ff25d5d","ts":"2026-08-11T12:05:13.944+02:00","eventName":"n8n.workflow.started","message":"n8n.workflow.started","payload":{"executionId":"20","workflowId":"icMHjYIDJfI6WAq5","isManual":false,"mode":"manual","workflowName":"training_management","projectId":"VP8sweUdS4KlmzVv","projectName":"demo demo <demo@email.com>"}}
{"__type":"$$EventMessageConfirm","confirm":"8dc41a9d-bd04-4477-8a43-eb8b3ff25d5d","ts":"2026-08-11T12:05:13.944+02:00","source":{"id":"0","name":"eventBus"}}
{"__type":"$$EventMessageNode","id":"ddf41ceb-95ba-45e7-97ae-d41eed2a5c27","ts":"2026-08-11T12:05:13.976+02:00","eventName":"n8n.node.started","message":"n8n.node.started","payload":{"workflowId":"icMHjYIDJfI6WAq5","workflowName":"training_management","executionId":"20","nodeType":"n8n-nodes-base.httpRequest","nodeName":"HTTP Request","nodeId":"33162a68-f02b-489d-a6a3-6a6144673674"}}
{"__type":"$$EventMessageConfirm","confirm":"ddf41ceb-95ba-45e7-97ae-d41eed2a5c27","ts":"2026-08-11T12:05:13.977+02:00","source":{"id":"0","name":"eventBus"}}
{"__type":"$$EventMessageNode","id":"f928e42b-2301-48fe-a5b6-fa76ae6f3577","ts":"2026-08-11T12:05:13.998+02:00","eventName":"n8n.node.finished","message":"n8n.node.finished","payload":{"workflowId":"icMHjYIDJfI6WAq5","workflowName":"training_management","executionId":"20","nodeType":"n8n-nodes-base.httpRequest","nodeName":"HTTP Request","nodeId":"33162a68-f02b-489d-a6a3-6a6144673674"}}
{"__type":"$$EventMessageConfirm","confirm":"f928e42b-2301-48fe-a5b6-fa76ae6f3577","ts":"2026-08-11T12:05:13.999+02:00","source":{"id":"0","name":"eventBus"}}
{"__type":"$$EventMessageWorkflow","id":"943921db-5e46-40f9-ba0a-1877ed3e9c00","ts":"2026-08-11T12:05:14.006+02:00","eventName":"n8n.workflow.failed","message":"n8n.workflow.failed","payload":{"userId":"9c968acf-8060-4d0b-9187-dde49eae5716","executionId":"20","success":false,"isManual":true,"mode":"manual","workflowId":"icMHjYIDJfI6WAq5","workflowName":"training_management","projectId":"VP8sweUdS4KlmzVv","projectName":"demo demo <demo@email.com>","lastNodeExecuted":"HTTP Request","errorNodeType":"n8n-nodes-base.httpRequest","errorMessage":"The service refused the connection - perhaps it is offline"}}
{"__type":"$$EventMessageConfirm","confirm":"943921db-5e46-40f9-ba0a-1877ed3e9c00","ts":"2026-08-11T12:05:14.006+02:00","source":{"id":"0","name":"eventBus"}}
{"__type":"$$EventMessageAudit","id":"4e2d9b27-b3b7-4243-9525-536c2d1392f0","ts":"2026-08-11T12:06:15.641+02:00","eventName":"n8n.audit.workflow.executed","message":"n8n.audit.workflow.executed","payload":{"userId":"9c968acf-8060-4d0b-9187-dde49eae5716","_email":"demo@email.com","_firstName":"demo","_lastName":"demo","globalRole":"global:owner","workflowId":"icMHjYIDJfI6WAq5","workflowName":"training_management","executionId":"21","projectId":"VP8sweUdS4KlmzVv","projectName":"demo demo <demo@email.com>","source":"user-manual"}}
{"__type":"$$EventMessageConfirm","confirm":"4e2d9b27-b3b7-4243-9525-536c2d1392f0","ts":"2026-08-11T12:06:15.642+02:00","source":{"id":"0","name":"eventBus"}}
{"__type":"$$EventMessageWorkflow","id":"9545e053-9dcd-47d3-9ccb-d66065b454a9","ts":"2026-08-11T12:06:15.645+02:00","eventName":"n8n.workflow.started","message":"n8n.workflow.started","payload":{"executionId":"21","workflowId":"icMHjYIDJfI6WAq5","isManual":false,"mode":"manual","workflowName":"training_management","projectId":"VP8sweUdS4KlmzVv","projectName":"demo demo <demo@email.com>"}}
{"__type":"$$EventMessageConfirm","confirm":"9545e053-9dcd-47d3-9ccb-d66065b454a9","ts":"2026-08-11T12:06:15.646+02:00","source":{"id":"0","name":"eventBus"}}
{"__type":"$$EventMessageNode","id":"abf23a17-238a-4687-96e6-5e768d494c51","ts":"2026-08-11T12:06:15.708+02:00","eventName":"n8n.node.started","message":"n8n.node.started","payload":{"workflowId":"icMHjYIDJfI6WAq5","workflowName":"training_management","executionId":"21","nodeType":"n8n-nodes-base.httpRequest","nodeName":"HTTP Request","nodeId":"33162a68-f02b-489d-a6a3-6a6144673674"}}
{"__type":"$$EventMessageConfirm","confirm":"abf23a17-238a-4687-96e6-5e768d494c51","ts":"2026-08-11T12:06:15.709+02:00","source":{"id":"0","name":"eventBus"}}
{"__type":"$$EventMessageNode","id":"15fa8bba-865d-45bb-8973-0f7266304513","ts":"2026-08-11T12:06:15.737+02:00","eventName":"n8n.node.finished","message":"n8n.node.finished","payload":{"workflowId":"icMHjYIDJfI6WAq5","workflowName":"training_management","executionId":"21","nodeType":"n8n-nodes-base.httpRequest","nodeName":"HTTP Request","nodeId":"33162a68-f02b-489d-a6a3-6a6144673674"}}
{"__type":"$$EventMessageConfirm","confirm":"15fa8bba-865d-45bb-8973-0f7266304513","ts":"2026-08-11T12:06:15.737+02:00","source":{"id":"0","name":"eventBus"}}
{"__type":"$$EventMessageWorkflow","id":"dfbb910a-c48a-4e90-9d39-63694e78af6c","ts":"2026-08-11T12:06:15.748+02:00","eventName":"n8n.workflow.failed","message":"n8n.workflow.failed","payload":{"userId":"9c968acf-8060-4d0b-9187-dde49eae5716","executionId":"21","success":false,"isManual":true,"mode":"manual","workflowId":"icMHjYIDJfI6WAq5","workflowName":"training_management","projectId":"VP8sweUdS4KlmzVv","projectName":"demo demo <demo@email.com>","lastNodeExecuted":"HTTP Request","errorNodeType":"n8n-nodes-base.httpRequest","errorMessage":"The service refused the connection - perhaps it is offline"}}
{"__type":"$$EventMessageConfirm","confirm":"dfbb910a-c48a-4e90-9d39-63694e78af6c","ts":"2026-08-11T12:06:15.749+02:00","source":{"id":"0","name":"eventBus"}}
{"__type":"$$EventMessageAudit","id":"59c54ec5-db8d-49b6-8c3a-049546899a24","ts":"2026-08-11T12:07:53.249+02:00","eventName":"n8n.audit.workflow.updated","message":"n8n.audit.workflow.updated","payload":{"userId":"9c968acf-8060-4d0b-9187-dde49eae5716","_email":"demo@email.com","_firstName":"demo","_lastName":"demo","globalRole":"global:owner","workflowId":"icMHjYIDJfI6WAq5","workflowName":"training_management"}}
{"__type":"$$EventMessageConfirm","confirm":"59c54ec5-db8d-49b6-8c3a-049546899a24","ts":"2026-08-11T12:07:53.250+02:00","source":{"id":"0","name":"eventBus"}}
{"__type":"$$EventMessageAudit","id":"9888e159-ba19-46cd-8655-5ae9ca2c5423","ts":"2026-08-11T12:07:57.294+02:00","eventName":"n8n.audit.workflow.updated","message":"n8n.audit.workflow.updated","payload":{"userId":"9c968acf-8060-4d0b-9187-dde49eae5716","_email":"demo@email.com","_firstName":"demo","_lastName":"demo","globalRole":"global:owner","workflowId":"icMHjYIDJfI6WAq5","workflowName":"training_management"}}
{"__type":"$$EventMessageConfirm","confirm":"9888e159-ba19-46cd-8655-5ae9ca2c5423","ts":"2026-08-11T12:07:57.295+02:00","source":{"id":"0","name":"eventBus"}}
{"__type":"$$EventMessageAudit","id":"60357c6f-2981-4f0c-b1cd-5ba03eb42d69","ts":"2026-08-11T12:08:42.845+02:00","eventName":"n8n.audit.user.credentials.created","message":"n8n.audit.user.credentials.created","payload":{"userId":"9c968acf-8060-4d0b-9187-dde49eae5716","_email":"demo@email.com","_firstName":"demo","_lastName":"demo","globalRole":"global:owner","credentialType":"httpBearerAuth","credentialId":"lF53u1dPb9tGctgw","publicApi":false,"projectId":"VP8sweUdS4KlmzVv","projectType":"personal","isDynamic":false,"usesExternalSecrets":false,"jweEnabled":false,"supportsManagedAuth":false,"usesManagedAuth":false}}
{"__type":"$$EventMessageConfirm","confirm":"60357c6f-2981-4f0c-b1cd-5ba03eb42d69","ts":"2026-08-11T12:08:42.846+02:00","source":{"id":"0","name":"eventBus"}}
{"__type":"$$EventMessageAudit","id":"041fae1a-a32b-4c30-9b3b-0e305997945e","ts":"2026-08-11T12:08:44.412+02:00","eventName":"n8n.audit.workflow.updated","message":"n8n.audit.workflow.updated","payload":{"userId":"9c968acf-8060-4d0b-9187-dde49eae5716","_email":"demo@email.com","_firstName":"demo","_lastName":"demo","globalRole":"global:owner","workflowId":"icMHjYIDJfI6WAq5","workflowName":"training_management"}}
{"__type":"$$EventMessageConfirm","confirm":"041fae1a-a32b-4c30-9b3b-0e305997945e","ts":"2026-08-11T12:08:44.412+02:00","source":{"id":"0","name":"eventBus"}}
{"__type":"$$EventMessageAudit","id":"faf86ba8-b407-46c0-8c72-c343ed97a107","ts":"2026-08-11T12:09:21.926+02:00","eventName":"n8n.audit.workflow.executed","message":"n8n.audit.workflow.executed","payload":{"userId":"9c968acf-8060-4d0b-9187-dde49eae5716","_email":"demo@email.com","_firstName":"demo","_lastName":"demo","globalRole":"global:owner","workflowId":"icMHjYIDJfI6WAq5","workflowName":"training_management","executionId":"22","projectId":"VP8sweUdS4KlmzVv","projectName":"demo demo <demo@email.com>","source":"user-manual"}}
{"__type":"$$EventMessageConfirm","confirm":"faf86ba8-b407-46c0-8c72-c343ed97a107","ts":"2026-08-11T12:09:21.927+02:00","source":{"id":"0","name":"eventBus"}}
{"__type":"$$EventMessageWorkflow","id":"82cca267-2300-4679-ba89-f9464ed62d66","ts":"2026-08-11T12:09:21.931+02:00","eventName":"n8n.workflow.started","message":"n8n.workflow.started","payload":{"executionId":"22","workflowId":"icMHjYIDJfI6WAq5","isManual":false,"mode":"manual","workflowName":"training_management","projectId":"VP8sweUdS4KlmzVv","projectName":"demo demo <demo@email.com>"}}
{"__type":"$$EventMessageConfirm","confirm":"82cca267-2300-4679-ba89-f9464ed62d66","ts":"2026-08-11T12:09:21.931+02:00","source":{"id":"0","name":"eventBus"}}
{"__type":"$$EventMessageNode","id":"63579b55-7060-47cf-bd0c-5b62b23e7ca8","ts":"2026-08-11T12:09:21.957+02:00","eventName":"n8n.node.started","message":"n8n.node.started","payload":{"workflowId":"icMHjYIDJfI6WAq5","workflowName":"training_management","executionId":"22","nodeType":"n8n-nodes-base.httpRequest","nodeName":"HTTP Request","nodeId":"33162a68-f02b-489d-a6a3-6a6144673674"}}
{"__type":"$$EventMessageConfirm","confirm":"63579b55-7060-47cf-bd0c-5b62b23e7ca8","ts":"2026-08-11T12:09:21.957+02:00","source":{"id":"0","name":"eventBus"}}
{"__type":"$$EventMessageNode","id":"85a0d0a3-865c-4d21-bb03-0a24da6478b1","ts":"2026-08-11T12:09:21.996+02:00","eventName":"n8n.node.finished","message":"n8n.node.finished","payload":{"workflowId":"icMHjYIDJfI6WAq5","workflowName":"training_management","executionId":"22","nodeType":"n8n-nodes-base.httpRequest","nodeName":"HTTP Request","nodeId":"33162a68-f02b-489d-a6a3-6a6144673674"}}
{"__type":"$$EventMessageConfirm","confirm":"85a0d0a3-865c-4d21-bb03-0a24da6478b1","ts":"2026-08-11T12:09:21.997+02:00","source":{"id":"0","name":"eventBus"}}
{"__type":"$$EventMessageWorkflow","id":"c1f1a1b9-3e58-4dbf-bce4-4faacd8276af","ts":"2026-08-11T12:09:22.002+02:00","eventName":"n8n.workflow.failed","message":"n8n.workflow.failed","payload":{"userId":"9c968acf-8060-4d0b-9187-dde49eae5716","executionId":"22","success":false,"isManual":true,"mode":"manual","workflowId":"icMHjYIDJfI6WAq5","workflowName":"training_management","projectId":"VP8sweUdS4KlmzVv","projectName":"demo demo <demo@email.com>","lastNodeExecuted":"HTTP Request","errorNodeType":"n8n-nodes-base.httpRequest","errorMessage":"The service refused the connection - perhaps it is offline"}}
{"__type":"$$EventMessageConfirm","confirm":"c1f1a1b9-3e58-4dbf-bce4-4faacd8276af","ts":"2026-08-11T12:09:22.002+02:00","source":{"id":"0","name":"eventBus"}}
{"__type":"$$EventMessageAudit","id":"90aa35e1-4c00-40d3-b6a4-13426d068326","ts":"2026-08-11T12:09:44.486+02:00","eventName":"n8n.audit.workflow.updated","message":"n8n.audit.workflow.updated","payload":{"userId":"9c968acf-8060-4d0b-9187-dde49eae5716","_email":"demo@email.com","_firstName":"demo","_lastName":"demo","globalRole":"global:owner","workflowId":"icMHjYIDJfI6WAq5","workflowName":"training_management"}}
{"__type":"$$EventMessageConfirm","confirm":"90aa35e1-4c00-40d3-b6a4-13426d068326","ts":"2026-08-11T12:09:44.487+02:00","source":{"id":"0","name":"eventBus"}}
{"__type":"$$EventMessageAudit","id":"71aef0c8-5b05-4535-8c57-972396dd07ed","ts":"2026-08-11T12:09:54.244+02:00","eventName":"n8n.audit.workflow.updated","message":"n8n.audit.workflow.updated","payload":{"userId":"9c968acf-8060-4d0b-9187-dde49eae5716","_email":"demo@email.com","_firstName":"demo","_lastName":"demo","globalRole":"global:owner","workflowId":"icMHjYIDJfI6WAq5","workflowName":"training_management"}}
{"__type":"$$EventMessageConfirm","confirm":"71aef0c8-5b05-4535-8c57-972396dd07ed","ts":"2026-08-11T12:09:54.244+02:00","source":{"id":"0","name":"eventBus"}}
{"__type":"$$EventMessageAudit","id":"004be6ac-1cde-4a0e-b932-7cc2ab43fb63","ts":"2026-08-11T12:10:09.247+02:00","eventName":"n8n.audit.workflow.updated","message":"n8n.audit.workflow.updated","payload":{"userId":"9c968acf-8060-4d0b-9187-dde49eae5716","_email":"demo@email.com","_firstName":"demo","_lastName":"demo","globalRole":"global:owner","workflowId":"icMHjYIDJfI6WAq5","workflowName":"training_management"}}
{"__type":"$$EventMessageConfirm","confirm":"004be6ac-1cde-4a0e-b932-7cc2ab43fb63","ts":"2026-08-11T12:10:09.247+02:00","source":{"id":"0","name":"eventBus"}}
{"__type":"$$EventMessageAudit","id":"f0edd6c4-df22-4ad8-8a0b-cf7c380ccca5","ts":"2026-08-11T12:10:20.288+02:00","eventName":"n8n.audit.workflow.updated","message":"n8n.audit.workflow.updated","payload":{"userId":"9c968acf-8060-4d0b-9187-dde49eae5716","_email":"demo@email.com","_firstName":"demo","_lastName":"demo","globalRole":"global:owner","workflowId":"icMHjYIDJfI6WAq5","workflowName":"training_management"}}
{"__type":"$$EventMessageConfirm","confirm":"f0edd6c4-df22-4ad8-8a0b-cf7c380ccca5","ts":"2026-08-11T12:10:20.288+02:00","source":{"id":"0","name":"eventBus"}}
{"__type":"$$EventMessageAudit","id":"d46fe206-2278-46ad-a3f8-c5eec745a28f","ts":"2026-08-11T12:10:25.164+02:00","eventName":"n8n.audit.workflow.updated","message":"n8n.audit.workflow.updated","payload":{"userId":"9c968acf-8060-4d0b-9187-dde49eae5716","_email":"demo@email.com","_firstName":"demo","_lastName":"demo","globalRole":"global:owner","workflowId":"icMHjYIDJfI6WAq5","workflowName":"training_management"}}
{"__type":"$$EventMessageConfirm","confirm":"d46fe206-2278-46ad-a3f8-c5eec745a28f","ts":"2026-08-11T12:10:25.165+02:00","source":{"id":"0","name":"eventBus"}}
{"__type":"$$EventMessageAudit","id":"a1e279a0-7caa-4de8-a0b7-c40d38aacb18","ts":"2026-08-11T12:10:26.864+02:00","eventName":"n8n.audit.workflow.updated","message":"n8n.audit.workflow.updated","payload":{"userId":"9c968acf-8060-4d0b-9187-dde49eae5716","_email":"demo@email.com","_firstName":"demo","_lastName":"demo","globalRole":"global:owner","workflowId":"icMHjYIDJfI6WAq5","workflowName":"training_management"}}
{"__type":"$$EventMessageConfirm","confirm":"a1e279a0-7caa-4de8-a0b7-c40d38aacb18","ts":"2026-08-11T12:10:26.864+02:00","source":{"id":"0","name":"eventBus"}}
{"__type":"$$EventMessageAudit","id":"d0af27a3-3d80-45f6-a3f9-9a59d2ce27c2","ts":"2026-08-11T12:10:33.142+02:00","eventName":"n8n.audit.workflow.executed","message":"n8n.audit.workflow.executed","payload":{"userId":"9c968acf-8060-4d0b-9187-dde49eae5716","_email":"demo@email.com","_firstName":"demo","_lastName":"demo","globalRole":"global:owner","workflowId":"icMHjYIDJfI6WAq5","workflowName":"training_management","executionId":"23","projectId":"VP8sweUdS4KlmzVv","projectName":"demo demo <demo@email.com>","source":"user-manual"}}
{"__type":"$$EventMessageConfirm","confirm":"d0af27a3-3d80-45f6-a3f9-9a59d2ce27c2","ts":"2026-08-11T12:10:33.142+02:00","source":{"id":"0","name":"eventBus"}}
{"__type":"$$EventMessageWorkflow","id":"e78b11a5-aef9-4c1c-81f9-6b31e600e8b8","ts":"2026-08-11T12:10:33.143+02:00","eventName":"n8n.workflow.started","message":"n8n.workflow.started","payload":{"executionId":"23","workflowId":"icMHjYIDJfI6WAq5","isManual":false,"mode":"manual","workflowName":"training_management","projectId":"VP8sweUdS4KlmzVv","projectName":"demo demo <demo@email.com>"}}
{"__type":"$$EventMessageConfirm","confirm":"e78b11a5-aef9-4c1c-81f9-6b31e600e8b8","ts":"2026-08-11T12:10:33.143+02:00","source":{"id":"0","name":"eventBus"}}
{"__type":"$$EventMessageNode","id":"6e3c99cd-d06d-48cd-9847-eb13a7a95e0c","ts":"2026-08-11T12:10:33.159+02:00","eventName":"n8n.node.started","message":"n8n.node.started","payload":{"workflowId":"icMHjYIDJfI6WAq5","workflowName":"training_management","executionId":"23","nodeType":"n8n-nodes-base.httpRequest","nodeName":"HTTP Request","nodeId":"33162a68-f02b-489d-a6a3-6a6144673674"}}
{"__type":"$$EventMessageConfirm","confirm":"6e3c99cd-d06d-48cd-9847-eb13a7a95e0c","ts":"2026-08-11T12:10:33.159+02:00","source":{"id":"0","name":"eventBus"}}
{"__type":"$$EventMessageNode","id":"65901455-4ec6-45a4-81a1-8c0a3fe10186","ts":"2026-08-11T12:10:33.171+02:00","eventName":"n8n.node.finished","message":"n8n.node.finished","payload":{"workflowId":"icMHjYIDJfI6WAq5","workflowName":"training_management","executionId":"23","nodeType":"n8n-nodes-base.httpRequest","nodeName":"HTTP Request","nodeId":"33162a68-f02b-489d-a6a3-6a6144673674"}}
{"__type":"$$EventMessageConfirm","confirm":"65901455-4ec6-45a4-81a1-8c0a3fe10186","ts":"2026-08-11T12:10:33.172+02:00","source":{"id":"0","name":"eventBus"}}
{"__type":"$$EventMessageWorkflow","id":"8dc9a41e-91ae-4976-a827-ea517800f9e7","ts":"2026-08-11T12:10:33.180+02:00","eventName":"n8n.workflow.failed","message":"n8n.workflow.failed","payload":{"userId":"9c968acf-8060-4d0b-9187-dde49eae5716","executionId":"23","success":false,"isManual":true,"mode":"manual","workflowId":"icMHjYIDJfI6WAq5","workflowName":"training_management","projectId":"VP8sweUdS4KlmzVv","projectName":"demo demo <demo@email.com>","lastNodeExecuted":"HTTP Request","errorNodeType":"n8n-nodes-base.httpRequest","errorMessage":"The service refused the connection - perhaps it is offline"}}
{"__type":"$$EventMessageConfirm","confirm":"8dc9a41e-91ae-4976-a827-ea517800f9e7","ts":"2026-08-11T12:10:33.180+02:00","source":{"id":"0","name":"eventBus"}}
{"__type":"$$EventMessageAudit","id":"c3bc768b-e9f8-439f-9dcc-6f2d27baa2d1","ts":"2026-08-11T12:11:39.647+02:00","eventName":"n8n.audit.workflow.updated","message":"n8n.audit.workflow.updated","payload":{"userId":"9c968acf-8060-4d0b-9187-dde49eae5716","_email":"demo@email.com","_firstName":"demo","_lastName":"demo","globalRole":"global:owner","workflowId":"icMHjYIDJfI6WAq5","workflowName":"training_management"}}
{"__type":"$$EventMessageConfirm","confirm":"c3bc768b-e9f8-439f-9dcc-6f2d27baa2d1","ts":"2026-08-11T12:11:39.647+02:00","source":{"id":"0","name":"eventBus"}}
{"__type":"$$EventMessageAudit","id":"dfb6ec32-f7d5-4333-a50c-09fb7aa9a879","ts":"2026-08-11T12:11:47.477+02:00","eventName":"n8n.audit.workflow.executed","message":"n8n.audit.workflow.executed","payload":{"userId":"9c968acf-8060-4d0b-9187-dde49eae5716","_email":"demo@email.com","_firstName":"demo","_lastName":"demo","globalRole":"global:owner","workflowId":"icMHjYIDJfI6WAq5","workflowName":"training_management","executionId":"24","projectId":"VP8sweUdS4KlmzVv","projectName":"demo demo <demo@email.com>","source":"user-manual"}}
{"__type":"$$EventMessageConfirm","confirm":"dfb6ec32-f7d5-4333-a50c-09fb7aa9a879","ts":"2026-08-11T12:11:47.477+02:00","source":{"id":"0","name":"eventBus"}}
{"__type":"$$EventMessageWorkflow","id":"60f63c2a-fe25-409e-a0cd-503562f75696","ts":"2026-08-11T12:11:47.478+02:00","eventName":"n8n.workflow.started","message":"n8n.workflow.started","payload":{"executionId":"24","workflowId":"icMHjYIDJfI6WAq5","isManual":false,"mode":"manual","workflowName":"training_management","projectId":"VP8sweUdS4KlmzVv","projectName":"demo demo <demo@email.com>"}}
{"__type":"$$EventMessageConfirm","confirm":"60f63c2a-fe25-409e-a0cd-503562f75696","ts":"2026-08-11T12:11:47.478+02:00","source":{"id":"0","name":"eventBus"}}
{"__type":"$$EventMessageNode","id":"fbf448c5-b9e4-49e6-b658-0cca978fb6b5","ts":"2026-08-11T12:11:47.510+02:00","eventName":"n8n.node.started","message":"n8n.node.started","payload":{"workflowId":"icMHjYIDJfI6WAq5","workflowName":"training_management","executionId":"24","nodeType":"n8n-nodes-base.httpRequest","nodeName":"HTTP Request","nodeId":"33162a68-f02b-489d-a6a3-6a6144673674"}}
{"__type":"$$EventMessageConfirm","confirm":"fbf448c5-b9e4-49e6-b658-0cca978fb6b5","ts":"2026-08-11T12:11:47.511+02:00","source":{"id":"0","name":"eventBus"}}
{"__type":"$$EventMessageNode","id":"9e258627-8d8c-4809-bfdf-4330fa617e13","ts":"2026-08-11T12:11:47.598+02:00","eventName":"n8n.node.finished","message":"n8n.node.finished","payload":{"workflowId":"icMHjYIDJfI6WAq5","workflowName":"training_management","executionId":"24","nodeType":"n8n-nodes-base.httpRequest","nodeName":"HTTP Request","nodeId":"33162a68-f02b-489d-a6a3-6a6144673674"}}
{"__type":"$$EventMessageConfirm","confirm":"9e258627-8d8c-4809-bfdf-4330fa617e13","ts":"2026-08-11T12:11:47.599+02:00","source":{"id":"0","name":"eventBus"}}
{"__type":"$$EventMessageWorkflow","id":"d8c7f768-ea55-4f53-af02-29b7f7a109ae","ts":"2026-08-11T12:11:47.604+02:00","eventName":"n8n.workflow.failed","message":"n8n.workflow.failed","payload":{"userId":"9c968acf-8060-4d0b-9187-dde49eae5716","executionId":"24","success":false,"isManual":true,"mode":"manual","workflowId":"icMHjYIDJfI6WAq5","workflowName":"training_management","projectId":"VP8sweUdS4KlmzVv","projectName":"demo demo <demo@email.com>","lastNodeExecuted":"HTTP Request","errorNodeType":"n8n-nodes-base.httpRequest","errorMessage":"The resource you are requesting could not be found"}}
{"__type":"$$EventMessageConfirm","confirm":"d8c7f768-ea55-4f53-af02-29b7f7a109ae","ts":"2026-08-11T12:11:47.604+02:00","source":{"id":"0","name":"eventBus"}}
{"__type":"$$EventMessageAudit","id":"8eca2792-ea4e-4d05-816f-879b06242134","ts":"2026-08-11T12:11:51.238+02:00","eventName":"n8n.audit.workflow.executed","message":"n8n.audit.workflow.executed","payload":{"userId":"9c968acf-8060-4d0b-9187-dde49eae5716","_email":"demo@email.com","_firstName":"demo","_lastName":"demo","globalRole":"global:owner","workflowId":"icMHjYIDJfI6WAq5","workflowName":"training_management","executionId":"25","projectId":"VP8sweUdS4KlmzVv","projectName":"demo demo <demo@email.com>","source":"user-manual"}}
{"__type":"$$EventMessageConfirm","confirm":"8eca2792-ea4e-4d05-816f-879b06242134","ts":"2026-08-11T12:11:51.239+02:00","source":{"id":"0","name":"eventBus"}}
{"__type":"$$EventMessageWorkflow","id":"1402d9f9-b0b7-41a9-9dd8-cb6d50f23209","ts":"2026-08-11T12:11:51.239+02:00","eventName":"n8n.workflow.started","message":"n8n.workflow.started","payload":{"executionId":"25","workflowId":"icMHjYIDJfI6WAq5","isManual":false,"mode":"manual","workflowName":"training_management","projectId":"VP8sweUdS4KlmzVv","projectName":"demo demo <demo@email.com>"}}
{"__type":"$$EventMessageConfirm","confirm":"1402d9f9-b0b7-41a9-9dd8-cb6d50f23209","ts":"2026-08-11T12:11:51.240+02:00","source":{"id":"0","name":"eventBus"}}
{"__type":"$$EventMessageNode","id":"a36aa63b-ff94-43cb-981c-92b5899336bf","ts":"2026-08-11T12:11:51.270+02:00","eventName":"n8n.node.started","message":"n8n.node.started","payload":{"workflowId":"icMHjYIDJfI6WAq5","workflowName":"training_management","executionId":"25","nodeType":"n8n-nodes-base.httpRequest","nodeName":"HTTP Request","nodeId":"33162a68-f02b-489d-a6a3-6a6144673674"}}
{"__type":"$$EventMessageConfirm","confirm":"a36aa63b-ff94-43cb-981c-92b5899336bf","ts":"2026-08-11T12:11:51.270+02:00","source":{"id":"0","name":"eventBus"}}
{"__type":"$$EventMessageNode","id":"4a002442-df44-471b-abca-d992e400893a","ts":"2026-08-11T12:11:51.352+02:00","eventName":"n8n.node.finished","message":"n8n.node.finished","payload":{"workflowId":"icMHjYIDJfI6WAq5","workflowName":"training_management","executionId":"25","nodeType":"n8n-nodes-base.httpRequest","nodeName":"HTTP Request","nodeId":"33162a68-f02b-489d-a6a3-6a6144673674"}}
{"__type":"$$EventMessageConfirm","confirm":"4a002442-df44-471b-abca-d992e400893a","ts":"2026-08-11T12:11:51.353+02:00","source":{"id":"0","name":"eventBus"}}
{"__type":"$$EventMessageWorkflow","id":"ef0901fb-3d73-44ad-81f5-a03ff158d667","ts":"2026-08-11T12:11:51.355+02:00","eventName":"n8n.workflow.failed","message":"n8n.workflow.failed","payload":{"userId":"9c968acf-8060-4d0b-9187-dde49eae5716","executionId":"25","success":false,"isManual":true,"mode":"manual","workflowId":"icMHjYIDJfI6WAq5","workflowName":"training_management","projectId":"VP8sweUdS4KlmzVv","projectName":"demo demo <demo@email.com>","lastNodeExecuted":"HTTP Request","errorNodeType":"n8n-nodes-base.httpRequest","errorMessage":"The resource you are requesting could not be found"}}
{"__type":"$$EventMessageConfirm","confirm":"ef0901fb-3d73-44ad-81f5-a03ff158d667","ts":"2026-08-11T12:11:51.355+02:00","source":{"id":"0","name":"eventBus"}}
{"__type":"$$EventMessageAudit","id":"d55e467d-869b-45a7-9a2b-e3fb87b24261","ts":"2026-08-11T12:11:53.243+02:00","eventName":"n8n.audit.workflow.executed","message":"n8n.audit.workflow.executed","payload":{"userId":"9c968acf-8060-4d0b-9187-dde49eae5716","_email":"demo@email.com","_firstName":"demo","_lastName":"demo","globalRole":"global:owner","workflowId":"icMHjYIDJfI6WAq5","workflowName":"training_management","executionId":"26","projectId":"VP8sweUdS4KlmzVv","projectName":"demo demo <demo@email.com>","source":"user-manual"}}
{"__type":"$$EventMessageConfirm","confirm":"d55e467d-869b-45a7-9a2b-e3fb87b24261","ts":"2026-08-11T12:11:53.244+02:00","source":{"id":"0","name":"eventBus"}}
{"__type":"$$EventMessageWorkflow","id":"37e1e262-0701-4ac7-911b-955bd0321706","ts":"2026-08-11T12:11:53.246+02:00","eventName":"n8n.workflow.started","message":"n8n.workflow.started","payload":{"executionId":"26","workflowId":"icMHjYIDJfI6WAq5","isManual":false,"mode":"manual","workflowName":"training_management","projectId":"VP8sweUdS4KlmzVv","projectName":"demo demo <demo@email.com>"}}
{"__type":"$$EventMessageConfirm","confirm":"37e1e262-0701-4ac7-911b-955bd0321706","ts":"2026-08-11T12:11:53.246+02:00","source":{"id":"0","name":"eventBus"}}
{"__type":"$$EventMessageNode","id":"395a80ea-66c6-4501-acc9-15f7fd06a984","ts":"2026-08-11T12:11:53.275+02:00","eventName":"n8n.node.started","message":"n8n.node.started","payload":{"workflowId":"icMHjYIDJfI6WAq5","workflowName":"training_management","executionId":"26","nodeType":"n8n-nodes-base.httpRequest","nodeName":"HTTP Request","nodeId":"33162a68-f02b-489d-a6a3-6a6144673674"}}
{"__type":"$$EventMessageConfirm","confirm":"395a80ea-66c6-4501-acc9-15f7fd06a984","ts":"2026-08-11T12:11:53.276+02:00","source":{"id":"0","name":"eventBus"}}
{"__type":"$$EventMessageNode","id":"9da1bc0f-9ff4-49c6-b27c-b689b9171921","ts":"2026-08-11T12:11:53.339+02:00","eventName":"n8n.node.finished","message":"n8n.node.finished","payload":{"workflowId":"icMHjYIDJfI6WAq5","workflowName":"training_management","executionId":"26","nodeType":"n8n-nodes-base.httpRequest","nodeName":"HTTP Request","nodeId":"33162a68-f02b-489d-a6a3-6a6144673674"}}
{"__type":"$$EventMessageConfirm","confirm":"9da1bc0f-9ff4-49c6-b27c-b689b9171921","ts":"2026-08-11T12:11:53.340+02:00","source":{"id":"0","name":"eventBus"}}
{"__type":"$$EventMessageWorkflow","id":"c510310c-7b7e-46c9-ac70-749a42392a7e","ts":"2026-08-11T12:11:53.348+02:00","eventName":"n8n.workflow.failed","message":"n8n.workflow.failed","payload":{"userId":"9c968acf-8060-4d0b-9187-dde49eae5716","executionId":"26","success":false,"isManual":true,"mode":"manual","workflowId":"icMHjYIDJfI6WAq5","workflowName":"training_management","projectId":"VP8sweUdS4KlmzVv","projectName":"demo demo <demo@email.com>","lastNodeExecuted":"HTTP Request","errorNodeType":"n8n-nodes-base.httpRequest","errorMessage":"The resource you are requesting could not be found"}}
{"__type":"$$EventMessageConfirm","confirm":"c510310c-7b7e-46c9-ac70-749a42392a7e","ts":"2026-08-11T12:11:53.349+02:00","source":{"id":"0","name":"eventBus"}}
{"__type":"$$EventMessageAudit","id":"7cfcd288-b3c1-43fc-a18c-252c91c0597a","ts":"2026-08-11T12:12:19.406+02:00","eventName":"n8n.audit.workflow.executed","message":"n8n.audit.workflow.executed","payload":{"userId":"9c968acf-8060-4d0b-9187-dde49eae5716","_email":"demo@email.com","_firstName":"demo","_lastName":"demo","globalRole":"global:owner","workflowId":"icMHjYIDJfI6WAq5","workflowName":"training_management","executionId":"27","projectId":"VP8sweUdS4KlmzVv","projectName":"demo demo <demo@email.com>","source":"user-manual"}}
{"__type":"$$EventMessageConfirm","confirm":"7cfcd288-b3c1-43fc-a18c-252c91c0597a","ts":"2026-08-11T12:12:19.408+02:00","source":{"id":"0","name":"eventBus"}}
{"__type":"$$EventMessageWorkflow","id":"ad0d6f6b-f800-46cc-80bc-89a8fc310edc","ts":"2026-08-11T12:12:19.413+02:00","eventName":"n8n.workflow.started","message":"n8n.workflow.started","payload":{"executionId":"27","workflowId":"icMHjYIDJfI6WAq5","isManual":false,"mode":"manual","workflowName":"training_management","projectId":"VP8sweUdS4KlmzVv","projectName":"demo demo <demo@email.com>"}}
{"__type":"$$EventMessageConfirm","confirm":"ad0d6f6b-f800-46cc-80bc-89a8fc310edc","ts":"2026-08-11T12:12:19.414+02:00","source":{"id":"0","name":"eventBus"}}
{"__type":"$$EventMessageNode","id":"c5cb3620-7ea6-4405-b06b-7299607d8ae3","ts":"2026-08-11T12:12:19.440+02:00","eventName":"n8n.node.started","message":"n8n.node.started","payload":{"workflowId":"icMHjYIDJfI6WAq5","workflowName":"training_management","executionId":"27","nodeType":"n8n-nodes-base.httpRequest","nodeName":"HTTP Request","nodeId":"33162a68-f02b-489d-a6a3-6a6144673674"}}
{"__type":"$$EventMessageConfirm","confirm":"c5cb3620-7ea6-4405-b06b-7299607d8ae3","ts":"2026-08-11T12:12:19.441+02:00","source":{"id":"0","name":"eventBus"}}
{"__type":"$$EventMessageNode","id":"930040e8-c102-48c7-af37-1ef2a51a30b9","ts":"2026-08-11T12:12:19.530+02:00","eventName":"n8n.node.finished","message":"n8n.node.finished","payload":{"workflowId":"icMHjYIDJfI6WAq5","workflowName":"training_management","executionId":"27","nodeType":"n8n-nodes-base.httpRequest","nodeName":"HTTP Request","nodeId":"33162a68-f02b-489d-a6a3-6a6144673674"}}
{"__type":"$$EventMessageConfirm","confirm":"930040e8-c102-48c7-af37-1ef2a51a30b9","ts":"2026-08-11T12:12:19.531+02:00","source":{"id":"0","name":"eventBus"}}
{"__type":"$$EventMessageWorkflow","id":"8dbca04c-2cd9-4ea9-9a83-74dbc96db447","ts":"2026-08-11T12:12:19.544+02:00","eventName":"n8n.workflow.failed","message":"n8n.workflow.failed","payload":{"userId":"9c968acf-8060-4d0b-9187-dde49eae5716","executionId":"27","success":false,"isManual":true,"mode":"manual","workflowId":"icMHjYIDJfI6WAq5","workflowName":"training_management","projectId":"VP8sweUdS4KlmzVv","projectName":"demo demo <demo@email.com>","lastNodeExecuted":"HTTP Request","errorNodeType":"n8n-nodes-base.httpRequest","errorMessage":"The resource you are requesting could not be found"}}
{"__type":"$$EventMessageConfirm","confirm":"8dbca04c-2cd9-4ea9-9a83-74dbc96db447","ts":"2026-08-11T12:12:19.545+02:00","source":{"id":"0","name":"eventBus"}}
{"__type":"$$EventMessageAudit","id":"8b26100d-dcd2-4b8d-b049-e76b40ee3fbc","ts":"2026-08-11T12:13:41.854+02:00","eventName":"n8n.audit.workflow.executed","message":"n8n.audit.workflow.executed","payload":{"userId":"9c968acf-8060-4d0b-9187-dde49eae5716","_email":"demo@email.com","_firstName":"demo","_lastName":"demo","globalRole":"global:owner","workflowId":"icMHjYIDJfI6WAq5","workflowName":"training_management","executionId":"28","projectId":"VP8sweUdS4KlmzVv","projectName":"demo demo <demo@email.com>","source":"user-manual"}}
{"__type":"$$EventMessageConfirm","confirm":"8b26100d-dcd2-4b8d-b049-e76b40ee3fbc","ts":"2026-08-11T12:13:41.854+02:00","source":{"id":"0","name":"eventBus"}}
{"__type":"$$EventMessageWorkflow","id":"ddd9fa19-f5d5-47f9-bca2-59795cd422c3","ts":"2026-08-11T12:13:41.856+02:00","eventName":"n8n.workflow.started","message":"n8n.workflow.started","payload":{"executionId":"28","workflowId":"icMHjYIDJfI6WAq5","isManual":false,"mode":"manual","workflowName":"training_management","projectId":"VP8sweUdS4KlmzVv","projectName":"demo demo <demo@email.com>"}}
{"__type":"$$EventMessageConfirm","confirm":"ddd9fa19-f5d5-47f9-bca2-59795cd422c3","ts":"2026-08-11T12:13:41.856+02:00","source":{"id":"0","name":"eventBus"}}
{"__type":"$$EventMessageNode","id":"d03dbb7a-3675-41d8-9345-04200b209323","ts":"2026-08-11T12:13:41.875+02:00","eventName":"n8n.node.started","message":"n8n.node.started","payload":{"workflowId":"icMHjYIDJfI6WAq5","workflowName":"training_management","executionId":"28","nodeType":"n8n-nodes-base.httpRequest","nodeName":"HTTP Request","nodeId":"33162a68-f02b-489d-a6a3-6a6144673674"}}
{"__type":"$$EventMessageConfirm","confirm":"d03dbb7a-3675-41d8-9345-04200b209323","ts":"2026-08-11T12:13:41.876+02:00","source":{"id":"0","name":"eventBus"}}
{"__type":"$$EventMessageNode","id":"038a1c8b-9b4c-4540-ba59-d85af92d2136","ts":"2026-08-11T12:13:41.974+02:00","eventName":"n8n.node.finished","message":"n8n.node.finished","payload":{"workflowId":"icMHjYIDJfI6WAq5","workflowName":"training_management","executionId":"28","nodeType":"n8n-nodes-base.httpRequest","nodeName":"HTTP Request","nodeId":"33162a68-f02b-489d-a6a3-6a6144673674"}}
{"__type":"$$EventMessageConfirm","confirm":"038a1c8b-9b4c-4540-ba59-d85af92d2136","ts":"2026-08-11T12:13:41.975+02:00","source":{"id":"0","name":"eventBus"}}
{"__type":"$$EventMessageWorkflow","id":"051c275a-3fbd-4dde-a3a1-04050de258ab","ts":"2026-08-11T12:13:41.982+02:00","eventName":"n8n.workflow.failed","message":"n8n.workflow.failed","payload":{"userId":"9c968acf-8060-4d0b-9187-dde49eae5716","executionId":"28","success":false,"isManual":true,"mode":"manual","workflowId":"icMHjYIDJfI6WAq5","workflowName":"training_management","projectId":"VP8sweUdS4KlmzVv","projectName":"demo demo <demo@email.com>","lastNodeExecuted":"HTTP Request","errorNodeType":"n8n-nodes-base.httpRequest","errorMessage":"The resource you are requesting could not be found"}}
{"__type":"$$EventMessageConfirm","confirm":"051c275a-3fbd-4dde-a3a1-04050de258ab","ts":"2026-08-11T12:13:41.982+02:00","source":{"id":"0","name":"eventBus"}}
{"__type":"$$EventMessageAudit","id":"66671a49-7d98-41a5-b641-0525e60c0fb0","ts":"2026-08-11T12:15:50.834+02:00","eventName":"n8n.audit.workflow.executed","message":"n8n.audit.workflow.executed","payload":{"userId":"9c968acf-8060-4d0b-9187-dde49eae5716","_email":"demo@email.com","_firstName":"demo","_lastName":"demo","globalRole":"global:owner","workflowId":"icMHjYIDJfI6WAq5","workflowName":"training_management","executionId":"29","projectId":"VP8sweUdS4KlmzVv","projectName":"demo demo <demo@email.com>","source":"user-manual"}}
{"__type":"$$EventMessageConfirm","confirm":"66671a49-7d98-41a5-b641-0525e60c0fb0","ts":"2026-08-11T12:15:50.834+02:00","source":{"id":"0","name":"eventBus"}}
{"__type":"$$EventMessageWorkflow","id":"0df39278-8c8a-4361-8188-7232091a02ea","ts":"2026-08-11T12:15:50.835+02:00","eventName":"n8n.workflow.started","message":"n8n.workflow.started","payload":{"executionId":"29","workflowId":"icMHjYIDJfI6WAq5","isManual":false,"mode":"manual","workflowName":"training_management","projectId":"VP8sweUdS4KlmzVv","projectName":"demo demo <demo@email.com>"}}
{"__type":"$$EventMessageConfirm","confirm":"0df39278-8c8a-4361-8188-7232091a02ea","ts":"2026-08-11T12:15:50.835+02:00","source":{"id":"0","name":"eventBus"}}
{"__type":"$$EventMessageNode","id":"a720b0d7-af2a-424a-961d-9f94c78be050","ts":"2026-08-11T12:15:50.862+02:00","eventName":"n8n.node.started","message":"n8n.node.started","payload":{"workflowId":"icMHjYIDJfI6WAq5","workflowName":"training_management","executionId":"29","nodeType":"n8n-nodes-base.httpRequest","nodeName":"HTTP Request","nodeId":"33162a68-f02b-489d-a6a3-6a6144673674"}}
{"__type":"$$EventMessageConfirm","confirm":"a720b0d7-af2a-424a-961d-9f94c78be050","ts":"2026-08-11T12:15:50.863+02:00","source":{"id":"0","name":"eventBus"}}
{"__type":"$$EventMessageNode","id":"719a14db-2f4a-490d-aa35-0a040d7f1b84","ts":"2026-08-11T12:15:50.941+02:00","eventName":"n8n.node.finished","message":"n8n.node.finished","payload":{"workflowId":"icMHjYIDJfI6WAq5","workflowName":"training_management","executionId":"29","nodeType":"n8n-nodes-base.httpRequest","nodeName":"HTTP Request","nodeId":"33162a68-f02b-489d-a6a3-6a6144673674"}}
{"__type":"$$EventMessageConfirm","confirm":"719a14db-2f4a-490d-aa35-0a040d7f1b84","ts":"2026-08-11T12:15:50.942+02:00","source":{"id":"0","name":"eventBus"}}
{"__type":"$$EventMessageWorkflow","id":"145c38f7-a565-454c-bead-5a51075bc224","ts":"2026-08-11T12:15:50.958+02:00","eventName":"n8n.workflow.failed","message":"n8n.workflow.failed","payload":{"userId":"9c968acf-8060-4d0b-9187-dde49eae5716","executionId":"29","success":false,"isManual":true,"mode":"manual","workflowId":"icMHjYIDJfI6WAq5","workflowName":"training_management","projectId":"VP8sweUdS4KlmzVv","projectName":"demo demo <demo@email.com>","lastNodeExecuted":"HTTP Request","errorNodeType":"n8n-nodes-base.httpRequest","errorMessage":"The resource you are requesting could not be found"}}
{"__type":"$$EventMessageConfirm","confirm":"145c38f7-a565-454c-bead-5a51075bc224","ts":"2026-08-11T12:15:50.960+02:00","source":{"id":"0","name":"eventBus"}}
{"__type":"$$EventMessageAudit","id":"6b3bf0d0-ac99-485a-be71-ed1e8b1145c4","ts":"2026-08-11T12:16:59.995+02:00","eventName":"n8n.audit.workflow.updated","message":"n8n.audit.workflow.updated","payload":{"userId":"9c968acf-8060-4d0b-9187-dde49eae5716","_email":"demo@email.com","_firstName":"demo","_lastName":"demo","globalRole":"global:owner","workflowId":"icMHjYIDJfI6WAq5","workflowName":"training_management"}}
{"__type":"$$EventMessageConfirm","confirm":"6b3bf0d0-ac99-485a-be71-ed1e8b1145c4","ts":"2026-08-11T12:16:59.995+02:00","source":{"id":"0","name":"eventBus"}}
{"__type":"$$EventMessageAudit","id":"68d241fd-0262-4886-8aef-057b83dbf9b0","ts":"2026-08-11T12:17:01.001+02:00","eventName":"n8n.audit.workflow.executed","message":"n8n.audit.workflow.executed","payload":{"userId":"9c968acf-8060-4d0b-9187-dde49eae5716","_email":"demo@email.com","_firstName":"demo","_lastName":"demo","globalRole":"global:owner","workflowId":"icMHjYIDJfI6WAq5","workflowName":"training_management","executionId":"30","projectId":"VP8sweUdS4KlmzVv","projectName":"demo demo <demo@email.com>","source":"user-manual"}}
{"__type":"$$EventMessageConfirm","confirm":"68d241fd-0262-4886-8aef-057b83dbf9b0","ts":"2026-08-11T12:17:01.001+02:00","source":{"id":"0","name":"eventBus"}}
{"__type":"$$EventMessageWorkflow","id":"62f304b9-0c1b-400b-a5ab-1eb93ca8b56b","ts":"2026-08-11T12:17:01.002+02:00","eventName":"n8n.workflow.started","message":"n8n.workflow.started","payload":{"executionId":"30","workflowId":"icMHjYIDJfI6WAq5","isManual":false,"mode":"manual","workflowName":"training_management","projectId":"VP8sweUdS4KlmzVv","projectName":"demo demo <demo@email.com>"}}
{"__type":"$$EventMessageConfirm","confirm":"62f304b9-0c1b-400b-a5ab-1eb93ca8b56b","ts":"2026-08-11T12:17:01.002+02:00","source":{"id":"0","name":"eventBus"}}
{"__type":"$$EventMessageNode","id":"6dc524ff-4465-41d2-b85c-6dbb7f4b32e5","ts":"2026-08-11T12:17:01.019+02:00","eventName":"n8n.node.started","message":"n8n.node.started","payload":{"workflowId":"icMHjYIDJfI6WAq5","workflowName":"training_management","executionId":"30","nodeType":"n8n-nodes-base.httpRequest","nodeName":"HTTP Request","nodeId":"33162a68-f02b-489d-a6a3-6a6144673674"}}
{"__type":"$$EventMessageConfirm","confirm":"6dc524ff-4465-41d2-b85c-6dbb7f4b32e5","ts":"2026-08-11T12:17:01.019+02:00","source":{"id":"0","name":"eventBus"}}
{"__type":"$$EventMessageNode","id":"f5bb9d23-3107-41ae-8524-09a48343e71d","ts":"2026-08-11T12:17:01.088+02:00","eventName":"n8n.node.finished","message":"n8n.node.finished","payload":{"workflowId":"icMHjYIDJfI6WAq5","workflowName":"training_management","executionId":"30","nodeType":"n8n-nodes-base.httpRequest","nodeName":"HTTP Request","nodeId":"33162a68-f02b-489d-a6a3-6a6144673674"}}
{"__type":"$$EventMessageConfirm","confirm":"f5bb9d23-3107-41ae-8524-09a48343e71d","ts":"2026-08-11T12:17:01.089+02:00","source":{"id":"0","name":"eventBus"}}
{"__type":"$$EventMessageWorkflow","id":"0aae7a1a-70a8-482f-9594-23ddc2889d09","ts":"2026-08-11T12:17:01.093+02:00","eventName":"n8n.workflow.failed","message":"n8n.workflow.failed","payload":{"userId":"9c968acf-8060-4d0b-9187-dde49eae5716","executionId":"30","success":false,"isManual":true,"mode":"manual","workflowId":"icMHjYIDJfI6WAq5","workflowName":"training_management","projectId":"VP8sweUdS4KlmzVv","projectName":"demo demo <demo@email.com>","lastNodeExecuted":"HTTP Request","errorNodeType":"n8n-nodes-base.httpRequest","errorMessage":"The resource you are requesting could not be found"}}
{"__type":"$$EventMessageConfirm","confirm":"0aae7a1a-70a8-482f-9594-23ddc2889d09","ts":"2026-08-11T12:17:01.094+02:00","source":{"id":"0","name":"eventBus"}}
{"__type":"$$EventMessageAudit","id":"f7ab43a3-b392-4519-b8fe-4a362f40be1c","ts":"2026-08-11T12:19:19.553+02:00","eventName":"n8n.audit.workflow.executed","message":"n8n.audit.workflow.executed","payload":{"userId":"9c968acf-8060-4d0b-9187-dde49eae5716","_email":"demo@email.com","_firstName":"demo","_lastName":"demo","globalRole":"global:owner","workflowId":"icMHjYIDJfI6WAq5","workflowName":"training_management","executionId":"31","projectId":"VP8sweUdS4KlmzVv","projectName":"demo demo <demo@email.com>","source":"user-manual"}}
{"__type":"$$EventMessageConfirm","confirm":"f7ab43a3-b392-4519-b8fe-4a362f40be1c","ts":"2026-08-11T12:19:19.554+02:00","source":{"id":"0","name":"eventBus"}}
{"__type":"$$EventMessageWorkflow","id":"f54f797a-f83e-4d3e-927b-48abb6aecf61","ts":"2026-08-11T12:19:19.560+02:00","eventName":"n8n.workflow.started","message":"n8n.workflow.started","payload":{"executionId":"31","workflowId":"icMHjYIDJfI6WAq5","isManual":false,"mode":"manual","workflowName":"training_management","projectId":"VP8sweUdS4KlmzVv","projectName":"demo demo <demo@email.com>"}}
{"__type":"$$EventMessageConfirm","confirm":"f54f797a-f83e-4d3e-927b-48abb6aecf61","ts":"2026-08-11T12:19:19.561+02:00","source":{"id":"0","name":"eventBus"}}
{"__type":"$$EventMessageNode","id":"bb354a83-3463-4443-b54c-f1b13a897f4f","ts":"2026-08-11T12:19:19.595+02:00","eventName":"n8n.node.started","message":"n8n.node.started","payload":{"workflowId":"icMHjYIDJfI6WAq5","workflowName":"training_management","executionId":"31","nodeType":"n8n-nodes-base.scheduleTrigger","nodeName":"Schedule Trigger","nodeId":"261bd83c-25ca-496e-b550-43ba053e16be"}}
{"__type":"$$EventMessageConfirm","confirm":"bb354a83-3463-4443-b54c-f1b13a897f4f","ts":"2026-08-11T12:19:19.597+02:00","source":{"id":"0","name":"eventBus"}}
{"__type":"$$EventMessageNode","id":"ece0133f-317c-4c30-8bfc-a0bcb194dbf1","ts":"2026-08-11T12:19:19.619+02:00","eventName":"n8n.node.finished","message":"n8n.node.finished","payload":{"workflowId":"icMHjYIDJfI6WAq5","workflowName":"training_management","executionId":"31","nodeType":"n8n-nodes-base.scheduleTrigger","nodeName":"Schedule Trigger","nodeId":"261bd83c-25ca-496e-b550-43ba053e16be"}}
{"__type":"$$EventMessageConfirm","confirm":"ece0133f-317c-4c30-8bfc-a0bcb194dbf1","ts":"2026-08-11T12:19:19.619+02:00","source":{"id":"0","name":"eventBus"}}
{"__type":"$$EventMessageNode","id":"25f40cf5-21c4-4487-ad52-524541d14895","ts":"2026-08-11T12:19:19.621+02:00","eventName":"n8n.node.started","message":"n8n.node.started","payload":{"workflowId":"icMHjYIDJfI6WAq5","workflowName":"training_management","executionId":"31","nodeType":"n8n-nodes-base.httpRequest","nodeName":"HTTP Request","nodeId":"33162a68-f02b-489d-a6a3-6a6144673674"}}
{"__type":"$$EventMessageConfirm","confirm":"25f40cf5-21c4-4487-ad52-524541d14895","ts":"2026-08-11T12:19:19.622+02:00","source":{"id":"0","name":"eventBus"}}
{"__type":"$$EventMessageNode","id":"2ad8672d-412a-43a0-b729-f923f7e12d26","ts":"2026-08-11T12:19:19.695+02:00","eventName":"n8n.node.finished","message":"n8n.node.finished","payload":{"workflowId":"icMHjYIDJfI6WAq5","workflowName":"training_management","executionId":"31","nodeType":"n8n-nodes-base.httpRequest","nodeName":"HTTP Request","nodeId":"33162a68-f02b-489d-a6a3-6a6144673674"}}
{"__type":"$$EventMessageConfirm","confirm":"2ad8672d-412a-43a0-b729-f923f7e12d26","ts":"2026-08-11T12:19:19.695+02:00","source":{"id":"0","name":"eventBus"}}
{"__type":"$$EventMessageWorkflow","id":"d643acb0-e7ad-4e3f-a849-64d5fe6f743a","ts":"2026-08-11T12:19:19.704+02:00","eventName":"n8n.workflow.failed","message":"n8n.workflow.failed","payload":{"userId":"9c968acf-8060-4d0b-9187-dde49eae5716","executionId":"31","success":false,"isManual":true,"mode":"manual","workflowId":"icMHjYIDJfI6WAq5","workflowName":"training_management","projectId":"VP8sweUdS4KlmzVv","projectName":"demo demo <demo@email.com>","lastNodeExecuted":"HTTP Request","errorNodeType":"n8n-nodes-base.httpRequest","errorMessage":"The resource you are requesting could not be found"}}
{"__type":"$$EventMessageConfirm","confirm":"d643acb0-e7ad-4e3f-a849-64d5fe6f743a","ts":"2026-08-11T12:19:19.706+02:00","source":{"id":"0","name":"eventBus"}}
{"__type":"$$EventMessageAudit","id":"d97bd3b4-4826-4f56-871a-f906fc98f1fd","ts":"2026-08-11T12:22:32.194+02:00","eventName":"n8n.audit.workflow.executed","message":"n8n.audit.workflow.executed","payload":{"userId":"9c968acf-8060-4d0b-9187-dde49eae5716","_email":"demo@email.com","_firstName":"demo","_lastName":"demo","globalRole":"global:owner","workflowId":"icMHjYIDJfI6WAq5","workflowName":"training_management","executionId":"32","projectId":"VP8sweUdS4KlmzVv","projectName":"demo demo <demo@email.com>","source":"user-manual"}}
{"__type":"$$EventMessageConfirm","confirm":"d97bd3b4-4826-4f56-871a-f906fc98f1fd","ts":"2026-08-11T12:22:32.195+02:00","source":{"id":"0","name":"eventBus"}}
{"__type":"$$EventMessageWorkflow","id":"173683d2-93ce-4651-8b6d-91320e1136b2","ts":"2026-08-11T12:22:32.199+02:00","eventName":"n8n.workflow.started","message":"n8n.workflow.started","payload":{"executionId":"32","workflowId":"icMHjYIDJfI6WAq5","isManual":false,"mode":"manual","workflowName":"training_management","projectId":"VP8sweUdS4KlmzVv","projectName":"demo demo <demo@email.com>"}}
{"__type":"$$EventMessageConfirm","confirm":"173683d2-93ce-4651-8b6d-91320e1136b2","ts":"2026-08-11T12:22:32.199+02:00","source":{"id":"0","name":"eventBus"}}
{"__type":"$$EventMessageNode","id":"75500e2f-9474-4ac8-95a1-ffe7ad628f20","ts":"2026-08-11T12:22:32.246+02:00","eventName":"n8n.node.started","message":"n8n.node.started","payload":{"workflowId":"icMHjYIDJfI6WAq5","workflowName":"training_management","executionId":"32","nodeType":"n8n-nodes-base.httpRequest","nodeName":"HTTP Request","nodeId":"33162a68-f02b-489d-a6a3-6a6144673674"}}
{"__type":"$$EventMessageConfirm","confirm":"75500e2f-9474-4ac8-95a1-ffe7ad628f20","ts":"2026-08-11T12:22:32.246+02:00","source":{"id":"0","name":"eventBus"}}
{"__type":"$$EventMessageNode","id":"02946354-6449-457e-a6cd-de46b032d6e0","ts":"2026-08-11T12:22:32.331+02:00","eventName":"n8n.node.finished","message":"n8n.node.finished","payload":{"workflowId":"icMHjYIDJfI6WAq5","workflowName":"training_management","executionId":"32","nodeType":"n8n-nodes-base.httpRequest","nodeName":"HTTP Request","nodeId":"33162a68-f02b-489d-a6a3-6a6144673674"}}
{"__type":"$$EventMessageConfirm","confirm":"02946354-6449-457e-a6cd-de46b032d6e0","ts":"2026-08-11T12:22:32.332+02:00","source":{"id":"0","name":"eventBus"}}
{"__type":"$$EventMessageWorkflow","id":"fc7067e4-e1af-44f0-bd77-f1757e07a58b","ts":"2026-08-11T12:22:32.344+02:00","eventName":"n8n.workflow.failed","message":"n8n.workflow.failed","payload":{"userId":"9c968acf-8060-4d0b-9187-dde49eae5716","executionId":"32","success":false,"isManual":true,"mode":"manual","workflowId":"icMHjYIDJfI6WAq5","workflowName":"training_management","projectId":"VP8sweUdS4KlmzVv","projectName":"demo demo <demo@email.com>","lastNodeExecuted":"HTTP Request","errorNodeType":"n8n-nodes-base.httpRequest","errorMessage":"The resource you are requesting could not be found"}}
{"__type":"$$EventMessageConfirm","confirm":"fc7067e4-e1af-44f0-bd77-f1757e07a58b","ts":"2026-08-11T12:22:32.344+02:00","source":{"id":"0","name":"eventBus"}}
