{"__type":"$$EventMessageAudit","id":"0a26002a-c086-494b-be10-5f9dfb0c0332","ts":"2026-08-11T10:36:50.261+00:00","eventName":"n8n.audit.workflow.executed","message":"n8n.audit.workflow.executed","payload":{"userId":"9c968acf-8060-4d0b-9187-dde49eae5716","_email":"demo@email.com","_firstName":"demo","_lastName":"demo","globalRole":"global:owner","workflowId":"icMHjYIDJfI6WAq5","workflowName":"training_management","executionId":"33","projectId":"VP8sweUdS4KlmzVv","projectName":"demo demo <demo@email.com>","source":"user-manual"}}
{"__type":"$$EventMessageConfirm","confirm":"0a26002a-c086-494b-be10-5f9dfb0c0332","ts":"2026-08-11T10:36:50.265+00:00","source":{"id":"0","name":"eventBus"}}
{"__type":"$$EventMessageWorkflow","id":"8695a751-5039-4f62-9d87-de100f6fc61a","ts":"2026-08-11T10:36:50.279+00:00","eventName":"n8n.workflow.started","message":"n8n.workflow.started","payload":{"executionId":"33","workflowId":"icMHjYIDJfI6WAq5","isManual":false,"mode":"manual","workflowName":"training_management","projectId":"VP8sweUdS4KlmzVv","projectName":"demo demo <demo@email.com>"}}
{"__type":"$$EventMessageConfirm","confirm":"8695a751-5039-4f62-9d87-de100f6fc61a","ts":"2026-08-11T10:36:50.280+00:00","source":{"id":"0","name":"eventBus"}}
{"__type":"$$EventMessageNode","id":"6a2ee514-5dcd-4d71-9c1a-77c05c3a19d5","ts":"2026-08-11T10:36:52.025+00:00","eventName":"n8n.node.started","message":"n8n.node.started","payload":{"workflowId":"icMHjYIDJfI6WAq5","workflowName":"training_management","executionId":"33","nodeType":"n8n-nodes-base.scheduleTrigger","nodeName":"Schedule Trigger","nodeId":"261bd83c-25ca-496e-b550-43ba053e16be"}}
{"__type":"$$EventMessageConfirm","confirm":"6a2ee514-5dcd-4d71-9c1a-77c05c3a19d5","ts":"2026-08-11T10:36:52.026+00:00","source":{"id":"0","name":"eventBus"}}
{"__type":"$$EventMessageNode","id":"f1a5b400-8ed0-42da-bdc0-d6722694f606","ts":"2026-08-11T10:36:52.080+00:00","eventName":"n8n.node.finished","message":"n8n.node.finished","payload":{"workflowId":"icMHjYIDJfI6WAq5","workflowName":"training_management","executionId":"33","nodeType":"n8n-nodes-base.scheduleTrigger","nodeName":"Schedule Trigger","nodeId":"261bd83c-25ca-496e-b550-43ba053e16be"}}
{"__type":"$$EventMessageConfirm","confirm":"f1a5b400-8ed0-42da-bdc0-d6722694f606","ts":"2026-08-11T10:36:52.081+00:00","source":{"id":"0","name":"eventBus"}}
{"__type":"$$EventMessageNode","id":"9ceb507e-48e2-4db6-a906-e120eb1def43","ts":"2026-08-11T10:36:52.089+00:00","eventName":"n8n.node.started","message":"n8n.node.started","payload":{"workflowId":"icMHjYIDJfI6WAq5","workflowName":"training_management","executionId":"33","nodeType":"n8n-nodes-base.httpRequest","nodeName":"HTTP Request","nodeId":"33162a68-f02b-489d-a6a3-6a6144673674"}}
{"__type":"$$EventMessageConfirm","confirm":"9ceb507e-48e2-4db6-a906-e120eb1def43","ts":"2026-08-11T10:36:52.090+00:00","source":{"id":"0","name":"eventBus"}}
{"__type":"$$EventMessageNode","id":"596e7cca-dff7-4054-bf3e-a8829b60f79a","ts":"2026-08-11T10:36:52.532+00:00","eventName":"n8n.node.finished","message":"n8n.node.finished","payload":{"workflowId":"icMHjYIDJfI6WAq5","workflowName":"training_management","executionId":"33","nodeType":"n8n-nodes-base.httpRequest","nodeName":"HTTP Request","nodeId":"33162a68-f02b-489d-a6a3-6a6144673674"}}
{"__type":"$$EventMessageConfirm","confirm":"596e7cca-dff7-4054-bf3e-a8829b60f79a","ts":"2026-08-11T10:36:52.533+00:00","source":{"id":"0","name":"eventBus"}}
{"__type":"$$EventMessageWorkflow","id":"f1b941a8-f625-4ec1-9984-8401243a55d3","ts":"2026-08-11T10:36:52.587+00:00","eventName":"n8n.workflow.failed","message":"n8n.workflow.failed","payload":{"userId":"9c968acf-8060-4d0b-9187-dde49eae5716","executionId":"33","success":false,"isManual":true,"mode":"manual","workflowId":"icMHjYIDJfI6WAq5","workflowName":"training_management","projectId":"VP8sweUdS4KlmzVv","projectName":"demo demo <demo@email.com>","lastNodeExecuted":"HTTP Request","errorNodeType":"n8n-nodes-base.httpRequest","errorMessage":"The resource you are requesting could not be found"}}
{"__type":"$$EventMessageConfirm","confirm":"f1b941a8-f625-4ec1-9984-8401243a55d3","ts":"2026-08-11T10:36:52.588+00:00","source":{"id":"0","name":"eventBus"}}
{"__type":"$$EventMessageAudit","id":"3d702565-938d-40e5-be08-51964a7148bf","ts":"2026-08-11T10:38:47.294+00:00","eventName":"n8n.audit.workflow.executed","message":"n8n.audit.workflow.executed","payload":{"userId":"9c968acf-8060-4d0b-9187-dde49eae5716","_email":"demo@email.com","_firstName":"demo","_lastName":"demo","globalRole":"global:owner","workflowId":"icMHjYIDJfI6WAq5","workflowName":"training_management","executionId":"34","projectId":"VP8sweUdS4KlmzVv","projectName":"demo demo <demo@email.com>","source":"user-manual"}}
{"__type":"$$EventMessageConfirm","confirm":"3d702565-938d-40e5-be08-51964a7148bf","ts":"2026-08-11T10:38:47.295+00:00","source":{"id":"0","name":"eventBus"}}
{"__type":"$$EventMessageWorkflow","id":"303bdb5d-30a6-48ee-9021-81c977c12cf9","ts":"2026-08-11T10:38:47.301+00:00","eventName":"n8n.workflow.started","message":"n8n.workflow.started","payload":{"executionId":"34","workflowId":"icMHjYIDJfI6WAq5","isManual":false,"mode":"manual","workflowName":"training_management","projectId":"VP8sweUdS4KlmzVv","projectName":"demo demo <demo@email.com>"}}
{"__type":"$$EventMessageConfirm","confirm":"303bdb5d-30a6-48ee-9021-81c977c12cf9","ts":"2026-08-11T10:38:47.301+00:00","source":{"id":"0","name":"eventBus"}}
{"__type":"$$EventMessageNode","id":"eeafb22f-7414-43fa-9d59-00d58e039386","ts":"2026-08-11T10:38:47.354+00:00","eventName":"n8n.node.started","message":"n8n.node.started","payload":{"workflowId":"icMHjYIDJfI6WAq5","workflowName":"training_management","executionId":"34","nodeType":"n8n-nodes-base.httpRequest","nodeName":"HTTP Request","nodeId":"33162a68-f02b-489d-a6a3-6a6144673674"}}
{"__type":"$$EventMessageConfirm","confirm":"eeafb22f-7414-43fa-9d59-00d58e039386","ts":"2026-08-11T10:38:47.355+00:00","source":{"id":"0","name":"eventBus"}}
{"__type":"$$EventMessageNode","id":"91569505-ce0a-44b5-a046-530f46b702aa","ts":"2026-08-11T10:38:47.465+00:00","eventName":"n8n.node.finished","message":"n8n.node.finished","payload":{"workflowId":"icMHjYIDJfI6WAq5","workflowName":"training_management","executionId":"34","nodeType":"n8n-nodes-base.httpRequest","nodeName":"HTTP Request","nodeId":"33162a68-f02b-489d-a6a3-6a6144673674"}}
{"__type":"$$EventMessageConfirm","confirm":"91569505-ce0a-44b5-a046-530f46b702aa","ts":"2026-08-11T10:38:47.467+00:00","source":{"id":"0","name":"eventBus"}}
{"__type":"$$EventMessageWorkflow","id":"361ad0e6-0b5e-4a08-9606-0f71b7d7adbd","ts":"2026-08-11T10:38:47.477+00:00","eventName":"n8n.workflow.failed","message":"n8n.workflow.failed","payload":{"userId":"9c968acf-8060-4d0b-9187-dde49eae5716","executionId":"34","success":false,"isManual":true,"mode":"manual","workflowId":"icMHjYIDJfI6WAq5","workflowName":"training_management","projectId":"VP8sweUdS4KlmzVv","projectName":"demo demo <demo@email.com>","lastNodeExecuted":"HTTP Request","errorNodeType":"n8n-nodes-base.httpRequest","errorMessage":"The resource you are requesting could not be found"}}
{"__type":"$$EventMessageConfirm","confirm":"361ad0e6-0b5e-4a08-9606-0f71b7d7adbd","ts":"2026-08-11T10:38:47.477+00:00","source":{"id":"0","name":"eventBus"}}
{"__type":"$$EventMessageAudit","id":"86bb7465-0870-42a2-a453-d512f21ad13c","ts":"2026-08-11T10:43:43.659+00:00","eventName":"n8n.audit.workflow.executed","message":"n8n.audit.workflow.executed","payload":{"userId":"9c968acf-8060-4d0b-9187-dde49eae5716","_email":"demo@email.com","_firstName":"demo","_lastName":"demo","globalRole":"global:owner","workflowId":"icMHjYIDJfI6WAq5","workflowName":"training_management","executionId":"35","projectId":"VP8sweUdS4KlmzVv","projectName":"demo demo <demo@email.com>","source":"user-manual"}}
{"__type":"$$EventMessageConfirm","confirm":"86bb7465-0870-42a2-a453-d512f21ad13c","ts":"2026-08-11T10:43:43.659+00:00","source":{"id":"0","name":"eventBus"}}
{"__type":"$$EventMessageWorkflow","id":"05ca5e60-a867-4e6c-b617-4365864a4f9a","ts":"2026-08-11T10:43:43.661+00:00","eventName":"n8n.workflow.started","message":"n8n.workflow.started","payload":{"executionId":"35","workflowId":"icMHjYIDJfI6WAq5","isManual":false,"mode":"manual","workflowName":"training_management","projectId":"VP8sweUdS4KlmzVv","projectName":"demo demo <demo@email.com>"}}
{"__type":"$$EventMessageConfirm","confirm":"05ca5e60-a867-4e6c-b617-4365864a4f9a","ts":"2026-08-11T10:43:43.661+00:00","source":{"id":"0","name":"eventBus"}}
{"__type":"$$EventMessageNode","id":"cecef48a-bd45-4555-bcf7-59c7740bb205","ts":"2026-08-11T10:43:43.702+00:00","eventName":"n8n.node.started","message":"n8n.node.started","payload":{"workflowId":"icMHjYIDJfI6WAq5","workflowName":"training_management","executionId":"35","nodeType":"n8n-nodes-base.httpRequest","nodeName":"HTTP Request","nodeId":"33162a68-f02b-489d-a6a3-6a6144673674"}}
{"__type":"$$EventMessageConfirm","confirm":"cecef48a-bd45-4555-bcf7-59c7740bb205","ts":"2026-08-11T10:43:43.703+00:00","source":{"id":"0","name":"eventBus"}}
{"__type":"$$EventMessageNode","id":"91357e02-d7d6-4112-9e28-497b858fa24e","ts":"2026-08-11T10:43:44.504+00:00","eventName":"n8n.node.finished","message":"n8n.node.finished","payload":{"workflowId":"icMHjYIDJfI6WAq5","workflowName":"training_management","executionId":"35","nodeType":"n8n-nodes-base.httpRequest","nodeName":"HTTP Request","nodeId":"33162a68-f02b-489d-a6a3-6a6144673674"}}
{"__type":"$$EventMessageConfirm","confirm":"91357e02-d7d6-4112-9e28-497b858fa24e","ts":"2026-08-11T10:43:44.504+00:00","source":{"id":"0","name":"eventBus"}}
{"__type":"$$EventMessageWorkflow","id":"177c6c4b-82af-4442-a0bc-b6e3a3b46cf0","ts":"2026-08-11T10:43:44.515+00:00","eventName":"n8n.workflow.success","message":"n8n.workflow.success","payload":{"userId":"9c968acf-8060-4d0b-9187-dde49eae5716","executionId":"35","success":true,"isManual":true,"mode":"manual","workflowId":"icMHjYIDJfI6WAq5","workflowName":"training_management","projectId":"VP8sweUdS4KlmzVv","projectName":"demo demo <demo@email.com>"}}
{"__type":"$$EventMessageConfirm","confirm":"177c6c4b-82af-4442-a0bc-b6e3a3b46cf0","ts":"2026-08-11T10:43:44.516+00:00","source":{"id":"0","name":"eventBus"}}
{"__type":"$$EventMessageAudit","id":"f166e6b5-aca8-4759-8054-6325485a9f4d","ts":"2026-08-11T10:47:02.483+00:00","eventName":"n8n.audit.workflow.executed","message":"n8n.audit.workflow.executed","payload":{"userId":"9c968acf-8060-4d0b-9187-dde49eae5716","_email":"demo@email.com","_firstName":"demo","_lastName":"demo","globalRole":"global:owner","workflowId":"icMHjYIDJfI6WAq5","workflowName":"training_management","executionId":"36","projectId":"VP8sweUdS4KlmzVv","projectName":"demo demo <demo@email.com>","source":"user-manual"}}
{"__type":"$$EventMessageConfirm","confirm":"f166e6b5-aca8-4759-8054-6325485a9f4d","ts":"2026-08-11T10:47:02.484+00:00","source":{"id":"0","name":"eventBus"}}
{"__type":"$$EventMessageWorkflow","id":"86f3d97f-92a6-4930-92a4-15ebdaee83d6","ts":"2026-08-11T10:47:02.485+00:00","eventName":"n8n.workflow.started","message":"n8n.workflow.started","payload":{"executionId":"36","workflowId":"icMHjYIDJfI6WAq5","isManual":false,"mode":"manual","workflowName":"training_management","projectId":"VP8sweUdS4KlmzVv","projectName":"demo demo <demo@email.com>"}}
{"__type":"$$EventMessageConfirm","confirm":"86f3d97f-92a6-4930-92a4-15ebdaee83d6","ts":"2026-08-11T10:47:02.485+00:00","source":{"id":"0","name":"eventBus"}}
{"__type":"$$EventMessageNode","id":"597a5059-c3d1-445c-b0d0-c6166dab5782","ts":"2026-08-11T10:47:02.507+00:00","eventName":"n8n.node.started","message":"n8n.node.started","payload":{"workflowId":"icMHjYIDJfI6WAq5","workflowName":"training_management","executionId":"36","nodeType":"n8n-nodes-base.httpRequest","nodeName":"HTTP Request","nodeId":"33162a68-f02b-489d-a6a3-6a6144673674"}}
{"__type":"$$EventMessageConfirm","confirm":"597a5059-c3d1-445c-b0d0-c6166dab5782","ts":"2026-08-11T10:47:02.507+00:00","source":{"id":"0","name":"eventBus"}}
{"__type":"$$EventMessageNode","id":"779c656e-87f1-44f4-aeb7-fcdd9958ec40","ts":"2026-08-11T10:47:02.598+00:00","eventName":"n8n.node.finished","message":"n8n.node.finished","payload":{"workflowId":"icMHjYIDJfI6WAq5","workflowName":"training_management","executionId":"36","nodeType":"n8n-nodes-base.httpRequest","nodeName":"HTTP Request","nodeId":"33162a68-f02b-489d-a6a3-6a6144673674"}}
{"__type":"$$EventMessageConfirm","confirm":"779c656e-87f1-44f4-aeb7-fcdd9958ec40","ts":"2026-08-11T10:47:02.598+00:00","source":{"id":"0","name":"eventBus"}}
{"__type":"$$EventMessageWorkflow","id":"78ee618a-7a4f-4869-8759-22056bba354a","ts":"2026-08-11T10:47:02.604+00:00","eventName":"n8n.workflow.success","message":"n8n.workflow.success","payload":{"userId":"9c968acf-8060-4d0b-9187-dde49eae5716","executionId":"36","success":true,"isManual":true,"mode":"manual","workflowId":"icMHjYIDJfI6WAq5","workflowName":"training_management","projectId":"VP8sweUdS4KlmzVv","projectName":"demo demo <demo@email.com>"}}
{"__type":"$$EventMessageConfirm","confirm":"78ee618a-7a4f-4869-8759-22056bba354a","ts":"2026-08-11T10:47:02.604+00:00","source":{"id":"0","name":"eventBus"}}
{"__type":"$$EventMessageAudit","id":"8164ec4b-79ae-4a00-9e22-a975ad24ddca","ts":"2026-08-11T10:47:06.362+00:00","eventName":"n8n.audit.workflow.executed","message":"n8n.audit.workflow.executed","payload":{"userId":"9c968acf-8060-4d0b-9187-dde49eae5716","_email":"demo@email.com","_firstName":"demo","_lastName":"demo","globalRole":"global:owner","workflowId":"icMHjYIDJfI6WAq5","workflowName":"training_management","executionId":"37","projectId":"VP8sweUdS4KlmzVv","projectName":"demo demo <demo@email.com>","source":"user-manual"}}
{"__type":"$$EventMessageConfirm","confirm":"8164ec4b-79ae-4a00-9e22-a975ad24ddca","ts":"2026-08-11T10:47:06.363+00:00","source":{"id":"0","name":"eventBus"}}
{"__type":"$$EventMessageWorkflow","id":"a17c1ecd-4337-430f-8bba-fb8a6f2399d3","ts":"2026-08-11T10:47:06.367+00:00","eventName":"n8n.workflow.started","message":"n8n.workflow.started","payload":{"executionId":"37","workflowId":"icMHjYIDJfI6WAq5","isManual":false,"mode":"manual","workflowName":"training_management","projectId":"VP8sweUdS4KlmzVv","projectName":"demo demo <demo@email.com>"}}
{"__type":"$$EventMessageConfirm","confirm":"a17c1ecd-4337-430f-8bba-fb8a6f2399d3","ts":"2026-08-11T10:47:06.367+00:00","source":{"id":"0","name":"eventBus"}}
{"__type":"$$EventMessageNode","id":"86adea96-caf2-4ad2-931f-c378e3624030","ts":"2026-08-11T10:47:06.399+00:00","eventName":"n8n.node.started","message":"n8n.node.started","payload":{"workflowId":"icMHjYIDJfI6WAq5","workflowName":"training_management","executionId":"37","nodeType":"n8n-nodes-base.httpRequest","nodeName":"HTTP Request","nodeId":"33162a68-f02b-489d-a6a3-6a6144673674"}}
{"__type":"$$EventMessageConfirm","confirm":"86adea96-caf2-4ad2-931f-c378e3624030","ts":"2026-08-11T10:47:06.399+00:00","source":{"id":"0","name":"eventBus"}}
{"__type":"$$EventMessageNode","id":"6ceabb6a-6a0a-4da8-b25d-53e49351677d","ts":"2026-08-11T10:47:06.466+00:00","eventName":"n8n.node.finished","message":"n8n.node.finished","payload":{"workflowId":"icMHjYIDJfI6WAq5","workflowName":"training_management","executionId":"37","nodeType":"n8n-nodes-base.httpRequest","nodeName":"HTTP Request","nodeId":"33162a68-f02b-489d-a6a3-6a6144673674"}}
{"__type":"$$EventMessageConfirm","confirm":"6ceabb6a-6a0a-4da8-b25d-53e49351677d","ts":"2026-08-11T10:47:06.466+00:00","source":{"id":"0","name":"eventBus"}}
{"__type":"$$EventMessageWorkflow","id":"08bf1097-5cb3-4231-a67d-469f19337216","ts":"2026-08-11T10:47:06.476+00:00","eventName":"n8n.workflow.success","message":"n8n.workflow.success","payload":{"userId":"9c968acf-8060-4d0b-9187-dde49eae5716","executionId":"37","success":true,"isManual":true,"mode":"manual","workflowId":"icMHjYIDJfI6WAq5","workflowName":"training_management","projectId":"VP8sweUdS4KlmzVv","projectName":"demo demo <demo@email.com>"}}
{"__type":"$$EventMessageConfirm","confirm":"08bf1097-5cb3-4231-a67d-469f19337216","ts":"2026-08-11T10:47:06.477+00:00","source":{"id":"0","name":"eventBus"}}
{"__type":"$$EventMessageAudit","id":"9a8a46fa-a93e-4b24-96fc-900b6e1e9f2b","ts":"2026-08-11T10:53:56.755+00:00","eventName":"n8n.audit.workflow.executed","message":"n8n.audit.workflow.executed","payload":{"userId":"9c968acf-8060-4d0b-9187-dde49eae5716","_email":"demo@email.com","_firstName":"demo","_lastName":"demo","globalRole":"global:owner","workflowId":"icMHjYIDJfI6WAq5","workflowName":"training_management","executionId":"38","projectId":"VP8sweUdS4KlmzVv","projectName":"demo demo <demo@email.com>","source":"user-manual"}}
{"__type":"$$EventMessageConfirm","confirm":"9a8a46fa-a93e-4b24-96fc-900b6e1e9f2b","ts":"2026-08-11T10:53:56.755+00:00","source":{"id":"0","name":"eventBus"}}
{"__type":"$$EventMessageWorkflow","id":"994fbcd4-9dfb-4a76-8aef-2bb71478ee3e","ts":"2026-08-11T10:53:56.757+00:00","eventName":"n8n.workflow.started","message":"n8n.workflow.started","payload":{"executionId":"38","workflowId":"icMHjYIDJfI6WAq5","isManual":false,"mode":"manual","workflowName":"training_management","projectId":"VP8sweUdS4KlmzVv","projectName":"demo demo <demo@email.com>"}}
{"__type":"$$EventMessageConfirm","confirm":"994fbcd4-9dfb-4a76-8aef-2bb71478ee3e","ts":"2026-08-11T10:53:56.757+00:00","source":{"id":"0","name":"eventBus"}}
{"__type":"$$EventMessageNode","id":"49a64b7a-313e-4f00-94ba-13b44b8488ff","ts":"2026-08-11T10:53:56.799+00:00","eventName":"n8n.node.started","message":"n8n.node.started","payload":{"workflowId":"icMHjYIDJfI6WAq5","workflowName":"training_management","executionId":"38","nodeType":"n8n-nodes-base.httpRequest","nodeName":"HTTP Request","nodeId":"33162a68-f02b-489d-a6a3-6a6144673674"}}
{"__type":"$$EventMessageConfirm","confirm":"49a64b7a-313e-4f00-94ba-13b44b8488ff","ts":"2026-08-11T10:53:56.799+00:00","source":{"id":"0","name":"eventBus"}}
{"__type":"$$EventMessageNode","id":"7ed226e4-319b-4cb0-b99c-ba84514c00fe","ts":"2026-08-11T10:53:56.873+00:00","eventName":"n8n.node.finished","message":"n8n.node.finished","payload":{"workflowId":"icMHjYIDJfI6WAq5","workflowName":"training_management","executionId":"38","nodeType":"n8n-nodes-base.httpRequest","nodeName":"HTTP Request","nodeId":"33162a68-f02b-489d-a6a3-6a6144673674"}}
{"__type":"$$EventMessageConfirm","confirm":"7ed226e4-319b-4cb0-b99c-ba84514c00fe","ts":"2026-08-11T10:53:56.874+00:00","source":{"id":"0","name":"eventBus"}}
{"__type":"$$EventMessageWorkflow","id":"7ebc1a71-d4ed-49f8-8e66-34a621019c85","ts":"2026-08-11T10:53:56.877+00:00","eventName":"n8n.workflow.success","message":"n8n.workflow.success","payload":{"userId":"9c968acf-8060-4d0b-9187-dde49eae5716","executionId":"38","success":true,"isManual":true,"mode":"manual","workflowId":"icMHjYIDJfI6WAq5","workflowName":"training_management","projectId":"VP8sweUdS4KlmzVv","projectName":"demo demo <demo@email.com>"}}
{"__type":"$$EventMessageConfirm","confirm":"7ebc1a71-d4ed-49f8-8e66-34a621019c85","ts":"2026-08-11T10:53:56.877+00:00","source":{"id":"0","name":"eventBus"}}
{"__type":"$$EventMessageAudit","id":"013e7de5-61aa-42c3-8824-1f76502314f9","ts":"2026-08-11T10:54:30.785+00:00","eventName":"n8n.audit.workflow.executed","message":"n8n.audit.workflow.executed","payload":{"userId":"9c968acf-8060-4d0b-9187-dde49eae5716","_email":"demo@email.com","_firstName":"demo","_lastName":"demo","globalRole":"global:owner","workflowId":"icMHjYIDJfI6WAq5","workflowName":"training_management","executionId":"39","projectId":"VP8sweUdS4KlmzVv","projectName":"demo demo <demo@email.com>","source":"user-manual"}}
{"__type":"$$EventMessageConfirm","confirm":"013e7de5-61aa-42c3-8824-1f76502314f9","ts":"2026-08-11T10:54:30.785+00:00","source":{"id":"0","name":"eventBus"}}
{"__type":"$$EventMessageWorkflow","id":"19879bef-a41b-4142-a443-01b445f5f5e6","ts":"2026-08-11T10:54:30.786+00:00","eventName":"n8n.workflow.started","message":"n8n.workflow.started","payload":{"executionId":"39","workflowId":"icMHjYIDJfI6WAq5","isManual":false,"mode":"manual","workflowName":"training_management","projectId":"VP8sweUdS4KlmzVv","projectName":"demo demo <demo@email.com>"}}
{"__type":"$$EventMessageConfirm","confirm":"19879bef-a41b-4142-a443-01b445f5f5e6","ts":"2026-08-11T10:54:30.787+00:00","source":{"id":"0","name":"eventBus"}}
{"__type":"$$EventMessageNode","id":"eabac693-c494-4f67-ad9a-8b388c2eeeb3","ts":"2026-08-11T10:54:30.809+00:00","eventName":"n8n.node.started","message":"n8n.node.started","payload":{"workflowId":"icMHjYIDJfI6WAq5","workflowName":"training_management","executionId":"39","nodeType":"n8n-nodes-base.httpRequest","nodeName":"HTTP Request","nodeId":"33162a68-f02b-489d-a6a3-6a6144673674"}}
{"__type":"$$EventMessageConfirm","confirm":"eabac693-c494-4f67-ad9a-8b388c2eeeb3","ts":"2026-08-11T10:54:30.810+00:00","source":{"id":"0","name":"eventBus"}}
{"__type":"$$EventMessageNode","id":"5bc8b497-318d-4e92-9bcf-4f54ae9d8052","ts":"2026-08-11T10:54:31.456+00:00","eventName":"n8n.node.finished","message":"n8n.node.finished","payload":{"workflowId":"icMHjYIDJfI6WAq5","workflowName":"training_management","executionId":"39","nodeType":"n8n-nodes-base.httpRequest","nodeName":"HTTP Request","nodeId":"33162a68-f02b-489d-a6a3-6a6144673674"}}
{"__type":"$$EventMessageConfirm","confirm":"5bc8b497-318d-4e92-9bcf-4f54ae9d8052","ts":"2026-08-11T10:54:31.457+00:00","source":{"id":"0","name":"eventBus"}}
{"__type":"$$EventMessageWorkflow","id":"cffcc48b-565a-4c8b-a6dc-5c92bf86deb2","ts":"2026-08-11T10:54:31.462+00:00","eventName":"n8n.workflow.success","message":"n8n.workflow.success","payload":{"userId":"9c968acf-8060-4d0b-9187-dde49eae5716","executionId":"39","success":true,"isManual":true,"mode":"manual","workflowId":"icMHjYIDJfI6WAq5","workflowName":"training_management","projectId":"VP8sweUdS4KlmzVv","projectName":"demo demo <demo@email.com>"}}
{"__type":"$$EventMessageConfirm","confirm":"cffcc48b-565a-4c8b-a6dc-5c92bf86deb2","ts":"2026-08-11T10:54:31.462+00:00","source":{"id":"0","name":"eventBus"}}
{"__type":"$$EventMessageAudit","id":"d4bf0f86-3f2c-46c8-bb8c-9095847f81f6","ts":"2026-08-11T10:59:09.627+00:00","eventName":"n8n.audit.workflow.updated","message":"n8n.audit.workflow.updated","payload":{"userId":"9c968acf-8060-4d0b-9187-dde49eae5716","_email":"demo@email.com","_firstName":"demo","_lastName":"demo","globalRole":"global:owner","workflowId":"icMHjYIDJfI6WAq5","workflowName":"training_management"}}
{"__type":"$$EventMessageConfirm","confirm":"d4bf0f86-3f2c-46c8-bb8c-9095847f81f6","ts":"2026-08-11T10:59:09.628+00:00","source":{"id":"0","name":"eventBus"}}
{"__type":"$$EventMessageAudit","id":"303aa5d4-2918-413a-9615-ee41fc8a9e94","ts":"2026-08-11T10:59:24.664+00:00","eventName":"n8n.audit.workflow.updated","message":"n8n.audit.workflow.updated","payload":{"userId":"9c968acf-8060-4d0b-9187-dde49eae5716","_email":"demo@email.com","_firstName":"demo","_lastName":"demo","globalRole":"global:owner","workflowId":"icMHjYIDJfI6WAq5","workflowName":"training_management"}}
{"__type":"$$EventMessageConfirm","confirm":"303aa5d4-2918-413a-9615-ee41fc8a9e94","ts":"2026-08-11T10:59:24.664+00:00","source":{"id":"0","name":"eventBus"}}
{"__type":"$$EventMessageAudit","id":"3a2d5881-d11c-4efb-8e45-7514744cdc3b","ts":"2026-08-11T10:59:31.386+00:00","eventName":"n8n.audit.workflow.updated","message":"n8n.audit.workflow.updated","payload":{"userId":"9c968acf-8060-4d0b-9187-dde49eae5716","_email":"demo@email.com","_firstName":"demo","_lastName":"demo","globalRole":"global:owner","workflowId":"icMHjYIDJfI6WAq5","workflowName":"training_management"}}
{"__type":"$$EventMessageConfirm","confirm":"3a2d5881-d11c-4efb-8e45-7514744cdc3b","ts":"2026-08-11T10:59:31.386+00:00","source":{"id":"0","name":"eventBus"}}
{"__type":"$$EventMessageAudit","id":"494fa3df-f0cf-4b0d-8342-5bde45a1ce07","ts":"2026-08-11T10:59:40.463+00:00","eventName":"n8n.audit.user.credentials.created","message":"n8n.audit.user.credentials.created","payload":{"userId":"9c968acf-8060-4d0b-9187-dde49eae5716","_email":"demo@email.com","_firstName":"demo","_lastName":"demo","globalRole":"global:owner","credentialType":"httpBearerAuth","credentialId":"vvx2kw5zxUqldVAh","publicApi":false,"projectId":"VP8sweUdS4KlmzVv","projectType":"personal","isDynamic":false,"usesExternalSecrets":false,"jweEnabled":false,"supportsManagedAuth":false,"usesManagedAuth":false}}
{"__type":"$$EventMessageConfirm","confirm":"494fa3df-f0cf-4b0d-8342-5bde45a1ce07","ts":"2026-08-11T10:59:40.463+00:00","source":{"id":"0","name":"eventBus"}}
{"__type":"$$EventMessageAudit","id":"bbbacdc2-4efc-4471-b564-8eba9209e61d","ts":"2026-08-11T10:59:41.990+00:00","eventName":"n8n.audit.workflow.updated","message":"n8n.audit.workflow.updated","payload":{"userId":"9c968acf-8060-4d0b-9187-dde49eae5716","_email":"demo@email.com","_firstName":"demo","_lastName":"demo","globalRole":"global:owner","workflowId":"icMHjYIDJfI6WAq5","workflowName":"training_management"}}
{"__type":"$$EventMessageConfirm","confirm":"bbbacdc2-4efc-4471-b564-8eba9209e61d","ts":"2026-08-11T10:59:41.990+00:00","source":{"id":"0","name":"eventBus"}}
{"__type":"$$EventMessageAudit","id":"39cd539f-3274-488f-ab1f-1a856598992d","ts":"2026-08-11T10:59:42.510+00:00","eventName":"n8n.audit.workflow.executed","message":"n8n.audit.workflow.executed","payload":{"userId":"9c968acf-8060-4d0b-9187-dde49eae5716","_email":"demo@email.com","_firstName":"demo","_lastName":"demo","globalRole":"global:owner","workflowId":"icMHjYIDJfI6WAq5","workflowName":"training_management","executionId":"40","projectId":"VP8sweUdS4KlmzVv","projectName":"demo demo <demo@email.com>","source":"user-manual"}}
{"__type":"$$EventMessageConfirm","confirm":"39cd539f-3274-488f-ab1f-1a856598992d","ts":"2026-08-11T10:59:42.510+00:00","source":{"id":"0","name":"eventBus"}}
{"__type":"$$EventMessageWorkflow","id":"7e9ded04-de04-4d84-9a45-335c17c4426b","ts":"2026-08-11T10:59:42.511+00:00","eventName":"n8n.workflow.started","message":"n8n.workflow.started","payload":{"executionId":"40","workflowId":"icMHjYIDJfI6WAq5","isManual":false,"mode":"manual","workflowName":"training_management","projectId":"VP8sweUdS4KlmzVv","projectName":"demo demo <demo@email.com>"}}
{"__type":"$$EventMessageConfirm","confirm":"7e9ded04-de04-4d84-9a45-335c17c4426b","ts":"2026-08-11T10:59:42.511+00:00","source":{"id":"0","name":"eventBus"}}
{"__type":"$$EventMessageNode","id":"45e27424-8904-474c-98e9-1b72e91d3abc","ts":"2026-08-11T10:59:42.547+00:00","eventName":"n8n.node.started","message":"n8n.node.started","payload":{"workflowId":"icMHjYIDJfI6WAq5","workflowName":"training_management","executionId":"40","nodeType":"n8n-nodes-base.httpRequest","nodeName":"HTTP Request","nodeId":"33162a68-f02b-489d-a6a3-6a6144673674"}}
{"__type":"$$EventMessageConfirm","confirm":"45e27424-8904-474c-98e9-1b72e91d3abc","ts":"2026-08-11T10:59:42.547+00:00","source":{"id":"0","name":"eventBus"}}
{"__type":"$$EventMessageNode","id":"60fb8cc1-9636-444c-9aad-4d31bdc66602","ts":"2026-08-11T10:59:42.670+00:00","eventName":"n8n.node.finished","message":"n8n.node.finished","payload":{"workflowId":"icMHjYIDJfI6WAq5","workflowName":"training_management","executionId":"40","nodeType":"n8n-nodes-base.httpRequest","nodeName":"HTTP Request","nodeId":"33162a68-f02b-489d-a6a3-6a6144673674"}}
{"__type":"$$EventMessageConfirm","confirm":"60fb8cc1-9636-444c-9aad-4d31bdc66602","ts":"2026-08-11T10:59:42.671+00:00","source":{"id":"0","name":"eventBus"}}
{"__type":"$$EventMessageWorkflow","id":"bcc68a72-afe3-42ee-bfed-9a53e47463f6","ts":"2026-08-11T10:59:42.677+00:00","eventName":"n8n.workflow.success","message":"n8n.workflow.success","payload":{"userId":"9c968acf-8060-4d0b-9187-dde49eae5716","executionId":"40","success":true,"isManual":true,"mode":"manual","workflowId":"icMHjYIDJfI6WAq5","workflowName":"training_management","projectId":"VP8sweUdS4KlmzVv","projectName":"demo demo <demo@email.com>"}}
{"__type":"$$EventMessageConfirm","confirm":"bcc68a72-afe3-42ee-bfed-9a53e47463f6","ts":"2026-08-11T10:59:42.677+00:00","source":{"id":"0","name":"eventBus"}}
{"__type":"$$EventMessageAudit","id":"f5d09dfb-49e4-4b55-b068-d36b5b612ecd","ts":"2026-08-11T11:17:45.002+00:00","eventName":"n8n.audit.user.credentials.updated","message":"n8n.audit.user.credentials.updated","payload":{"userId":"9c968acf-8060-4d0b-9187-dde49eae5716","_email":"demo@email.com","_firstName":"demo","_lastName":"demo","globalRole":"global:owner","credentialType":"httpBearerAuth","credentialId":"vvx2kw5zxUqldVAh","isDynamic":false,"usesExternalSecrets":false,"jweEnabled":false,"supportsManagedAuth":false,"usesManagedAuth":false}}
{"__type":"$$EventMessageConfirm","confirm":"f5d09dfb-49e4-4b55-b068-d36b5b612ecd","ts":"2026-08-11T11:17:45.002+00:00","source":{"id":"0","name":"eventBus"}}
{"__type":"$$EventMessageAudit","id":"bc2aac05-b478-4c42-87dd-2c47633baca0","ts":"2026-08-11T11:17:48.917+00:00","eventName":"n8n.audit.workflow.executed","message":"n8n.audit.workflow.executed","payload":{"userId":"9c968acf-8060-4d0b-9187-dde49eae5716","_email":"demo@email.com","_firstName":"demo","_lastName":"demo","globalRole":"global:owner","workflowId":"icMHjYIDJfI6WAq5","workflowName":"training_management","executionId":"41","projectId":"VP8sweUdS4KlmzVv","projectName":"demo demo <demo@email.com>","source":"user-manual"}}
{"__type":"$$EventMessageConfirm","confirm":"bc2aac05-b478-4c42-87dd-2c47633baca0","ts":"2026-08-11T11:17:48.917+00:00","source":{"id":"0","name":"eventBus"}}
{"__type":"$$EventMessageWorkflow","id":"da6c59fe-1807-4caa-b107-e1babacd460e","ts":"2026-08-11T11:17:48.918+00:00","eventName":"n8n.workflow.started","message":"n8n.workflow.started","payload":{"executionId":"41","workflowId":"icMHjYIDJfI6WAq5","isManual":false,"mode":"manual","workflowName":"training_management","projectId":"VP8sweUdS4KlmzVv","projectName":"demo demo <demo@email.com>"}}
{"__type":"$$EventMessageConfirm","confirm":"da6c59fe-1807-4caa-b107-e1babacd460e","ts":"2026-08-11T11:17:48.918+00:00","source":{"id":"0","name":"eventBus"}}
{"__type":"$$EventMessageNode","id":"b27cd38b-8516-4077-b657-4ad245ab1d86","ts":"2026-08-11T11:17:48.945+00:00","eventName":"n8n.node.started","message":"n8n.node.started","payload":{"workflowId":"icMHjYIDJfI6WAq5","workflowName":"training_management","executionId":"41","nodeType":"n8n-nodes-base.httpRequest","nodeName":"HTTP Request","nodeId":"33162a68-f02b-489d-a6a3-6a6144673674"}}
{"__type":"$$EventMessageConfirm","confirm":"b27cd38b-8516-4077-b657-4ad245ab1d86","ts":"2026-08-11T11:17:48.945+00:00","source":{"id":"0","name":"eventBus"}}
{"__type":"$$EventMessageNode","id":"a6ab9930-94de-4ab3-ac2a-f7b8b1d8a876","ts":"2026-08-11T11:17:50.276+00:00","eventName":"n8n.node.finished","message":"n8n.node.finished","payload":{"workflowId":"icMHjYIDJfI6WAq5","workflowName":"training_management","executionId":"41","nodeType":"n8n-nodes-base.httpRequest","nodeName":"HTTP Request","nodeId":"33162a68-f02b-489d-a6a3-6a6144673674"}}
{"__type":"$$EventMessageConfirm","confirm":"a6ab9930-94de-4ab3-ac2a-f7b8b1d8a876","ts":"2026-08-11T11:17:50.276+00:00","source":{"id":"0","name":"eventBus"}}
{"__type":"$$EventMessageWorkflow","id":"21d68ca3-d92a-4b88-8c2f-473a9b15399b","ts":"2026-08-11T11:17:50.281+00:00","eventName":"n8n.workflow.success","message":"n8n.workflow.success","payload":{"userId":"9c968acf-8060-4d0b-9187-dde49eae5716","executionId":"41","success":true,"isManual":true,"mode":"manual","workflowId":"icMHjYIDJfI6WAq5","workflowName":"training_management","projectId":"VP8sweUdS4KlmzVv","projectName":"demo demo <demo@email.com>"}}
{"__type":"$$EventMessageConfirm","confirm":"21d68ca3-d92a-4b88-8c2f-473a9b15399b","ts":"2026-08-11T11:17:50.281+00:00","source":{"id":"0","name":"eventBus"}}
{"__type":"$$EventMessageAudit","id":"61d7e187-9e38-41e1-ba2c-23c0f4ddb791","ts":"2026-08-11T11:20:42.662+00:00","eventName":"n8n.audit.workflow.updated","message":"n8n.audit.workflow.updated","payload":{"userId":"9c968acf-8060-4d0b-9187-dde49eae5716","_email":"demo@email.com","_firstName":"demo","_lastName":"demo","globalRole":"global:owner","workflowId":"icMHjYIDJfI6WAq5","workflowName":"training_management"}}
{"__type":"$$EventMessageConfirm","confirm":"61d7e187-9e38-41e1-ba2c-23c0f4ddb791","ts":"2026-08-11T11:20:42.662+00:00","source":{"id":"0","name":"eventBus"}}
{"__type":"$$EventMessageAudit","id":"5404790f-fb33-4929-9de9-98085597dc5e","ts":"2026-08-11T11:20:43.550+00:00","eventName":"n8n.audit.workflow.executed","message":"n8n.audit.workflow.executed","payload":{"userId":"9c968acf-8060-4d0b-9187-dde49eae5716","_email":"demo@email.com","_firstName":"demo","_lastName":"demo","globalRole":"global:owner","workflowId":"icMHjYIDJfI6WAq5","workflowName":"training_management","executionId":"42","projectId":"VP8sweUdS4KlmzVv","projectName":"demo demo <demo@email.com>","source":"user-manual"}}
{"__type":"$$EventMessageConfirm","confirm":"5404790f-fb33-4929-9de9-98085597dc5e","ts":"2026-08-11T11:20:43.551+00:00","source":{"id":"0","name":"eventBus"}}
{"__type":"$$EventMessageWorkflow","id":"3e23ac9b-e8e7-4fd7-935d-4b668eaea555","ts":"2026-08-11T11:20:43.552+00:00","eventName":"n8n.workflow.started","message":"n8n.workflow.started","payload":{"executionId":"42","workflowId":"icMHjYIDJfI6WAq5","isManual":false,"mode":"manual","workflowName":"training_management","projectId":"VP8sweUdS4KlmzVv","projectName":"demo demo <demo@email.com>"}}
{"__type":"$$EventMessageConfirm","confirm":"3e23ac9b-e8e7-4fd7-935d-4b668eaea555","ts":"2026-08-11T11:20:43.552+00:00","source":{"id":"0","name":"eventBus"}}
{"__type":"$$EventMessageNode","id":"27a0b677-b609-4e06-b52c-acd043226af8","ts":"2026-08-11T11:20:43.587+00:00","eventName":"n8n.node.started","message":"n8n.node.started","payload":{"workflowId":"icMHjYIDJfI6WAq5","workflowName":"training_management","executionId":"42","nodeType":"n8n-nodes-base.scheduleTrigger","nodeName":"Schedule Trigger","nodeId":"261bd83c-25ca-496e-b550-43ba053e16be"}}
{"__type":"$$EventMessageConfirm","confirm":"27a0b677-b609-4e06-b52c-acd043226af8","ts":"2026-08-11T11:20:43.588+00:00","source":{"id":"0","name":"eventBus"}}
{"__type":"$$EventMessageNode","id":"c60816e0-c5c2-4835-b1db-7c0ece5286ee","ts":"2026-08-11T11:20:43.596+00:00","eventName":"n8n.node.finished","message":"n8n.node.finished","payload":{"workflowId":"icMHjYIDJfI6WAq5","workflowName":"training_management","executionId":"42","nodeType":"n8n-nodes-base.scheduleTrigger","nodeName":"Schedule Trigger","nodeId":"261bd83c-25ca-496e-b550-43ba053e16be"}}
{"__type":"$$EventMessageConfirm","confirm":"c60816e0-c5c2-4835-b1db-7c0ece5286ee","ts":"2026-08-11T11:20:43.596+00:00","source":{"id":"0","name":"eventBus"}}
{"__type":"$$EventMessageWorkflow","id":"2daac81b-0c74-48cd-b50f-f20f4e1df0f2","ts":"2026-08-11T11:20:43.604+00:00","eventName":"n8n.workflow.success","message":"n8n.workflow.success","payload":{"userId":"9c968acf-8060-4d0b-9187-dde49eae5716","executionId":"42","success":true,"isManual":true,"mode":"manual","workflowId":"icMHjYIDJfI6WAq5","workflowName":"training_management","projectId":"VP8sweUdS4KlmzVv","projectName":"demo demo <demo@email.com>"}}
{"__type":"$$EventMessageConfirm","confirm":"2daac81b-0c74-48cd-b50f-f20f4e1df0f2","ts":"2026-08-11T11:20:43.604+00:00","source":{"id":"0","name":"eventBus"}}
{"__type":"$$EventMessageAudit","id":"173bab06-2a6d-4b06-a067-c11308dab151","ts":"2026-08-11T11:28:14.138+00:00","eventName":"n8n.audit.workflow.updated","message":"n8n.audit.workflow.updated","payload":{"userId":"9c968acf-8060-4d0b-9187-dde49eae5716","_email":"demo@email.com","_firstName":"demo","_lastName":"demo","globalRole":"global:owner","workflowId":"icMHjYIDJfI6WAq5","workflowName":"training_management"}}
{"__type":"$$EventMessageConfirm","confirm":"173bab06-2a6d-4b06-a067-c11308dab151","ts":"2026-08-11T11:28:14.138+00:00","source":{"id":"0","name":"eventBus"}}
{"__type":"$$EventMessageAudit","id":"256027e7-acdf-4dec-9bbb-b529fca52a0d","ts":"2026-08-11T11:28:16.748+00:00","eventName":"n8n.audit.workflow.updated","message":"n8n.audit.workflow.updated","payload":{"userId":"9c968acf-8060-4d0b-9187-dde49eae5716","_email":"demo@email.com","_firstName":"demo","_lastName":"demo","globalRole":"global:owner","workflowId":"icMHjYIDJfI6WAq5","workflowName":"training_management"}}
{"__type":"$$EventMessageConfirm","confirm":"256027e7-acdf-4dec-9bbb-b529fca52a0d","ts":"2026-08-11T11:28:16.748+00:00","source":{"id":"0","name":"eventBus"}}
{"__type":"$$EventMessageAudit","id":"86e7e690-96e3-4c7b-a8d4-e6daf3c8e216","ts":"2026-08-11T11:28:22.691+00:00","eventName":"n8n.audit.workflow.updated","message":"n8n.audit.workflow.updated","payload":{"userId":"9c968acf-8060-4d0b-9187-dde49eae5716","_email":"demo@email.com","_firstName":"demo","_lastName":"demo","globalRole":"global:owner","workflowId":"icMHjYIDJfI6WAq5","workflowName":"training_management"}}
{"__type":"$$EventMessageConfirm","confirm":"86e7e690-96e3-4c7b-a8d4-e6daf3c8e216","ts":"2026-08-11T11:28:22.691+00:00","source":{"id":"0","name":"eventBus"}}
{"__type":"$$EventMessageAudit","id":"283e7d4a-b02d-4415-b3a8-518ca84add48","ts":"2026-08-11T11:28:25.645+00:00","eventName":"n8n.audit.workflow.executed","message":"n8n.audit.workflow.executed","payload":{"userId":"9c968acf-8060-4d0b-9187-dde49eae5716","_email":"demo@email.com","_firstName":"demo","_lastName":"demo","globalRole":"global:owner","workflowId":"icMHjYIDJfI6WAq5","workflowName":"training_management","executionId":"43","projectId":"VP8sweUdS4KlmzVv","projectName":"demo demo <demo@email.com>","source":"user-manual"}}
{"__type":"$$EventMessageConfirm","confirm":"283e7d4a-b02d-4415-b3a8-518ca84add48","ts":"2026-08-11T11:28:25.645+00:00","source":{"id":"0","name":"eventBus"}}
{"__type":"$$EventMessageWorkflow","id":"4815786a-d824-40cb-9d40-c8462c3b095e","ts":"2026-08-11T11:28:25.646+00:00","eventName":"n8n.workflow.started","message":"n8n.workflow.started","payload":{"executionId":"43","workflowId":"icMHjYIDJfI6WAq5","isManual":false,"mode":"manual","workflowName":"training_management","projectId":"VP8sweUdS4KlmzVv","projectName":"demo demo <demo@email.com>"}}
{"__type":"$$EventMessageConfirm","confirm":"4815786a-d824-40cb-9d40-c8462c3b095e","ts":"2026-08-11T11:28:25.646+00:00","source":{"id":"0","name":"eventBus"}}
{"__type":"$$EventMessageNode","id":"049d63a6-43c6-4d80-a2aa-4adc2c1acb2b","ts":"2026-08-11T11:28:25.669+00:00","eventName":"n8n.node.started","message":"n8n.node.started","payload":{"workflowId":"icMHjYIDJfI6WAq5","workflowName":"training_management","executionId":"43","nodeType":"n8n-nodes-base.scheduleTrigger","nodeName":"Schedule Trigger","nodeId":"261bd83c-25ca-496e-b550-43ba053e16be"}}
{"__type":"$$EventMessageConfirm","confirm":"049d63a6-43c6-4d80-a2aa-4adc2c1acb2b","ts":"2026-08-11T11:28:25.669+00:00","source":{"id":"0","name":"eventBus"}}
{"__type":"$$EventMessageNode","id":"d5f0b4ec-193c-43a1-a8b7-231e3a06b19d","ts":"2026-08-11T11:28:25.691+00:00","eventName":"n8n.node.finished","message":"n8n.node.finished","payload":{"workflowId":"icMHjYIDJfI6WAq5","workflowName":"training_management","executionId":"43","nodeType":"n8n-nodes-base.scheduleTrigger","nodeName":"Schedule Trigger","nodeId":"261bd83c-25ca-496e-b550-43ba053e16be"}}
{"__type":"$$EventMessageConfirm","confirm":"d5f0b4ec-193c-43a1-a8b7-231e3a06b19d","ts":"2026-08-11T11:28:25.692+00:00","source":{"id":"0","name":"eventBus"}}
{"__type":"$$EventMessageWorkflow","id":"700e01e9-1c52-490e-9ac7-8ad9da1097d9","ts":"2026-08-11T11:28:25.702+00:00","eventName":"n8n.workflow.success","message":"n8n.workflow.success","payload":{"userId":"9c968acf-8060-4d0b-9187-dde49eae5716","executionId":"43","success":true,"isManual":true,"mode":"manual","workflowId":"icMHjYIDJfI6WAq5","workflowName":"training_management","projectId":"VP8sweUdS4KlmzVv","projectName":"demo demo <demo@email.com>"}}
{"__type":"$$EventMessageConfirm","confirm":"700e01e9-1c52-490e-9ac7-8ad9da1097d9","ts":"2026-08-11T11:28:25.702+00:00","source":{"id":"0","name":"eventBus"}}
{"__type":"$$EventMessageAudit","id":"f2db3708-a686-401a-950e-04cbce83f05f","ts":"2026-08-11T11:28:52.292+00:00","eventName":"n8n.audit.workflow.activated","message":"n8n.audit.workflow.activated","payload":{"userId":"9c968acf-8060-4d0b-9187-dde49eae5716","_email":"demo@email.com","_firstName":"demo","_lastName":"demo","globalRole":"global:owner","workflowId":"icMHjYIDJfI6WAq5","workflowName":"training_management","activeVersionId":"e095afcd-a127-4763-9fbe-85a52ea95055"}}
{"__type":"$$EventMessageConfirm","confirm":"f2db3708-a686-401a-950e-04cbce83f05f","ts":"2026-08-11T11:28:52.292+00:00","source":{"id":"0","name":"eventBus"}}
{"__type":"$$EventMessageWorkflow","id":"574d47bd-b488-470c-8781-9095657f016f","ts":"2026-08-11T11:29:48.960+00:00","eventName":"n8n.workflow.started","message":"n8n.workflow.started","payload":{"executionId":"44","workflowId":"icMHjYIDJfI6WAq5","isManual":false,"mode":"trigger","workflowName":"training_management","projectId":"VP8sweUdS4KlmzVv","projectName":"demo demo <demo@email.com>"}}
{"__type":"$$EventMessageConfirm","confirm":"574d47bd-b488-470c-8781-9095657f016f","ts":"2026-08-11T11:29:48.960+00:00","source":{"id":"0","name":"eventBus"}}
{"__type":"$$EventMessageNode","id":"7b11bae1-e496-4851-af4c-f9dac4b793ad","ts":"2026-08-11T11:29:48.961+00:00","eventName":"n8n.node.started","message":"n8n.node.started","payload":{"workflowId":"icMHjYIDJfI6WAq5","workflowName":"training_management","executionId":"44","nodeType":"n8n-nodes-base.scheduleTrigger","nodeName":"Schedule Trigger","nodeId":"261bd83c-25ca-496e-b550-43ba053e16be"}}
{"__type":"$$EventMessageConfirm","confirm":"7b11bae1-e496-4851-af4c-f9dac4b793ad","ts":"2026-08-11T11:29:48.961+00:00","source":{"id":"0","name":"eventBus"}}
{"__type":"$$EventMessageAudit","id":"e2cb96c3-1fed-447f-bb8f-a5783874dfe5","ts":"2026-08-11T11:29:48.961+00:00","eventName":"n8n.audit.workflow.executed","message":"n8n.audit.workflow.executed","payload":{"workflowId":"icMHjYIDJfI6WAq5","workflowName":"training_management","executionId":"44","projectId":"VP8sweUdS4KlmzVv","projectName":"demo demo <demo@email.com>","source":"trigger"}}
{"__type":"$$EventMessageConfirm","confirm":"e2cb96c3-1fed-447f-bb8f-a5783874dfe5","ts":"2026-08-11T11:29:48.961+00:00","source":{"id":"0","name":"eventBus"}}
{"__type":"$$EventMessageNode","id":"81bd5e29-3bea-4d81-b6d0-86b3b3b7d0e7","ts":"2026-08-11T11:29:48.964+00:00","eventName":"n8n.node.finished","message":"n8n.node.finished","payload":{"workflowId":"icMHjYIDJfI6WAq5","workflowName":"training_management","executionId":"44","nodeType":"n8n-nodes-base.scheduleTrigger","nodeName":"Schedule Trigger","nodeId":"261bd83c-25ca-496e-b550-43ba053e16be"}}
{"__type":"$$EventMessageConfirm","confirm":"81bd5e29-3bea-4d81-b6d0-86b3b3b7d0e7","ts":"2026-08-11T11:29:48.964+00:00","source":{"id":"0","name":"eventBus"}}
{"__type":"$$EventMessageNode","id":"8f1b80d1-79f1-4217-8c15-cfbbabba06ca","ts":"2026-08-11T11:29:48.964+00:00","eventName":"n8n.node.started","message":"n8n.node.started","payload":{"workflowId":"icMHjYIDJfI6WAq5","workflowName":"training_management","executionId":"44","nodeType":"n8n-nodes-base.httpRequest","nodeName":"HTTP Request","nodeId":"33162a68-f02b-489d-a6a3-6a6144673674"}}
{"__type":"$$EventMessageConfirm","confirm":"8f1b80d1-79f1-4217-8c15-cfbbabba06ca","ts":"2026-08-11T11:29:48.964+00:00","source":{"id":"0","name":"eventBus"}}
{"__type":"$$EventMessageNode","id":"ce6c9967-4a80-4ccc-a98b-b9758a831fb0","ts":"2026-08-11T11:29:49.528+00:00","eventName":"n8n.node.finished","message":"n8n.node.finished","payload":{"workflowId":"icMHjYIDJfI6WAq5","workflowName":"training_management","executionId":"44","nodeType":"n8n-nodes-base.httpRequest","nodeName":"HTTP Request","nodeId":"33162a68-f02b-489d-a6a3-6a6144673674"}}
{"__type":"$$EventMessageConfirm","confirm":"ce6c9967-4a80-4ccc-a98b-b9758a831fb0","ts":"2026-08-11T11:29:49.528+00:00","source":{"id":"0","name":"eventBus"}}
{"__type":"$$EventMessageWorkflow","id":"ba663dea-5d8d-46bc-8868-e202896935fa","ts":"2026-08-11T11:29:49.528+00:00","eventName":"n8n.workflow.success","message":"n8n.workflow.success","payload":{"executionId":"44","success":true,"isManual":false,"mode":"trigger","workflowId":"icMHjYIDJfI6WAq5","workflowName":"training_management","projectId":"VP8sweUdS4KlmzVv","projectName":"demo demo <demo@email.com>"}}
{"__type":"$$EventMessageConfirm","confirm":"ba663dea-5d8d-46bc-8868-e202896935fa","ts":"2026-08-11T11:29:49.528+00:00","source":{"id":"0","name":"eventBus"}}
{"__type":"$$EventMessageWorkflow","id":"1a6c0335-7927-4afe-8302-7e6a5e406599","ts":"2026-08-11T11:30:50.816+00:00","eventName":"n8n.workflow.started","message":"n8n.workflow.started","payload":{"executionId":"45","workflowId":"icMHjYIDJfI6WAq5","isManual":false,"mode":"trigger","workflowName":"training_management","projectId":"VP8sweUdS4KlmzVv","projectName":"demo demo <demo@email.com>"}}
{"__type":"$$EventMessageConfirm","confirm":"1a6c0335-7927-4afe-8302-7e6a5e406599","ts":"2026-08-11T11:30:50.816+00:00","source":{"id":"0","name":"eventBus"}}
{"__type":"$$EventMessageNode","id":"e8d01ef8-e561-48a2-b6fa-483d7d807e96","ts":"2026-08-11T11:30:50.816+00:00","eventName":"n8n.node.started","message":"n8n.node.started","payload":{"workflowId":"icMHjYIDJfI6WAq5","workflowName":"training_management","executionId":"45","nodeType":"n8n-nodes-base.scheduleTrigger","nodeName":"Schedule Trigger","nodeId":"261bd83c-25ca-496e-b550-43ba053e16be"}}
{"__type":"$$EventMessageConfirm","confirm":"e8d01ef8-e561-48a2-b6fa-483d7d807e96","ts":"2026-08-11T11:30:50.817+00:00","source":{"id":"0","name":"eventBus"}}
{"__type":"$$EventMessageAudit","id":"bb438c01-7357-4ac7-bf1d-4a02dd7222a8","ts":"2026-08-11T11:30:50.817+00:00","eventName":"n8n.audit.workflow.executed","message":"n8n.audit.workflow.executed","payload":{"workflowId":"icMHjYIDJfI6WAq5","workflowName":"training_management","executionId":"45","projectId":"VP8sweUdS4KlmzVv","projectName":"demo demo <demo@email.com>","source":"trigger"}}
{"__type":"$$EventMessageConfirm","confirm":"bb438c01-7357-4ac7-bf1d-4a02dd7222a8","ts":"2026-08-11T11:30:50.817+00:00","source":{"id":"0","name":"eventBus"}}
{"__type":"$$EventMessageNode","id":"a2a8bf42-9147-4d7d-95b2-444ee34b169c","ts":"2026-08-11T11:30:50.817+00:00","eventName":"n8n.node.finished","message":"n8n.node.finished","payload":{"workflowId":"icMHjYIDJfI6WAq5","workflowName":"training_management","executionId":"45","nodeType":"n8n-nodes-base.scheduleTrigger","nodeName":"Schedule Trigger","nodeId":"261bd83c-25ca-496e-b550-43ba053e16be"}}
{"__type":"$$EventMessageConfirm","confirm":"a2a8bf42-9147-4d7d-95b2-444ee34b169c","ts":"2026-08-11T11:30:50.817+00:00","source":{"id":"0","name":"eventBus"}}
{"__type":"$$EventMessageNode","id":"3a9c8e60-920b-4181-8287-524e13988aa8","ts":"2026-08-11T11:30:50.817+00:00","eventName":"n8n.node.started","message":"n8n.node.started","payload":{"workflowId":"icMHjYIDJfI6WAq5","workflowName":"training_management","executionId":"45","nodeType":"n8n-nodes-base.httpRequest","nodeName":"HTTP Request","nodeId":"33162a68-f02b-489d-a6a3-6a6144673674"}}
{"__type":"$$EventMessageConfirm","confirm":"3a9c8e60-920b-4181-8287-524e13988aa8","ts":"2026-08-11T11:30:50.818+00:00","source":{"id":"0","name":"eventBus"}}
{"__type":"$$EventMessageNode","id":"26360996-e783-4217-a099-43a37ad74d33","ts":"2026-08-11T11:30:51.270+00:00","eventName":"n8n.node.finished","message":"n8n.node.finished","payload":{"workflowId":"icMHjYIDJfI6WAq5","workflowName":"training_management","executionId":"45","nodeType":"n8n-nodes-base.httpRequest","nodeName":"HTTP Request","nodeId":"33162a68-f02b-489d-a6a3-6a6144673674"}}
{"__type":"$$EventMessageConfirm","confirm":"26360996-e783-4217-a099-43a37ad74d33","ts":"2026-08-11T11:30:51.270+00:00","source":{"id":"0","name":"eventBus"}}
{"__type":"$$EventMessageWorkflow","id":"ea86fb17-fd72-4112-85f0-11fe09db2022","ts":"2026-08-11T11:30:51.271+00:00","eventName":"n8n.workflow.success","message":"n8n.workflow.success","payload":{"executionId":"45","success":true,"isManual":false,"mode":"trigger","workflowId":"icMHjYIDJfI6WAq5","workflowName":"training_management","projectId":"VP8sweUdS4KlmzVv","projectName":"demo demo <demo@email.com>"}}
{"__type":"$$EventMessageConfirm","confirm":"ea86fb17-fd72-4112-85f0-11fe09db2022","ts":"2026-08-11T11:30:51.271+00:00","source":{"id":"0","name":"eventBus"}}
{"__type":"$$EventMessageAudit","id":"07873cff-faab-4ee3-b5fb-c5826ca29a37","ts":"2026-08-11T11:31:06.505+00:00","eventName":"n8n.audit.workflow.updated","message":"n8n.audit.workflow.updated","payload":{"userId":"9c968acf-8060-4d0b-9187-dde49eae5716","_email":"demo@email.com","_firstName":"demo","_lastName":"demo","globalRole":"global:owner","workflowId":"icMHjYIDJfI6WAq5","workflowName":"training_management"}}
{"__type":"$$EventMessageConfirm","confirm":"07873cff-faab-4ee3-b5fb-c5826ca29a37","ts":"2026-08-11T11:31:06.505+00:00","source":{"id":"0","name":"eventBus"}}
{"__type":"$$EventMessageWorkflow","id":"6c22a03a-8f04-4eda-a53f-11ac0fb33876","ts":"2026-08-11T11:31:50.694+00:00","eventName":"n8n.workflow.started","message":"n8n.workflow.started","payload":{"executionId":"46","workflowId":"icMHjYIDJfI6WAq5","isManual":false,"mode":"trigger","workflowName":"training_management","projectId":"VP8sweUdS4KlmzVv","projectName":"demo demo <demo@email.com>"}}
{"__type":"$$EventMessageConfirm","confirm":"6c22a03a-8f04-4eda-a53f-11ac0fb33876","ts":"2026-08-11T11:31:50.695+00:00","source":{"id":"0","name":"eventBus"}}
{"__type":"$$EventMessageNode","id":"51c69104-35bf-4847-9275-e6a34f02c6b3","ts":"2026-08-11T11:31:50.695+00:00","eventName":"n8n.node.started","message":"n8n.node.started","payload":{"workflowId":"icMHjYIDJfI6WAq5","workflowName":"training_management","executionId":"46","nodeType":"n8n-nodes-base.scheduleTrigger","nodeName":"Schedule Trigger","nodeId":"261bd83c-25ca-496e-b550-43ba053e16be"}}
{"__type":"$$EventMessageConfirm","confirm":"51c69104-35bf-4847-9275-e6a34f02c6b3","ts":"2026-08-11T11:31:50.695+00:00","source":{"id":"0","name":"eventBus"}}
{"__type":"$$EventMessageAudit","id":"5cc8332d-7f97-4099-8720-27ec9d031f31","ts":"2026-08-11T11:31:50.695+00:00","eventName":"n8n.audit.workflow.executed","message":"n8n.audit.workflow.executed","payload":{"workflowId":"icMHjYIDJfI6WAq5","workflowName":"training_management","executionId":"46","projectId":"VP8sweUdS4KlmzVv","projectName":"demo demo <demo@email.com>","source":"trigger"}}
{"__type":"$$EventMessageConfirm","confirm":"5cc8332d-7f97-4099-8720-27ec9d031f31","ts":"2026-08-11T11:31:50.695+00:00","source":{"id":"0","name":"eventBus"}}
{"__type":"$$EventMessageNode","id":"0cc5e78f-8966-4e97-a5ef-04c06b7f5047","ts":"2026-08-11T11:31:50.695+00:00","eventName":"n8n.node.finished","message":"n8n.node.finished","payload":{"workflowId":"icMHjYIDJfI6WAq5","workflowName":"training_management","executionId":"46","nodeType":"n8n-nodes-base.scheduleTrigger","nodeName":"Schedule Trigger","nodeId":"261bd83c-25ca-496e-b550-43ba053e16be"}}
{"__type":"$$EventMessageConfirm","confirm":"0cc5e78f-8966-4e97-a5ef-04c06b7f5047","ts":"2026-08-11T11:31:50.695+00:00","source":{"id":"0","name":"eventBus"}}
{"__type":"$$EventMessageNode","id":"5828f7dc-c827-414c-9b8c-9cc813f84231","ts":"2026-08-11T11:31:50.695+00:00","eventName":"n8n.node.started","message":"n8n.node.started","payload":{"workflowId":"icMHjYIDJfI6WAq5","workflowName":"training_management","executionId":"46","nodeType":"n8n-nodes-base.httpRequest","nodeName":"HTTP Request","nodeId":"33162a68-f02b-489d-a6a3-6a6144673674"}}
{"__type":"$$EventMessageConfirm","confirm":"5828f7dc-c827-414c-9b8c-9cc813f84231","ts":"2026-08-11T11:31:50.695+00:00","source":{"id":"0","name":"eventBus"}}
{"__type":"$$EventMessageNode","id":"d0b58aec-1fc8-4cdf-a912-0fb183e82ec3","ts":"2026-08-11T11:31:51.351+00:00","eventName":"n8n.node.finished","message":"n8n.node.finished","payload":{"workflowId":"icMHjYIDJfI6WAq5","workflowName":"training_management","executionId":"46","nodeType":"n8n-nodes-base.httpRequest","nodeName":"HTTP Request","nodeId":"33162a68-f02b-489d-a6a3-6a6144673674"}}
{"__type":"$$EventMessageConfirm","confirm":"d0b58aec-1fc8-4cdf-a912-0fb183e82ec3","ts":"2026-08-11T11:31:51.352+00:00","source":{"id":"0","name":"eventBus"}}
{"__type":"$$EventMessageWorkflow","id":"723b83f4-b7a0-4498-951c-0a4646a8d9f9","ts":"2026-08-11T11:31:51.353+00:00","eventName":"n8n.workflow.success","message":"n8n.workflow.success","payload":{"executionId":"46","success":true,"isManual":false,"mode":"trigger","workflowId":"icMHjYIDJfI6WAq5","workflowName":"training_management","projectId":"VP8sweUdS4KlmzVv","projectName":"demo demo <demo@email.com>"}}
{"__type":"$$EventMessageConfirm","confirm":"723b83f4-b7a0-4498-951c-0a4646a8d9f9","ts":"2026-08-11T11:31:51.353+00:00","source":{"id":"0","name":"eventBus"}}
{"__type":"$$EventMessageWorkflow","id":"0a296b61-d91f-42bb-9fb2-ea827c044a6b","ts":"2026-08-11T11:32:50.743+00:00","eventName":"n8n.workflow.started","message":"n8n.workflow.started","payload":{"executionId":"47","workflowId":"icMHjYIDJfI6WAq5","isManual":false,"mode":"trigger","workflowName":"training_management","projectId":"VP8sweUdS4KlmzVv","projectName":"demo demo <demo@email.com>"}}
{"__type":"$$EventMessageConfirm","confirm":"0a296b61-d91f-42bb-9fb2-ea827c044a6b","ts":"2026-08-11T11:32:50.743+00:00","source":{"id":"0","name":"eventBus"}}
{"__type":"$$EventMessageNode","id":"33643506-9505-48bb-8ccc-638a2f20a0ad","ts":"2026-08-11T11:32:50.743+00:00","eventName":"n8n.node.started","message":"n8n.node.started","payload":{"workflowId":"icMHjYIDJfI6WAq5","workflowName":"training_management","executionId":"47","nodeType":"n8n-nodes-base.scheduleTrigger","nodeName":"Schedule Trigger","nodeId":"261bd83c-25ca-496e-b550-43ba053e16be"}}
{"__type":"$$EventMessageConfirm","confirm":"33643506-9505-48bb-8ccc-638a2f20a0ad","ts":"2026-08-11T11:32:50.743+00:00","source":{"id":"0","name":"eventBus"}}
{"__type":"$$EventMessageAudit","id":"90fce944-01a6-41d8-81b7-ba16c29e21ff","ts":"2026-08-11T11:32:50.743+00:00","eventName":"n8n.audit.workflow.executed","message":"n8n.audit.workflow.executed","payload":{"workflowId":"icMHjYIDJfI6WAq5","workflowName":"training_management","executionId":"47","projectId":"VP8sweUdS4KlmzVv","projectName":"demo demo <demo@email.com>","source":"trigger"}}
{"__type":"$$EventMessageConfirm","confirm":"90fce944-01a6-41d8-81b7-ba16c29e21ff","ts":"2026-08-11T11:32:50.743+00:00","source":{"id":"0","name":"eventBus"}}
{"__type":"$$EventMessageNode","id":"b6b4070a-a317-43d7-8edf-c169f7e7dbc8","ts":"2026-08-11T11:32:50.743+00:00","eventName":"n8n.node.finished","message":"n8n.node.finished","payload":{"workflowId":"icMHjYIDJfI6WAq5","workflowName":"training_management","executionId":"47","nodeType":"n8n-nodes-base.scheduleTrigger","nodeName":"Schedule Trigger","nodeId":"261bd83c-25ca-496e-b550-43ba053e16be"}}
{"__type":"$$EventMessageConfirm","confirm":"b6b4070a-a317-43d7-8edf-c169f7e7dbc8","ts":"2026-08-11T11:32:50.743+00:00","source":{"id":"0","name":"eventBus"}}
{"__type":"$$EventMessageNode","id":"547b6210-31b8-40a9-966e-284008fb9007","ts":"2026-08-11T11:32:50.744+00:00","eventName":"n8n.node.started","message":"n8n.node.started","payload":{"workflowId":"icMHjYIDJfI6WAq5","workflowName":"training_management","executionId":"47","nodeType":"n8n-nodes-base.httpRequest","nodeName":"HTTP Request","nodeId":"33162a68-f02b-489d-a6a3-6a6144673674"}}
{"__type":"$$EventMessageConfirm","confirm":"547b6210-31b8-40a9-966e-284008fb9007","ts":"2026-08-11T11:32:50.744+00:00","source":{"id":"0","name":"eventBus"}}
{"__type":"$$EventMessageNode","id":"fc5f95cf-4395-46df-b961-b715fddec3d7","ts":"2026-08-11T11:32:51.195+00:00","eventName":"n8n.node.finished","message":"n8n.node.finished","payload":{"workflowId":"icMHjYIDJfI6WAq5","workflowName":"training_management","executionId":"47","nodeType":"n8n-nodes-base.httpRequest","nodeName":"HTTP Request","nodeId":"33162a68-f02b-489d-a6a3-6a6144673674"}}
{"__type":"$$EventMessageConfirm","confirm":"fc5f95cf-4395-46df-b961-b715fddec3d7","ts":"2026-08-11T11:32:51.195+00:00","source":{"id":"0","name":"eventBus"}}
{"__type":"$$EventMessageWorkflow","id":"12c5d1a3-9a4c-402d-969e-0e775f0a0cc2","ts":"2026-08-11T11:32:51.196+00:00","eventName":"n8n.workflow.success","message":"n8n.workflow.success","payload":{"executionId":"47","success":true,"isManual":false,"mode":"trigger","workflowId":"icMHjYIDJfI6WAq5","workflowName":"training_management","projectId":"VP8sweUdS4KlmzVv","projectName":"demo demo <demo@email.com>"}}
{"__type":"$$EventMessageConfirm","confirm":"12c5d1a3-9a4c-402d-969e-0e775f0a0cc2","ts":"2026-08-11T11:32:51.196+00:00","source":{"id":"0","name":"eventBus"}}
{"__type":"$$EventMessageWorkflow","id":"217d5147-9d83-4dac-9a48-3d66398f18a0","ts":"2026-08-11T11:33:49.292+00:00","eventName":"n8n.workflow.started","message":"n8n.workflow.started","payload":{"executionId":"48","workflowId":"icMHjYIDJfI6WAq5","isManual":false,"mode":"trigger","workflowName":"training_management","projectId":"VP8sweUdS4KlmzVv","projectName":"demo demo <demo@email.com>"}}
{"__type":"$$EventMessageConfirm","confirm":"217d5147-9d83-4dac-9a48-3d66398f18a0","ts":"2026-08-11T11:33:49.293+00:00","source":{"id":"0","name":"eventBus"}}
{"__type":"$$EventMessageNode","id":"3ea34859-af4d-4268-aca3-60969559c2f2","ts":"2026-08-11T11:33:49.293+00:00","eventName":"n8n.node.started","message":"n8n.node.started","payload":{"workflowId":"icMHjYIDJfI6WAq5","workflowName":"training_management","executionId":"48","nodeType":"n8n-nodes-base.scheduleTrigger","nodeName":"Schedule Trigger","nodeId":"261bd83c-25ca-496e-b550-43ba053e16be"}}
{"__type":"$$EventMessageConfirm","confirm":"3ea34859-af4d-4268-aca3-60969559c2f2","ts":"2026-08-11T11:33:49.293+00:00","source":{"id":"0","name":"eventBus"}}
{"__type":"$$EventMessageAudit","id":"1faebac9-c403-4ff5-b4cc-391aecc419a7","ts":"2026-08-11T11:33:49.293+00:00","eventName":"n8n.audit.workflow.executed","message":"n8n.audit.workflow.executed","payload":{"workflowId":"icMHjYIDJfI6WAq5","workflowName":"training_management","executionId":"48","projectId":"VP8sweUdS4KlmzVv","projectName":"demo demo <demo@email.com>","source":"trigger"}}
{"__type":"$$EventMessageConfirm","confirm":"1faebac9-c403-4ff5-b4cc-391aecc419a7","ts":"2026-08-11T11:33:49.293+00:00","source":{"id":"0","name":"eventBus"}}
{"__type":"$$EventMessageNode","id":"5dac693c-a0c2-4753-9de2-9c3dde965e84","ts":"2026-08-11T11:33:49.293+00:00","eventName":"n8n.node.finished","message":"n8n.node.finished","payload":{"workflowId":"icMHjYIDJfI6WAq5","workflowName":"training_management","executionId":"48","nodeType":"n8n-nodes-base.scheduleTrigger","nodeName":"Schedule Trigger","nodeId":"261bd83c-25ca-496e-b550-43ba053e16be"}}
{"__type":"$$EventMessageConfirm","confirm":"5dac693c-a0c2-4753-9de2-9c3dde965e84","ts":"2026-08-11T11:33:49.293+00:00","source":{"id":"0","name":"eventBus"}}
{"__type":"$$EventMessageNode","id":"ddfeac03-4d99-4d9f-85bf-fdd656ae0b1a","ts":"2026-08-11T11:33:49.294+00:00","eventName":"n8n.node.started","message":"n8n.node.started","payload":{"workflowId":"icMHjYIDJfI6WAq5","workflowName":"training_management","executionId":"48","nodeType":"n8n-nodes-base.httpRequest","nodeName":"HTTP Request","nodeId":"33162a68-f02b-489d-a6a3-6a6144673674"}}
{"__type":"$$EventMessageConfirm","confirm":"ddfeac03-4d99-4d9f-85bf-fdd656ae0b1a","ts":"2026-08-11T11:33:49.294+00:00","source":{"id":"0","name":"eventBus"}}
{"__type":"$$EventMessageNode","id":"2be54852-72e1-4292-b279-da76350a505a","ts":"2026-08-11T11:33:49.760+00:00","eventName":"n8n.node.finished","message":"n8n.node.finished","payload":{"workflowId":"icMHjYIDJfI6WAq5","workflowName":"training_management","executionId":"48","nodeType":"n8n-nodes-base.httpRequest","nodeName":"HTTP Request","nodeId":"33162a68-f02b-489d-a6a3-6a6144673674"}}
{"__type":"$$EventMessageConfirm","confirm":"2be54852-72e1-4292-b279-da76350a505a","ts":"2026-08-11T11:33:49.760+00:00","source":{"id":"0","name":"eventBus"}}
{"__type":"$$EventMessageWorkflow","id":"95c2dccf-ec37-4651-8159-cb16e5d1e20c","ts":"2026-08-11T11:33:49.760+00:00","eventName":"n8n.workflow.success","message":"n8n.workflow.success","payload":{"executionId":"48","success":true,"isManual":false,"mode":"trigger","workflowId":"icMHjYIDJfI6WAq5","workflowName":"training_management","projectId":"VP8sweUdS4KlmzVv","projectName":"demo demo <demo@email.com>"}}
{"__type":"$$EventMessageConfirm","confirm":"95c2dccf-ec37-4651-8159-cb16e5d1e20c","ts":"2026-08-11T11:33:49.760+00:00","source":{"id":"0","name":"eventBus"}}
{"__type":"$$EventMessageWorkflow","id":"7a076b5a-fcff-44f8-bd75-05c8d909410f","ts":"2026-08-11T11:34:50.928+00:00","eventName":"n8n.workflow.started","message":"n8n.workflow.started","payload":{"executionId":"49","workflowId":"icMHjYIDJfI6WAq5","isManual":false,"mode":"trigger","workflowName":"training_management","projectId":"VP8sweUdS4KlmzVv","projectName":"demo demo <demo@email.com>"}}
{"__type":"$$EventMessageConfirm","confirm":"7a076b5a-fcff-44f8-bd75-05c8d909410f","ts":"2026-08-11T11:34:50.928+00:00","source":{"id":"0","name":"eventBus"}}
{"__type":"$$EventMessageNode","id":"68ce1403-7f3f-45b6-8758-768a71a0b841","ts":"2026-08-11T11:34:50.928+00:00","eventName":"n8n.node.started","message":"n8n.node.started","payload":{"workflowId":"icMHjYIDJfI6WAq5","workflowName":"training_management","executionId":"49","nodeType":"n8n-nodes-base.scheduleTrigger","nodeName":"Schedule Trigger","nodeId":"261bd83c-25ca-496e-b550-43ba053e16be"}}
{"__type":"$$EventMessageConfirm","confirm":"68ce1403-7f3f-45b6-8758-768a71a0b841","ts":"2026-08-11T11:34:50.928+00:00","source":{"id":"0","name":"eventBus"}}
{"__type":"$$EventMessageAudit","id":"45113af5-cda5-46ce-a797-2d66e3a4ef58","ts":"2026-08-11T11:34:50.928+00:00","eventName":"n8n.audit.workflow.executed","message":"n8n.audit.workflow.executed","payload":{"workflowId":"icMHjYIDJfI6WAq5","workflowName":"training_management","executionId":"49","projectId":"VP8sweUdS4KlmzVv","projectName":"demo demo <demo@email.com>","source":"trigger"}}
{"__type":"$$EventMessageConfirm","confirm":"45113af5-cda5-46ce-a797-2d66e3a4ef58","ts":"2026-08-11T11:34:50.928+00:00","source":{"id":"0","name":"eventBus"}}
{"__type":"$$EventMessageNode","id":"a0e12a45-55bd-4e51-838d-59fffb54f411","ts":"2026-08-11T11:34:50.928+00:00","eventName":"n8n.node.finished","message":"n8n.node.finished","payload":{"workflowId":"icMHjYIDJfI6WAq5","workflowName":"training_management","executionId":"49","nodeType":"n8n-nodes-base.scheduleTrigger","nodeName":"Schedule Trigger","nodeId":"261bd83c-25ca-496e-b550-43ba053e16be"}}
{"__type":"$$EventMessageConfirm","confirm":"a0e12a45-55bd-4e51-838d-59fffb54f411","ts":"2026-08-11T11:34:50.928+00:00","source":{"id":"0","name":"eventBus"}}
{"__type":"$$EventMessageNode","id":"ae32038f-aca0-4b1f-8deb-0f92609e8db9","ts":"2026-08-11T11:34:50.928+00:00","eventName":"n8n.node.started","message":"n8n.node.started","payload":{"workflowId":"icMHjYIDJfI6WAq5","workflowName":"training_management","executionId":"49","nodeType":"n8n-nodes-base.httpRequest","nodeName":"HTTP Request","nodeId":"33162a68-f02b-489d-a6a3-6a6144673674"}}
{"__type":"$$EventMessageConfirm","confirm":"ae32038f-aca0-4b1f-8deb-0f92609e8db9","ts":"2026-08-11T11:34:50.929+00:00","source":{"id":"0","name":"eventBus"}}
{"__type":"$$EventMessageNode","id":"06182c4e-397f-46aa-9b66-98b9eff09e62","ts":"2026-08-11T11:34:51.402+00:00","eventName":"n8n.node.finished","message":"n8n.node.finished","payload":{"workflowId":"icMHjYIDJfI6WAq5","workflowName":"training_management","executionId":"49","nodeType":"n8n-nodes-base.httpRequest","nodeName":"HTTP Request","nodeId":"33162a68-f02b-489d-a6a3-6a6144673674"}}
{"__type":"$$EventMessageConfirm","confirm":"06182c4e-397f-46aa-9b66-98b9eff09e62","ts":"2026-08-11T11:34:51.402+00:00","source":{"id":"0","name":"eventBus"}}
{"__type":"$$EventMessageWorkflow","id":"ed0e7d3a-67d7-45a3-9bbe-e44b8508113f","ts":"2026-08-11T11:34:51.402+00:00","eventName":"n8n.workflow.success","message":"n8n.workflow.success","payload":{"executionId":"49","success":true,"isManual":false,"mode":"trigger","workflowId":"icMHjYIDJfI6WAq5","workflowName":"training_management","projectId":"VP8sweUdS4KlmzVv","projectName":"demo demo <demo@email.com>"}}
{"__type":"$$EventMessageConfirm","confirm":"ed0e7d3a-67d7-45a3-9bbe-e44b8508113f","ts":"2026-08-11T11:34:51.402+00:00","source":{"id":"0","name":"eventBus"}}
{"__type":"$$EventMessageAudit","id":"b4d29043-0fb8-4f7e-b73b-7b8d33b5ebe2","ts":"2026-08-11T11:35:45.621+00:00","eventName":"n8n.audit.workflow.updated","message":"n8n.audit.workflow.updated","payload":{"userId":"9c968acf-8060-4d0b-9187-dde49eae5716","_email":"demo@email.com","_firstName":"demo","_lastName":"demo","globalRole":"global:owner","workflowId":"icMHjYIDJfI6WAq5","workflowName":"training_management"}}
{"__type":"$$EventMessageConfirm","confirm":"b4d29043-0fb8-4f7e-b73b-7b8d33b5ebe2","ts":"2026-08-11T11:35:45.621+00:00","source":{"id":"0","name":"eventBus"}}
{"__type":"$$EventMessageWorkflow","id":"924a65cb-a1f5-4778-b132-1bf65562eb63","ts":"2026-08-11T11:35:50.896+00:00","eventName":"n8n.workflow.started","message":"n8n.workflow.started","payload":{"executionId":"50","workflowId":"icMHjYIDJfI6WAq5","isManual":false,"mode":"trigger","workflowName":"training_management","projectId":"VP8sweUdS4KlmzVv","projectName":"demo demo <demo@email.com>"}}
{"__type":"$$EventMessageConfirm","confirm":"924a65cb-a1f5-4778-b132-1bf65562eb63","ts":"2026-08-11T11:35:50.896+00:00","source":{"id":"0","name":"eventBus"}}
{"__type":"$$EventMessageNode","id":"aa0e9be3-8147-49af-931e-af2b26647359","ts":"2026-08-11T11:35:50.897+00:00","eventName":"n8n.node.started","message":"n8n.node.started","payload":{"workflowId":"icMHjYIDJfI6WAq5","workflowName":"training_management","executionId":"50","nodeType":"n8n-nodes-base.scheduleTrigger","nodeName":"Schedule Trigger","nodeId":"261bd83c-25ca-496e-b550-43ba053e16be"}}
{"__type":"$$EventMessageConfirm","confirm":"aa0e9be3-8147-49af-931e-af2b26647359","ts":"2026-08-11T11:35:50.897+00:00","source":{"id":"0","name":"eventBus"}}
{"__type":"$$EventMessageAudit","id":"594254bf-9a28-4840-9c56-72ab62ad0f65","ts":"2026-08-11T11:35:50.897+00:00","eventName":"n8n.audit.workflow.executed","message":"n8n.audit.workflow.executed","payload":{"workflowId":"icMHjYIDJfI6WAq5","workflowName":"training_management","executionId":"50","projectId":"VP8sweUdS4KlmzVv","projectName":"demo demo <demo@email.com>","source":"trigger"}}
{"__type":"$$EventMessageConfirm","confirm":"594254bf-9a28-4840-9c56-72ab62ad0f65","ts":"2026-08-11T11:35:50.897+00:00","source":{"id":"0","name":"eventBus"}}
{"__type":"$$EventMessageNode","id":"db23a844-1f3e-4ada-a859-e658efeb5415","ts":"2026-08-11T11:35:50.897+00:00","eventName":"n8n.node.finished","message":"n8n.node.finished","payload":{"workflowId":"icMHjYIDJfI6WAq5","workflowName":"training_management","executionId":"50","nodeType":"n8n-nodes-base.scheduleTrigger","nodeName":"Schedule Trigger","nodeId":"261bd83c-25ca-496e-b550-43ba053e16be"}}
{"__type":"$$EventMessageConfirm","confirm":"db23a844-1f3e-4ada-a859-e658efeb5415","ts":"2026-08-11T11:35:50.897+00:00","source":{"id":"0","name":"eventBus"}}
{"__type":"$$EventMessageNode","id":"20db20f2-1a63-41a1-a84b-e2d1b0ef6831","ts":"2026-08-11T11:35:50.897+00:00","eventName":"n8n.node.started","message":"n8n.node.started","payload":{"workflowId":"icMHjYIDJfI6WAq5","workflowName":"training_management","executionId":"50","nodeType":"n8n-nodes-base.httpRequest","nodeName":"HTTP Request","nodeId":"33162a68-f02b-489d-a6a3-6a6144673674"}}
{"__type":"$$EventMessageConfirm","confirm":"20db20f2-1a63-41a1-a84b-e2d1b0ef6831","ts":"2026-08-11T11:35:50.897+00:00","source":{"id":"0","name":"eventBus"}}
{"__type":"$$EventMessageNode","id":"819d0c07-50e6-4f00-afaf-bf5c42727625","ts":"2026-08-11T11:35:51.353+00:00","eventName":"n8n.node.finished","message":"n8n.node.finished","payload":{"workflowId":"icMHjYIDJfI6WAq5","workflowName":"training_management","executionId":"50","nodeType":"n8n-nodes-base.httpRequest","nodeName":"HTTP Request","nodeId":"33162a68-f02b-489d-a6a3-6a6144673674"}}
{"__type":"$$EventMessageConfirm","confirm":"819d0c07-50e6-4f00-afaf-bf5c42727625","ts":"2026-08-11T11:35:51.353+00:00","source":{"id":"0","name":"eventBus"}}
{"__type":"$$EventMessageWorkflow","id":"2b6fd2ee-f925-4d13-b020-0acef280beb2","ts":"2026-08-11T11:35:51.354+00:00","eventName":"n8n.workflow.success","message":"n8n.workflow.success","payload":{"executionId":"50","success":true,"isManual":false,"mode":"trigger","workflowId":"icMHjYIDJfI6WAq5","workflowName":"training_management","projectId":"VP8sweUdS4KlmzVv","projectName":"demo demo <demo@email.com>"}}
{"__type":"$$EventMessageConfirm","confirm":"2b6fd2ee-f925-4d13-b020-0acef280beb2","ts":"2026-08-11T11:35:51.354+00:00","source":{"id":"0","name":"eventBus"}}
{"__type":"$$EventMessageWorkflow","id":"80a77923-e950-43b4-a5a8-bdd14a0b4168","ts":"2026-08-11T11:36:51.016+00:00","eventName":"n8n.workflow.started","message":"n8n.workflow.started","payload":{"executionId":"51","workflowId":"icMHjYIDJfI6WAq5","isManual":false,"mode":"trigger","workflowName":"training_management","projectId":"VP8sweUdS4KlmzVv","projectName":"demo demo <demo@email.com>"}}
{"__type":"$$EventMessageConfirm","confirm":"80a77923-e950-43b4-a5a8-bdd14a0b4168","ts":"2026-08-11T11:36:51.017+00:00","source":{"id":"0","name":"eventBus"}}
{"__type":"$$EventMessageNode","id":"ea3183e0-585e-422e-8890-5cdb89d49300","ts":"2026-08-11T11:36:51.017+00:00","eventName":"n8n.node.started","message":"n8n.node.started","payload":{"workflowId":"icMHjYIDJfI6WAq5","workflowName":"training_management","executionId":"51","nodeType":"n8n-nodes-base.scheduleTrigger","nodeName":"Schedule Trigger","nodeId":"261bd83c-25ca-496e-b550-43ba053e16be"}}
{"__type":"$$EventMessageConfirm","confirm":"ea3183e0-585e-422e-8890-5cdb89d49300","ts":"2026-08-11T11:36:51.017+00:00","source":{"id":"0","name":"eventBus"}}
{"__type":"$$EventMessageAudit","id":"e7281e14-bcb0-476c-ae6c-75aedcb4ef0b","ts":"2026-08-11T11:36:51.017+00:00","eventName":"n8n.audit.workflow.executed","message":"n8n.audit.workflow.executed","payload":{"workflowId":"icMHjYIDJfI6WAq5","workflowName":"training_management","executionId":"51","projectId":"VP8sweUdS4KlmzVv","projectName":"demo demo <demo@email.com>","source":"trigger"}}
{"__type":"$$EventMessageConfirm","confirm":"e7281e14-bcb0-476c-ae6c-75aedcb4ef0b","ts":"2026-08-11T11:36:51.018+00:00","source":{"id":"0","name":"eventBus"}}
{"__type":"$$EventMessageNode","id":"37162cfb-d2e3-41f1-a619-b9fa65fb4fb3","ts":"2026-08-11T11:36:51.018+00:00","eventName":"n8n.node.finished","message":"n8n.node.finished","payload":{"workflowId":"icMHjYIDJfI6WAq5","workflowName":"training_management","executionId":"51","nodeType":"n8n-nodes-base.scheduleTrigger","nodeName":"Schedule Trigger","nodeId":"261bd83c-25ca-496e-b550-43ba053e16be"}}
{"__type":"$$EventMessageConfirm","confirm":"37162cfb-d2e3-41f1-a619-b9fa65fb4fb3","ts":"2026-08-11T11:36:51.018+00:00","source":{"id":"0","name":"eventBus"}}
{"__type":"$$EventMessageNode","id":"8346c49a-05e8-4cfb-aabc-c4fad7ef3f11","ts":"2026-08-11T11:36:51.018+00:00","eventName":"n8n.node.started","message":"n8n.node.started","payload":{"workflowId":"icMHjYIDJfI6WAq5","workflowName":"training_management","executionId":"51","nodeType":"n8n-nodes-base.httpRequest","nodeName":"HTTP Request","nodeId":"33162a68-f02b-489d-a6a3-6a6144673674"}}
{"__type":"$$EventMessageConfirm","confirm":"8346c49a-05e8-4cfb-aabc-c4fad7ef3f11","ts":"2026-08-11T11:36:51.018+00:00","source":{"id":"0","name":"eventBus"}}
{"__type":"$$EventMessageNode","id":"edbf796d-ec2f-40b1-a75c-4e875e2808e5","ts":"2026-08-11T11:36:51.594+00:00","eventName":"n8n.node.finished","message":"n8n.node.finished","payload":{"workflowId":"icMHjYIDJfI6WAq5","workflowName":"training_management","executionId":"51","nodeType":"n8n-nodes-base.httpRequest","nodeName":"HTTP Request","nodeId":"33162a68-f02b-489d-a6a3-6a6144673674"}}
{"__type":"$$EventMessageConfirm","confirm":"edbf796d-ec2f-40b1-a75c-4e875e2808e5","ts":"2026-08-11T11:36:51.594+00:00","source":{"id":"0","name":"eventBus"}}
{"__type":"$$EventMessageWorkflow","id":"cbcbb3f6-2b27-40f6-b16f-051da10ea8d0","ts":"2026-08-11T11:36:51.595+00:00","eventName":"n8n.workflow.success","message":"n8n.workflow.success","payload":{"executionId":"51","success":true,"isManual":false,"mode":"trigger","workflowId":"icMHjYIDJfI6WAq5","workflowName":"training_management","projectId":"VP8sweUdS4KlmzVv","projectName":"demo demo <demo@email.com>"}}
{"__type":"$$EventMessageConfirm","confirm":"cbcbb3f6-2b27-40f6-b16f-051da10ea8d0","ts":"2026-08-11T11:36:51.595+00:00","source":{"id":"0","name":"eventBus"}}
{"__type":"$$EventMessageWorkflow","id":"de82193e-9544-48ff-998f-0e605ace9ec9","ts":"2026-08-11T11:37:48.988+00:00","eventName":"n8n.workflow.started","message":"n8n.workflow.started","payload":{"executionId":"52","workflowId":"icMHjYIDJfI6WAq5","isManual":false,"mode":"trigger","workflowName":"training_management","projectId":"VP8sweUdS4KlmzVv","projectName":"demo demo <demo@email.com>"}}
{"__type":"$$EventMessageConfirm","confirm":"de82193e-9544-48ff-998f-0e605ace9ec9","ts":"2026-08-11T11:37:48.988+00:00","source":{"id":"0","name":"eventBus"}}
{"__type":"$$EventMessageNode","id":"5794b2e9-c4b4-4010-92d8-270a5e392fc6","ts":"2026-08-11T11:37:48.989+00:00","eventName":"n8n.node.started","message":"n8n.node.started","payload":{"workflowId":"icMHjYIDJfI6WAq5","workflowName":"training_management","executionId":"52","nodeType":"n8n-nodes-base.scheduleTrigger","nodeName":"Schedule Trigger","nodeId":"261bd83c-25ca-496e-b550-43ba053e16be"}}
{"__type":"$$EventMessageConfirm","confirm":"5794b2e9-c4b4-4010-92d8-270a5e392fc6","ts":"2026-08-11T11:37:48.989+00:00","source":{"id":"0","name":"eventBus"}}
{"__type":"$$EventMessageAudit","id":"a043d171-f568-4188-9df3-1961a34f63f4","ts":"2026-08-11T11:37:48.989+00:00","eventName":"n8n.audit.workflow.executed","message":"n8n.audit.workflow.executed","payload":{"workflowId":"icMHjYIDJfI6WAq5","workflowName":"training_management","executionId":"52","projectId":"VP8sweUdS4KlmzVv","projectName":"demo demo <demo@email.com>","source":"trigger"}}
{"__type":"$$EventMessageConfirm","confirm":"a043d171-f568-4188-9df3-1961a34f63f4","ts":"2026-08-11T11:37:48.989+00:00","source":{"id":"0","name":"eventBus"}}
{"__type":"$$EventMessageNode","id":"cfacb58e-0ddf-4c5f-adaf-76619a4285a5","ts":"2026-08-11T11:37:48.989+00:00","eventName":"n8n.node.finished","message":"n8n.node.finished","payload":{"workflowId":"icMHjYIDJfI6WAq5","workflowName":"training_management","executionId":"52","nodeType":"n8n-nodes-base.scheduleTrigger","nodeName":"Schedule Trigger","nodeId":"261bd83c-25ca-496e-b550-43ba053e16be"}}
{"__type":"$$EventMessageConfirm","confirm":"cfacb58e-0ddf-4c5f-adaf-76619a4285a5","ts":"2026-08-11T11:37:48.989+00:00","source":{"id":"0","name":"eventBus"}}
{"__type":"$$EventMessageNode","id":"482ee84d-2877-409a-8b0c-6336e94ad300","ts":"2026-08-11T11:37:48.989+00:00","eventName":"n8n.node.started","message":"n8n.node.started","payload":{"workflowId":"icMHjYIDJfI6WAq5","workflowName":"training_management","executionId":"52","nodeType":"n8n-nodes-base.httpRequest","nodeName":"HTTP Request","nodeId":"33162a68-f02b-489d-a6a3-6a6144673674"}}
{"__type":"$$EventMessageConfirm","confirm":"482ee84d-2877-409a-8b0c-6336e94ad300","ts":"2026-08-11T11:37:48.989+00:00","source":{"id":"0","name":"eventBus"}}
{"__type":"$$EventMessageNode","id":"a26e505c-d46a-41d7-b955-711e2fde6903","ts":"2026-08-11T11:37:49.469+00:00","eventName":"n8n.node.finished","message":"n8n.node.finished","payload":{"workflowId":"icMHjYIDJfI6WAq5","workflowName":"training_management","executionId":"52","nodeType":"n8n-nodes-base.httpRequest","nodeName":"HTTP Request","nodeId":"33162a68-f02b-489d-a6a3-6a6144673674"}}
{"__type":"$$EventMessageConfirm","confirm":"a26e505c-d46a-41d7-b955-711e2fde6903","ts":"2026-08-11T11:37:49.469+00:00","source":{"id":"0","name":"eventBus"}}
{"__type":"$$EventMessageWorkflow","id":"73c30785-9b45-4bb7-a41d-d3220b4981e1","ts":"2026-08-11T11:37:49.469+00:00","eventName":"n8n.workflow.success","message":"n8n.workflow.success","payload":{"executionId":"52","success":true,"isManual":false,"mode":"trigger","workflowId":"icMHjYIDJfI6WAq5","workflowName":"training_management","projectId":"VP8sweUdS4KlmzVv","projectName":"demo demo <demo@email.com>"}}
{"__type":"$$EventMessageConfirm","confirm":"73c30785-9b45-4bb7-a41d-d3220b4981e1","ts":"2026-08-11T11:37:49.469+00:00","source":{"id":"0","name":"eventBus"}}
{"__type":"$$EventMessageWorkflow","id":"2c915828-551f-4308-8728-fd1b44abe505","ts":"2026-08-11T11:38:50.959+00:00","eventName":"n8n.workflow.started","message":"n8n.workflow.started","payload":{"executionId":"53","workflowId":"icMHjYIDJfI6WAq5","isManual":false,"mode":"trigger","workflowName":"training_management","projectId":"VP8sweUdS4KlmzVv","projectName":"demo demo <demo@email.com>"}}
{"__type":"$$EventMessageConfirm","confirm":"2c915828-551f-4308-8728-fd1b44abe505","ts":"2026-08-11T11:38:50.959+00:00","source":{"id":"0","name":"eventBus"}}
{"__type":"$$EventMessageNode","id":"0028cca6-d500-4242-a6d0-c08964dc89e8","ts":"2026-08-11T11:38:50.960+00:00","eventName":"n8n.node.started","message":"n8n.node.started","payload":{"workflowId":"icMHjYIDJfI6WAq5","workflowName":"training_management","executionId":"53","nodeType":"n8n-nodes-base.scheduleTrigger","nodeName":"Schedule Trigger","nodeId":"261bd83c-25ca-496e-b550-43ba053e16be"}}
{"__type":"$$EventMessageConfirm","confirm":"0028cca6-d500-4242-a6d0-c08964dc89e8","ts":"2026-08-11T11:38:50.960+00:00","source":{"id":"0","name":"eventBus"}}
{"__type":"$$EventMessageAudit","id":"3e6773e3-4448-421b-9a76-08a2ecd5747d","ts":"2026-08-11T11:38:50.960+00:00","eventName":"n8n.audit.workflow.executed","message":"n8n.audit.workflow.executed","payload":{"workflowId":"icMHjYIDJfI6WAq5","workflowName":"training_management","executionId":"53","projectId":"VP8sweUdS4KlmzVv","projectName":"demo demo <demo@email.com>","source":"trigger"}}
{"__type":"$$EventMessageConfirm","confirm":"3e6773e3-4448-421b-9a76-08a2ecd5747d","ts":"2026-08-11T11:38:50.960+00:00","source":{"id":"0","name":"eventBus"}}
{"__type":"$$EventMessageNode","id":"4da91e0f-6006-4aae-9347-b20eef3a1215","ts":"2026-08-11T11:38:50.960+00:00","eventName":"n8n.node.finished","message":"n8n.node.finished","payload":{"workflowId":"icMHjYIDJfI6WAq5","workflowName":"training_management","executionId":"53","nodeType":"n8n-nodes-base.scheduleTrigger","nodeName":"Schedule Trigger","nodeId":"261bd83c-25ca-496e-b550-43ba053e16be"}}
{"__type":"$$EventMessageConfirm","confirm":"4da91e0f-6006-4aae-9347-b20eef3a1215","ts":"2026-08-11T11:38:50.960+00:00","source":{"id":"0","name":"eventBus"}}
{"__type":"$$EventMessageNode","id":"f1234dd6-34a2-477d-8144-bf46d37e0392","ts":"2026-08-11T11:38:50.960+00:00","eventName":"n8n.node.started","message":"n8n.node.started","payload":{"workflowId":"icMHjYIDJfI6WAq5","workflowName":"training_management","executionId":"53","nodeType":"n8n-nodes-base.httpRequest","nodeName":"HTTP Request","nodeId":"33162a68-f02b-489d-a6a3-6a6144673674"}}
{"__type":"$$EventMessageConfirm","confirm":"f1234dd6-34a2-477d-8144-bf46d37e0392","ts":"2026-08-11T11:38:50.960+00:00","source":{"id":"0","name":"eventBus"}}
{"__type":"$$EventMessageNode","id":"4ebc78d1-1ce7-4bf3-99f5-462e6ac1d181","ts":"2026-08-11T11:38:51.429+00:00","eventName":"n8n.node.finished","message":"n8n.node.finished","payload":{"workflowId":"icMHjYIDJfI6WAq5","workflowName":"training_management","executionId":"53","nodeType":"n8n-nodes-base.httpRequest","nodeName":"HTTP Request","nodeId":"33162a68-f02b-489d-a6a3-6a6144673674"}}
{"__type":"$$EventMessageConfirm","confirm":"4ebc78d1-1ce7-4bf3-99f5-462e6ac1d181","ts":"2026-08-11T11:38:51.429+00:00","source":{"id":"0","name":"eventBus"}}
{"__type":"$$EventMessageWorkflow","id":"e363ba32-eeeb-457b-955c-0e6dfd6009cb","ts":"2026-08-11T11:38:51.430+00:00","eventName":"n8n.workflow.success","message":"n8n.workflow.success","payload":{"executionId":"53","success":true,"isManual":false,"mode":"trigger","workflowId":"icMHjYIDJfI6WAq5","workflowName":"training_management","projectId":"VP8sweUdS4KlmzVv","projectName":"demo demo <demo@email.com>"}}
{"__type":"$$EventMessageConfirm","confirm":"e363ba32-eeeb-457b-955c-0e6dfd6009cb","ts":"2026-08-11T11:38:51.430+00:00","source":{"id":"0","name":"eventBus"}}
{"__type":"$$EventMessageWorkflow","id":"dfa58355-f08e-43e3-aeab-cf9207660000","ts":"2026-08-11T11:39:51.065+00:00","eventName":"n8n.workflow.started","message":"n8n.workflow.started","payload":{"executionId":"54","workflowId":"icMHjYIDJfI6WAq5","isManual":false,"mode":"trigger","workflowName":"training_management","projectId":"VP8sweUdS4KlmzVv","projectName":"demo demo <demo@email.com>"}}
{"__type":"$$EventMessageConfirm","confirm":"dfa58355-f08e-43e3-aeab-cf9207660000","ts":"2026-08-11T11:39:51.065+00:00","source":{"id":"0","name":"eventBus"}}
{"__type":"$$EventMessageNode","id":"781f07d7-944e-423b-a31e-b6c0f91a7c74","ts":"2026-08-11T11:39:51.065+00:00","eventName":"n8n.node.started","message":"n8n.node.started","payload":{"workflowId":"icMHjYIDJfI6WAq5","workflowName":"training_management","executionId":"54","nodeType":"n8n-nodes-base.scheduleTrigger","nodeName":"Schedule Trigger","nodeId":"261bd83c-25ca-496e-b550-43ba053e16be"}}
{"__type":"$$EventMessageConfirm","confirm":"781f07d7-944e-423b-a31e-b6c0f91a7c74","ts":"2026-08-11T11:39:51.065+00:00","source":{"id":"0","name":"eventBus"}}
{"__type":"$$EventMessageAudit","id":"fd0832f1-1a17-47da-bc56-d28f04e3f049","ts":"2026-08-11T11:39:51.065+00:00","eventName":"n8n.audit.workflow.executed","message":"n8n.audit.workflow.executed","payload":{"workflowId":"icMHjYIDJfI6WAq5","workflowName":"training_management","executionId":"54","projectId":"VP8sweUdS4KlmzVv","projectName":"demo demo <demo@email.com>","source":"trigger"}}
{"__type":"$$EventMessageConfirm","confirm":"fd0832f1-1a17-47da-bc56-d28f04e3f049","ts":"2026-08-11T11:39:51.066+00:00","source":{"id":"0","name":"eventBus"}}
{"__type":"$$EventMessageNode","id":"222e98af-d145-4fe0-a2aa-c075e2f4cb0f","ts":"2026-08-11T11:39:51.066+00:00","eventName":"n8n.node.finished","message":"n8n.node.finished","payload":{"workflowId":"icMHjYIDJfI6WAq5","workflowName":"training_management","executionId":"54","nodeType":"n8n-nodes-base.scheduleTrigger","nodeName":"Schedule Trigger","nodeId":"261bd83c-25ca-496e-b550-43ba053e16be"}}
{"__type":"$$EventMessageConfirm","confirm":"222e98af-d145-4fe0-a2aa-c075e2f4cb0f","ts":"2026-08-11T11:39:51.066+00:00","source":{"id":"0","name":"eventBus"}}
{"__type":"$$EventMessageNode","id":"d5bc08f8-d646-4a53-9849-0ba8b67c71d4","ts":"2026-08-11T11:39:51.066+00:00","eventName":"n8n.node.started","message":"n8n.node.started","payload":{"workflowId":"icMHjYIDJfI6WAq5","workflowName":"training_management","executionId":"54","nodeType":"n8n-nodes-base.httpRequest","nodeName":"HTTP Request","nodeId":"33162a68-f02b-489d-a6a3-6a6144673674"}}
{"__type":"$$EventMessageConfirm","confirm":"d5bc08f8-d646-4a53-9849-0ba8b67c71d4","ts":"2026-08-11T11:39:51.066+00:00","source":{"id":"0","name":"eventBus"}}
{"__type":"$$EventMessageNode","id":"b5ef1538-27d2-4316-8242-7442587e342a","ts":"2026-08-11T11:39:51.522+00:00","eventName":"n8n.node.finished","message":"n8n.node.finished","payload":{"workflowId":"icMHjYIDJfI6WAq5","workflowName":"training_management","executionId":"54","nodeType":"n8n-nodes-base.httpRequest","nodeName":"HTTP Request","nodeId":"33162a68-f02b-489d-a6a3-6a6144673674"}}
{"__type":"$$EventMessageConfirm","confirm":"b5ef1538-27d2-4316-8242-7442587e342a","ts":"2026-08-11T11:39:51.522+00:00","source":{"id":"0","name":"eventBus"}}
{"__type":"$$EventMessageWorkflow","id":"245f9669-6b85-4085-ad26-025a404bc0f2","ts":"2026-08-11T11:39:51.522+00:00","eventName":"n8n.workflow.success","message":"n8n.workflow.success","payload":{"executionId":"54","success":true,"isManual":false,"mode":"trigger","workflowId":"icMHjYIDJfI6WAq5","workflowName":"training_management","projectId":"VP8sweUdS4KlmzVv","projectName":"demo demo <demo@email.com>"}}
{"__type":"$$EventMessageConfirm","confirm":"245f9669-6b85-4085-ad26-025a404bc0f2","ts":"2026-08-11T11:39:51.522+00:00","source":{"id":"0","name":"eventBus"}}
{"__type":"$$EventMessageWorkflow","id":"2f3bc4fe-8ef7-4053-b824-64564461158f","ts":"2026-08-11T11:40:51.037+00:00","eventName":"n8n.workflow.started","message":"n8n.workflow.started","payload":{"executionId":"55","workflowId":"icMHjYIDJfI6WAq5","isManual":false,"mode":"trigger","workflowName":"training_management","projectId":"VP8sweUdS4KlmzVv","projectName":"demo demo <demo@email.com>"}}
{"__type":"$$EventMessageConfirm","confirm":"2f3bc4fe-8ef7-4053-b824-64564461158f","ts":"2026-08-11T11:40:51.037+00:00","source":{"id":"0","name":"eventBus"}}
{"__type":"$$EventMessageNode","id":"7909836e-85f7-4edd-88dd-01da946f31a3","ts":"2026-08-11T11:40:51.037+00:00","eventName":"n8n.node.started","message":"n8n.node.started","payload":{"workflowId":"icMHjYIDJfI6WAq5","workflowName":"training_management","executionId":"55","nodeType":"n8n-nodes-base.scheduleTrigger","nodeName":"Schedule Trigger","nodeId":"261bd83c-25ca-496e-b550-43ba053e16be"}}
{"__type":"$$EventMessageConfirm","confirm":"7909836e-85f7-4edd-88dd-01da946f31a3","ts":"2026-08-11T11:40:51.037+00:00","source":{"id":"0","name":"eventBus"}}
{"__type":"$$EventMessageAudit","id":"cefef750-e2bd-4921-bca9-a01f9c45163a","ts":"2026-08-11T11:40:51.037+00:00","eventName":"n8n.audit.workflow.executed","message":"n8n.audit.workflow.executed","payload":{"workflowId":"icMHjYIDJfI6WAq5","workflowName":"training_management","executionId":"55","projectId":"VP8sweUdS4KlmzVv","projectName":"demo demo <demo@email.com>","source":"trigger"}}
{"__type":"$$EventMessageConfirm","confirm":"cefef750-e2bd-4921-bca9-a01f9c45163a","ts":"2026-08-11T11:40:51.037+00:00","source":{"id":"0","name":"eventBus"}}
{"__type":"$$EventMessageNode","id":"12968f9b-429c-4c73-a330-4f9748d7ec74","ts":"2026-08-11T11:40:51.037+00:00","eventName":"n8n.node.finished","message":"n8n.node.finished","payload":{"workflowId":"icMHjYIDJfI6WAq5","workflowName":"training_management","executionId":"55","nodeType":"n8n-nodes-base.scheduleTrigger","nodeName":"Schedule Trigger","nodeId":"261bd83c-25ca-496e-b550-43ba053e16be"}}
{"__type":"$$EventMessageConfirm","confirm":"12968f9b-429c-4c73-a330-4f9748d7ec74","ts":"2026-08-11T11:40:51.037+00:00","source":{"id":"0","name":"eventBus"}}
{"__type":"$$EventMessageNode","id":"d3f697a6-74dc-4d10-9b12-0d08b9185c14","ts":"2026-08-11T11:40:51.037+00:00","eventName":"n8n.node.started","message":"n8n.node.started","payload":{"workflowId":"icMHjYIDJfI6WAq5","workflowName":"training_management","executionId":"55","nodeType":"n8n-nodes-base.httpRequest","nodeName":"HTTP Request","nodeId":"33162a68-f02b-489d-a6a3-6a6144673674"}}
{"__type":"$$EventMessageConfirm","confirm":"d3f697a6-74dc-4d10-9b12-0d08b9185c14","ts":"2026-08-11T11:40:51.037+00:00","source":{"id":"0","name":"eventBus"}}
{"__type":"$$EventMessageNode","id":"e9eda866-72e2-43d2-9494-07de46306c62","ts":"2026-08-11T11:40:51.513+00:00","eventName":"n8n.node.finished","message":"n8n.node.finished","payload":{"workflowId":"icMHjYIDJfI6WAq5","workflowName":"training_management","executionId":"55","nodeType":"n8n-nodes-base.httpRequest","nodeName":"HTTP Request","nodeId":"33162a68-f02b-489d-a6a3-6a6144673674"}}
{"__type":"$$EventMessageConfirm","confirm":"e9eda866-72e2-43d2-9494-07de46306c62","ts":"2026-08-11T11:40:51.513+00:00","source":{"id":"0","name":"eventBus"}}
{"__type":"$$EventMessageWorkflow","id":"6e71ab9f-5cbb-4a75-8ddd-cba34383e6ff","ts":"2026-08-11T11:40:51.513+00:00","eventName":"n8n.workflow.success","message":"n8n.workflow.success","payload":{"executionId":"55","success":true,"isManual":false,"mode":"trigger","workflowId":"icMHjYIDJfI6WAq5","workflowName":"training_management","projectId":"VP8sweUdS4KlmzVv","projectName":"demo demo <demo@email.com>"}}
{"__type":"$$EventMessageConfirm","confirm":"6e71ab9f-5cbb-4a75-8ddd-cba34383e6ff","ts":"2026-08-11T11:40:51.513+00:00","source":{"id":"0","name":"eventBus"}}
{"__type":"$$EventMessageWorkflow","id":"9309a4f8-c8fd-4fa0-9c51-b2267a769469","ts":"2026-08-11T11:41:49.077+00:00","eventName":"n8n.workflow.started","message":"n8n.workflow.started","payload":{"executionId":"56","workflowId":"icMHjYIDJfI6WAq5","isManual":false,"mode":"trigger","workflowName":"training_management","projectId":"VP8sweUdS4KlmzVv","projectName":"demo demo <demo@email.com>"}}
{"__type":"$$EventMessageConfirm","confirm":"9309a4f8-c8fd-4fa0-9c51-b2267a769469","ts":"2026-08-11T11:41:49.077+00:00","source":{"id":"0","name":"eventBus"}}
{"__type":"$$EventMessageNode","id":"88ffa14f-2f4e-48d0-8bb4-2a291ffd9eaf","ts":"2026-08-11T11:41:49.077+00:00","eventName":"n8n.node.started","message":"n8n.node.started","payload":{"workflowId":"icMHjYIDJfI6WAq5","workflowName":"training_management","executionId":"56","nodeType":"n8n-nodes-base.scheduleTrigger","nodeName":"Schedule Trigger","nodeId":"261bd83c-25ca-496e-b550-43ba053e16be"}}
{"__type":"$$EventMessageConfirm","confirm":"88ffa14f-2f4e-48d0-8bb4-2a291ffd9eaf","ts":"2026-08-11T11:41:49.077+00:00","source":{"id":"0","name":"eventBus"}}
{"__type":"$$EventMessageAudit","id":"d6c201f8-2c61-4f1f-b3c1-2d9d58ce3283","ts":"2026-08-11T11:41:49.077+00:00","eventName":"n8n.audit.workflow.executed","message":"n8n.audit.workflow.executed","payload":{"workflowId":"icMHjYIDJfI6WAq5","workflowName":"training_management","executionId":"56","projectId":"VP8sweUdS4KlmzVv","projectName":"demo demo <demo@email.com>","source":"trigger"}}
{"__type":"$$EventMessageConfirm","confirm":"d6c201f8-2c61-4f1f-b3c1-2d9d58ce3283","ts":"2026-08-11T11:41:49.077+00:00","source":{"id":"0","name":"eventBus"}}
{"__type":"$$EventMessageNode","id":"cc085540-a15b-4904-9fc0-78fca421ed51","ts":"2026-08-11T11:41:49.078+00:00","eventName":"n8n.node.finished","message":"n8n.node.finished","payload":{"workflowId":"icMHjYIDJfI6WAq5","workflowName":"training_management","executionId":"56","nodeType":"n8n-nodes-base.scheduleTrigger","nodeName":"Schedule Trigger","nodeId":"261bd83c-25ca-496e-b550-43ba053e16be"}}
{"__type":"$$EventMessageConfirm","confirm":"cc085540-a15b-4904-9fc0-78fca421ed51","ts":"2026-08-11T11:41:49.078+00:00","source":{"id":"0","name":"eventBus"}}
{"__type":"$$EventMessageNode","id":"b299a0cc-1597-4b72-9c48-4d42248374db","ts":"2026-08-11T11:41:49.078+00:00","eventName":"n8n.node.started","message":"n8n.node.started","payload":{"workflowId":"icMHjYIDJfI6WAq5","workflowName":"training_management","executionId":"56","nodeType":"n8n-nodes-base.httpRequest","nodeName":"HTTP Request","nodeId":"33162a68-f02b-489d-a6a3-6a6144673674"}}
{"__type":"$$EventMessageConfirm","confirm":"b299a0cc-1597-4b72-9c48-4d42248374db","ts":"2026-08-11T11:41:49.078+00:00","source":{"id":"0","name":"eventBus"}}
{"__type":"$$EventMessageNode","id":"2638b29a-bf15-49e0-9959-edaa3ff62245","ts":"2026-08-11T11:41:49.558+00:00","eventName":"n8n.node.finished","message":"n8n.node.finished","payload":{"workflowId":"icMHjYIDJfI6WAq5","workflowName":"training_management","executionId":"56","nodeType":"n8n-nodes-base.httpRequest","nodeName":"HTTP Request","nodeId":"33162a68-f02b-489d-a6a3-6a6144673674"}}
{"__type":"$$EventMessageConfirm","confirm":"2638b29a-bf15-49e0-9959-edaa3ff62245","ts":"2026-08-11T11:41:49.558+00:00","source":{"id":"0","name":"eventBus"}}
{"__type":"$$EventMessageWorkflow","id":"836b7d88-4370-4579-99ec-f59d18221cec","ts":"2026-08-11T11:41:49.558+00:00","eventName":"n8n.workflow.success","message":"n8n.workflow.success","payload":{"executionId":"56","success":true,"isManual":false,"mode":"trigger","workflowId":"icMHjYIDJfI6WAq5","workflowName":"training_management","projectId":"VP8sweUdS4KlmzVv","projectName":"demo demo <demo@email.com>"}}
{"__type":"$$EventMessageConfirm","confirm":"836b7d88-4370-4579-99ec-f59d18221cec","ts":"2026-08-11T11:41:49.558+00:00","source":{"id":"0","name":"eventBus"}}
{"__type":"$$EventMessageWorkflow","id":"bba9d4db-3a61-4d33-9808-0f344ec578a8","ts":"2026-08-11T11:42:51.017+00:00","eventName":"n8n.workflow.started","message":"n8n.workflow.started","payload":{"executionId":"57","workflowId":"icMHjYIDJfI6WAq5","isManual":false,"mode":"trigger","workflowName":"training_management","projectId":"VP8sweUdS4KlmzVv","projectName":"demo demo <demo@email.com>"}}
{"__type":"$$EventMessageConfirm","confirm":"bba9d4db-3a61-4d33-9808-0f344ec578a8","ts":"2026-08-11T11:42:51.017+00:00","source":{"id":"0","name":"eventBus"}}
{"__type":"$$EventMessageNode","id":"0239a062-463b-4553-bf32-6f396db750b3","ts":"2026-08-11T11:42:51.017+00:00","eventName":"n8n.node.started","message":"n8n.node.started","payload":{"workflowId":"icMHjYIDJfI6WAq5","workflowName":"training_management","executionId":"57","nodeType":"n8n-nodes-base.scheduleTrigger","nodeName":"Schedule Trigger","nodeId":"261bd83c-25ca-496e-b550-43ba053e16be"}}
{"__type":"$$EventMessageConfirm","confirm":"0239a062-463b-4553-bf32-6f396db750b3","ts":"2026-08-11T11:42:51.017+00:00","source":{"id":"0","name":"eventBus"}}
{"__type":"$$EventMessageAudit","id":"ab3eb763-b085-4ca7-aa06-e75268fc8fb0","ts":"2026-08-11T11:42:51.018+00:00","eventName":"n8n.audit.workflow.executed","message":"n8n.audit.workflow.executed","payload":{"workflowId":"icMHjYIDJfI6WAq5","workflowName":"training_management","executionId":"57","projectId":"VP8sweUdS4KlmzVv","projectName":"demo demo <demo@email.com>","source":"trigger"}}
{"__type":"$$EventMessageConfirm","confirm":"ab3eb763-b085-4ca7-aa06-e75268fc8fb0","ts":"2026-08-11T11:42:51.018+00:00","source":{"id":"0","name":"eventBus"}}
{"__type":"$$EventMessageNode","id":"3aaa4f8c-1a7f-475c-9cc9-2377f7cad52f","ts":"2026-08-11T11:42:51.018+00:00","eventName":"n8n.node.finished","message":"n8n.node.finished","payload":{"workflowId":"icMHjYIDJfI6WAq5","workflowName":"training_management","executionId":"57","nodeType":"n8n-nodes-base.scheduleTrigger","nodeName":"Schedule Trigger","nodeId":"261bd83c-25ca-496e-b550-43ba053e16be"}}
{"__type":"$$EventMessageConfirm","confirm":"3aaa4f8c-1a7f-475c-9cc9-2377f7cad52f","ts":"2026-08-11T11:42:51.018+00:00","source":{"id":"0","name":"eventBus"}}
{"__type":"$$EventMessageNode","id":"208a1c67-5e77-4de9-b48c-915ecb20f636","ts":"2026-08-11T11:42:51.018+00:00","eventName":"n8n.node.started","message":"n8n.node.started","payload":{"workflowId":"icMHjYIDJfI6WAq5","workflowName":"training_management","executionId":"57","nodeType":"n8n-nodes-base.httpRequest","nodeName":"HTTP Request","nodeId":"33162a68-f02b-489d-a6a3-6a6144673674"}}
{"__type":"$$EventMessageConfirm","confirm":"208a1c67-5e77-4de9-b48c-915ecb20f636","ts":"2026-08-11T11:42:51.018+00:00","source":{"id":"0","name":"eventBus"}}
{"__type":"$$EventMessageNode","id":"ac70b082-a245-47f6-91aa-e9d9195b408f","ts":"2026-08-11T11:42:51.480+00:00","eventName":"n8n.node.finished","message":"n8n.node.finished","payload":{"workflowId":"icMHjYIDJfI6WAq5","workflowName":"training_management","executionId":"57","nodeType":"n8n-nodes-base.httpRequest","nodeName":"HTTP Request","nodeId":"33162a68-f02b-489d-a6a3-6a6144673674"}}
{"__type":"$$EventMessageConfirm","confirm":"ac70b082-a245-47f6-91aa-e9d9195b408f","ts":"2026-08-11T11:42:51.480+00:00","source":{"id":"0","name":"eventBus"}}
{"__type":"$$EventMessageWorkflow","id":"a9f76b07-154d-4dac-8631-deb979994a6d","ts":"2026-08-11T11:42:51.481+00:00","eventName":"n8n.workflow.success","message":"n8n.workflow.success","payload":{"executionId":"57","success":true,"isManual":false,"mode":"trigger","workflowId":"icMHjYIDJfI6WAq5","workflowName":"training_management","projectId":"VP8sweUdS4KlmzVv","projectName":"demo demo <demo@email.com>"}}
{"__type":"$$EventMessageConfirm","confirm":"a9f76b07-154d-4dac-8631-deb979994a6d","ts":"2026-08-11T11:42:51.481+00:00","source":{"id":"0","name":"eventBus"}}
{"__type":"$$EventMessageWorkflow","id":"0d1b7bfc-bb9f-4f35-bfe2-45c6fe229e02","ts":"2026-08-11T11:43:51.488+00:00","eventName":"n8n.workflow.started","message":"n8n.workflow.started","payload":{"executionId":"58","workflowId":"icMHjYIDJfI6WAq5","isManual":false,"mode":"trigger","workflowName":"training_management","projectId":"VP8sweUdS4KlmzVv","projectName":"demo demo <demo@email.com>"}}
{"__type":"$$EventMessageConfirm","confirm":"0d1b7bfc-bb9f-4f35-bfe2-45c6fe229e02","ts":"2026-08-11T11:43:51.488+00:00","source":{"id":"0","name":"eventBus"}}
{"__type":"$$EventMessageNode","id":"e29e7a2f-5f36-48e8-b29d-a0ba0a7f347e","ts":"2026-08-11T11:43:51.488+00:00","eventName":"n8n.node.started","message":"n8n.node.started","payload":{"workflowId":"icMHjYIDJfI6WAq5","workflowName":"training_management","executionId":"58","nodeType":"n8n-nodes-base.scheduleTrigger","nodeName":"Schedule Trigger","nodeId":"261bd83c-25ca-496e-b550-43ba053e16be"}}
{"__type":"$$EventMessageConfirm","confirm":"e29e7a2f-5f36-48e8-b29d-a0ba0a7f347e","ts":"2026-08-11T11:43:51.488+00:00","source":{"id":"0","name":"eventBus"}}
{"__type":"$$EventMessageAudit","id":"4ce78eb5-d02a-4d60-9ce7-431396dcd92b","ts":"2026-08-11T11:43:51.488+00:00","eventName":"n8n.audit.workflow.executed","message":"n8n.audit.workflow.executed","payload":{"workflowId":"icMHjYIDJfI6WAq5","workflowName":"training_management","executionId":"58","projectId":"VP8sweUdS4KlmzVv","projectName":"demo demo <demo@email.com>","source":"trigger"}}
{"__type":"$$EventMessageConfirm","confirm":"4ce78eb5-d02a-4d60-9ce7-431396dcd92b","ts":"2026-08-11T11:43:51.488+00:00","source":{"id":"0","name":"eventBus"}}
{"__type":"$$EventMessageNode","id":"a6abce6d-7608-408f-85d3-8026b1ef7467","ts":"2026-08-11T11:43:51.489+00:00","eventName":"n8n.node.finished","message":"n8n.node.finished","payload":{"workflowId":"icMHjYIDJfI6WAq5","workflowName":"training_management","executionId":"58","nodeType":"n8n-nodes-base.scheduleTrigger","nodeName":"Schedule Trigger","nodeId":"261bd83c-25ca-496e-b550-43ba053e16be"}}
{"__type":"$$EventMessageConfirm","confirm":"a6abce6d-7608-408f-85d3-8026b1ef7467","ts":"2026-08-11T11:43:51.489+00:00","source":{"id":"0","name":"eventBus"}}
{"__type":"$$EventMessageNode","id":"5dec728b-7ea1-437d-b1f6-f713bd74cfa1","ts":"2026-08-11T11:43:51.489+00:00","eventName":"n8n.node.started","message":"n8n.node.started","payload":{"workflowId":"icMHjYIDJfI6WAq5","workflowName":"training_management","executionId":"58","nodeType":"n8n-nodes-base.httpRequest","nodeName":"HTTP Request","nodeId":"33162a68-f02b-489d-a6a3-6a6144673674"}}
{"__type":"$$EventMessageConfirm","confirm":"5dec728b-7ea1-437d-b1f6-f713bd74cfa1","ts":"2026-08-11T11:43:51.489+00:00","source":{"id":"0","name":"eventBus"}}
{"__type":"$$EventMessageNode","id":"e5d05d48-9876-45f0-b40b-e3e9f39ee74c","ts":"2026-08-11T11:43:51.940+00:00","eventName":"n8n.node.finished","message":"n8n.node.finished","payload":{"workflowId":"icMHjYIDJfI6WAq5","workflowName":"training_management","executionId":"58","nodeType":"n8n-nodes-base.httpRequest","nodeName":"HTTP Request","nodeId":"33162a68-f02b-489d-a6a3-6a6144673674"}}
{"__type":"$$EventMessageConfirm","confirm":"e5d05d48-9876-45f0-b40b-e3e9f39ee74c","ts":"2026-08-11T11:43:51.940+00:00","source":{"id":"0","name":"eventBus"}}
{"__type":"$$EventMessageWorkflow","id":"693bf0b7-64a7-41f9-a93b-0ccf07229812","ts":"2026-08-11T11:43:51.940+00:00","eventName":"n8n.workflow.success","message":"n8n.workflow.success","payload":{"executionId":"58","success":true,"isManual":false,"mode":"trigger","workflowId":"icMHjYIDJfI6WAq5","workflowName":"training_management","projectId":"VP8sweUdS4KlmzVv","projectName":"demo demo <demo@email.com>"}}
{"__type":"$$EventMessageConfirm","confirm":"693bf0b7-64a7-41f9-a93b-0ccf07229812","ts":"2026-08-11T11:43:51.940+00:00","source":{"id":"0","name":"eventBus"}}
{"__type":"$$EventMessageWorkflow","id":"c2d4026c-c0e8-455c-986a-3e23f6a21f21","ts":"2026-08-11T12:40:07.016+00:00","eventName":"n8n.workflow.started","message":"n8n.workflow.started","payload":{"executionId":"59","workflowId":"icMHjYIDJfI6WAq5","isManual":false,"mode":"trigger","workflowName":"training_management","projectId":"VP8sweUdS4KlmzVv","projectName":"demo demo <demo@email.com>"}}
{"__type":"$$EventMessageConfirm","confirm":"c2d4026c-c0e8-455c-986a-3e23f6a21f21","ts":"2026-08-11T12:40:07.017+00:00","source":{"id":"0","name":"eventBus"}}
{"__type":"$$EventMessageNode","id":"1af99c99-81a8-4ea7-97ce-b4265beae17f","ts":"2026-08-11T12:40:07.017+00:00","eventName":"n8n.node.started","message":"n8n.node.started","payload":{"workflowId":"icMHjYIDJfI6WAq5","workflowName":"training_management","executionId":"59","nodeType":"n8n-nodes-base.scheduleTrigger","nodeName":"Schedule Trigger","nodeId":"261bd83c-25ca-496e-b550-43ba053e16be"}}
{"__type":"$$EventMessageConfirm","confirm":"1af99c99-81a8-4ea7-97ce-b4265beae17f","ts":"2026-08-11T12:40:07.017+00:00","source":{"id":"0","name":"eventBus"}}
{"__type":"$$EventMessageAudit","id":"c27e9a6c-667b-4d71-9f93-389dab5002c2","ts":"2026-08-11T12:40:07.017+00:00","eventName":"n8n.audit.workflow.executed","message":"n8n.audit.workflow.executed","payload":{"workflowId":"icMHjYIDJfI6WAq5","workflowName":"training_management","executionId":"59","projectId":"VP8sweUdS4KlmzVv","projectName":"demo demo <demo@email.com>","source":"trigger"}}
{"__type":"$$EventMessageConfirm","confirm":"c27e9a6c-667b-4d71-9f93-389dab5002c2","ts":"2026-08-11T12:40:07.017+00:00","source":{"id":"0","name":"eventBus"}}
{"__type":"$$EventMessageNode","id":"e8960e6b-b9cb-4164-9273-56a09e5a81b2","ts":"2026-08-11T12:40:07.017+00:00","eventName":"n8n.node.finished","message":"n8n.node.finished","payload":{"workflowId":"icMHjYIDJfI6WAq5","workflowName":"training_management","executionId":"59","nodeType":"n8n-nodes-base.scheduleTrigger","nodeName":"Schedule Trigger","nodeId":"261bd83c-25ca-496e-b550-43ba053e16be"}}
{"__type":"$$EventMessageConfirm","confirm":"e8960e6b-b9cb-4164-9273-56a09e5a81b2","ts":"2026-08-11T12:40:07.017+00:00","source":{"id":"0","name":"eventBus"}}
{"__type":"$$EventMessageNode","id":"d603eef9-75d9-41fe-b9a2-7df9ab2ed2a6","ts":"2026-08-11T12:40:07.017+00:00","eventName":"n8n.node.started","message":"n8n.node.started","payload":{"workflowId":"icMHjYIDJfI6WAq5","workflowName":"training_management","executionId":"59","nodeType":"n8n-nodes-base.httpRequest","nodeName":"HTTP Request","nodeId":"33162a68-f02b-489d-a6a3-6a6144673674"}}
{"__type":"$$EventMessageConfirm","confirm":"d603eef9-75d9-41fe-b9a2-7df9ab2ed2a6","ts":"2026-08-11T12:40:07.017+00:00","source":{"id":"0","name":"eventBus"}}
{"__type":"$$EventMessageNode","id":"5f1e6b4a-6588-469b-a377-582d0e299b46","ts":"2026-08-11T12:40:07.312+00:00","eventName":"n8n.node.finished","message":"n8n.node.finished","payload":{"workflowId":"icMHjYIDJfI6WAq5","workflowName":"training_management","executionId":"59","nodeType":"n8n-nodes-base.httpRequest","nodeName":"HTTP Request","nodeId":"33162a68-f02b-489d-a6a3-6a6144673674"}}
{"__type":"$$EventMessageConfirm","confirm":"5f1e6b4a-6588-469b-a377-582d0e299b46","ts":"2026-08-11T12:40:07.312+00:00","source":{"id":"0","name":"eventBus"}}
{"__type":"$$EventMessageWorkflow","id":"6ca8d60b-6b69-4b2b-98b0-162d72192c9e","ts":"2026-08-11T12:40:07.312+00:00","eventName":"n8n.workflow.success","message":"n8n.workflow.success","payload":{"executionId":"59","success":true,"isManual":false,"mode":"trigger","workflowId":"icMHjYIDJfI6WAq5","workflowName":"training_management","projectId":"VP8sweUdS4KlmzVv","projectName":"demo demo <demo@email.com>"}}
{"__type":"$$EventMessageConfirm","confirm":"6ca8d60b-6b69-4b2b-98b0-162d72192c9e","ts":"2026-08-11T12:40:07.312+00:00","source":{"id":"0","name":"eventBus"}}
{"__type":"$$EventMessageWorkflow","id":"7116683f-aca5-463e-a3e7-a0132e661efb","ts":"2026-08-11T12:40:48.397+00:00","eventName":"n8n.workflow.started","message":"n8n.workflow.started","payload":{"executionId":"60","workflowId":"icMHjYIDJfI6WAq5","isManual":false,"mode":"trigger","workflowName":"training_management","projectId":"VP8sweUdS4KlmzVv","projectName":"demo demo <demo@email.com>"}}
{"__type":"$$EventMessageConfirm","confirm":"7116683f-aca5-463e-a3e7-a0132e661efb","ts":"2026-08-11T12:40:48.397+00:00","source":{"id":"0","name":"eventBus"}}
{"__type":"$$EventMessageNode","id":"7ce55b21-5999-465b-98a7-d34c397de3b9","ts":"2026-08-11T12:40:48.398+00:00","eventName":"n8n.node.started","message":"n8n.node.started","payload":{"workflowId":"icMHjYIDJfI6WAq5","workflowName":"training_management","executionId":"60","nodeType":"n8n-nodes-base.scheduleTrigger","nodeName":"Schedule Trigger","nodeId":"261bd83c-25ca-496e-b550-43ba053e16be"}}
{"__type":"$$EventMessageConfirm","confirm":"7ce55b21-5999-465b-98a7-d34c397de3b9","ts":"2026-08-11T12:40:48.398+00:00","source":{"id":"0","name":"eventBus"}}
{"__type":"$$EventMessageAudit","id":"d99a06a2-92ad-4d25-9190-0ded06a662c2","ts":"2026-08-11T12:40:48.398+00:00","eventName":"n8n.audit.workflow.executed","message":"n8n.audit.workflow.executed","payload":{"workflowId":"icMHjYIDJfI6WAq5","workflowName":"training_management","executionId":"60","projectId":"VP8sweUdS4KlmzVv","projectName":"demo demo <demo@email.com>","source":"trigger"}}
{"__type":"$$EventMessageConfirm","confirm":"d99a06a2-92ad-4d25-9190-0ded06a662c2","ts":"2026-08-11T12:40:48.398+00:00","source":{"id":"0","name":"eventBus"}}
{"__type":"$$EventMessageNode","id":"aebe7222-fb7d-45a8-b5ac-e62c66686e52","ts":"2026-08-11T12:40:48.398+00:00","eventName":"n8n.node.finished","message":"n8n.node.finished","payload":{"workflowId":"icMHjYIDJfI6WAq5","workflowName":"training_management","executionId":"60","nodeType":"n8n-nodes-base.scheduleTrigger","nodeName":"Schedule Trigger","nodeId":"261bd83c-25ca-496e-b550-43ba053e16be"}}
{"__type":"$$EventMessageConfirm","confirm":"aebe7222-fb7d-45a8-b5ac-e62c66686e52","ts":"2026-08-11T12:40:48.398+00:00","source":{"id":"0","name":"eventBus"}}
{"__type":"$$EventMessageNode","id":"573cd875-0077-4334-9621-3c2a436eb295","ts":"2026-08-11T12:40:48.398+00:00","eventName":"n8n.node.started","message":"n8n.node.started","payload":{"workflowId":"icMHjYIDJfI6WAq5","workflowName":"training_management","executionId":"60","nodeType":"n8n-nodes-base.httpRequest","nodeName":"HTTP Request","nodeId":"33162a68-f02b-489d-a6a3-6a6144673674"}}
{"__type":"$$EventMessageConfirm","confirm":"573cd875-0077-4334-9621-3c2a436eb295","ts":"2026-08-11T12:40:48.398+00:00","source":{"id":"0","name":"eventBus"}}
{"__type":"$$EventMessageNode","id":"1da8d1c5-93d2-4add-aca3-a88b6effdd9a","ts":"2026-08-11T12:40:48.866+00:00","eventName":"n8n.node.finished","message":"n8n.node.finished","payload":{"workflowId":"icMHjYIDJfI6WAq5","workflowName":"training_management","executionId":"60","nodeType":"n8n-nodes-base.httpRequest","nodeName":"HTTP Request","nodeId":"33162a68-f02b-489d-a6a3-6a6144673674"}}
{"__type":"$$EventMessageConfirm","confirm":"1da8d1c5-93d2-4add-aca3-a88b6effdd9a","ts":"2026-08-11T12:40:48.866+00:00","source":{"id":"0","name":"eventBus"}}
{"__type":"$$EventMessageWorkflow","id":"68c776bd-b0e9-423e-8759-aa92090baf50","ts":"2026-08-11T12:40:48.867+00:00","eventName":"n8n.workflow.success","message":"n8n.workflow.success","payload":{"executionId":"60","success":true,"isManual":false,"mode":"trigger","workflowId":"icMHjYIDJfI6WAq5","workflowName":"training_management","projectId":"VP8sweUdS4KlmzVv","projectName":"demo demo <demo@email.com>"}}
{"__type":"$$EventMessageConfirm","confirm":"68c776bd-b0e9-423e-8759-aa92090baf50","ts":"2026-08-11T12:40:48.867+00:00","source":{"id":"0","name":"eventBus"}}
{"__type":"$$EventMessageWorkflow","id":"5d4298b0-769c-40c2-a168-30366ca2527e","ts":"2026-08-11T12:41:50.052+00:00","eventName":"n8n.workflow.started","message":"n8n.workflow.started","payload":{"executionId":"61","workflowId":"icMHjYIDJfI6WAq5","isManual":false,"mode":"trigger","workflowName":"training_management","projectId":"VP8sweUdS4KlmzVv","projectName":"demo demo <demo@email.com>"}}
{"__type":"$$EventMessageConfirm","confirm":"5d4298b0-769c-40c2-a168-30366ca2527e","ts":"2026-08-11T12:41:50.052+00:00","source":{"id":"0","name":"eventBus"}}
{"__type":"$$EventMessageNode","id":"bd37b075-b66d-4456-8882-27aa844d2fe5","ts":"2026-08-11T12:41:50.052+00:00","eventName":"n8n.node.started","message":"n8n.node.started","payload":{"workflowId":"icMHjYIDJfI6WAq5","workflowName":"training_management","executionId":"61","nodeType":"n8n-nodes-base.scheduleTrigger","nodeName":"Schedule Trigger","nodeId":"261bd83c-25ca-496e-b550-43ba053e16be"}}
{"__type":"$$EventMessageConfirm","confirm":"bd37b075-b66d-4456-8882-27aa844d2fe5","ts":"2026-08-11T12:41:50.052+00:00","source":{"id":"0","name":"eventBus"}}
{"__type":"$$EventMessageAudit","id":"eea1da6e-f62e-4255-ae33-c64001b2bc56","ts":"2026-08-11T12:41:50.053+00:00","eventName":"n8n.audit.workflow.executed","message":"n8n.audit.workflow.executed","payload":{"workflowId":"icMHjYIDJfI6WAq5","workflowName":"training_management","executionId":"61","projectId":"VP8sweUdS4KlmzVv","projectName":"demo demo <demo@email.com>","source":"trigger"}}
{"__type":"$$EventMessageConfirm","confirm":"eea1da6e-f62e-4255-ae33-c64001b2bc56","ts":"2026-08-11T12:41:50.053+00:00","source":{"id":"0","name":"eventBus"}}
{"__type":"$$EventMessageNode","id":"94ac7cc5-7b29-4c7a-b4ee-226ff0cd8063","ts":"2026-08-11T12:41:50.053+00:00","eventName":"n8n.node.finished","message":"n8n.node.finished","payload":{"workflowId":"icMHjYIDJfI6WAq5","workflowName":"training_management","executionId":"61","nodeType":"n8n-nodes-base.scheduleTrigger","nodeName":"Schedule Trigger","nodeId":"261bd83c-25ca-496e-b550-43ba053e16be"}}
{"__type":"$$EventMessageConfirm","confirm":"94ac7cc5-7b29-4c7a-b4ee-226ff0cd8063","ts":"2026-08-11T12:41:50.053+00:00","source":{"id":"0","name":"eventBus"}}
{"__type":"$$EventMessageNode","id":"043295fa-0b1f-4e3f-bb60-7a9323219649","ts":"2026-08-11T12:41:50.053+00:00","eventName":"n8n.node.started","message":"n8n.node.started","payload":{"workflowId":"icMHjYIDJfI6WAq5","workflowName":"training_management","executionId":"61","nodeType":"n8n-nodes-base.httpRequest","nodeName":"HTTP Request","nodeId":"33162a68-f02b-489d-a6a3-6a6144673674"}}
{"__type":"$$EventMessageConfirm","confirm":"043295fa-0b1f-4e3f-bb60-7a9323219649","ts":"2026-08-11T12:41:50.053+00:00","source":{"id":"0","name":"eventBus"}}
{"__type":"$$EventMessageNode","id":"b824b32b-aec8-4262-9015-a1bc3e70ab24","ts":"2026-08-11T12:41:50.560+00:00","eventName":"n8n.node.finished","message":"n8n.node.finished","payload":{"workflowId":"icMHjYIDJfI6WAq5","workflowName":"training_management","executionId":"61","nodeType":"n8n-nodes-base.httpRequest","nodeName":"HTTP Request","nodeId":"33162a68-f02b-489d-a6a3-6a6144673674"}}
{"__type":"$$EventMessageConfirm","confirm":"b824b32b-aec8-4262-9015-a1bc3e70ab24","ts":"2026-08-11T12:41:50.560+00:00","source":{"id":"0","name":"eventBus"}}
{"__type":"$$EventMessageWorkflow","id":"41e5dde9-03cd-4dd3-b44f-a7bd48f28b69","ts":"2026-08-11T12:41:50.560+00:00","eventName":"n8n.workflow.success","message":"n8n.workflow.success","payload":{"executionId":"61","success":true,"isManual":false,"mode":"trigger","workflowId":"icMHjYIDJfI6WAq5","workflowName":"training_management","projectId":"VP8sweUdS4KlmzVv","projectName":"demo demo <demo@email.com>"}}
{"__type":"$$EventMessageConfirm","confirm":"41e5dde9-03cd-4dd3-b44f-a7bd48f28b69","ts":"2026-08-11T12:41:50.560+00:00","source":{"id":"0","name":"eventBus"}}
{"__type":"$$EventMessageWorkflow","id":"f2783117-7e4f-471d-9922-b7a347119e78","ts":"2026-08-11T12:42:48.514+00:00","eventName":"n8n.workflow.started","message":"n8n.workflow.started","payload":{"executionId":"62","workflowId":"icMHjYIDJfI6WAq5","isManual":false,"mode":"trigger","workflowName":"training_management","projectId":"VP8sweUdS4KlmzVv","projectName":"demo demo <demo@email.com>"}}
{"__type":"$$EventMessageConfirm","confirm":"f2783117-7e4f-471d-9922-b7a347119e78","ts":"2026-08-11T12:42:48.514+00:00","source":{"id":"0","name":"eventBus"}}
{"__type":"$$EventMessageNode","id":"8756fd2f-8db6-4746-8154-c506afebad90","ts":"2026-08-11T12:42:48.514+00:00","eventName":"n8n.node.started","message":"n8n.node.started","payload":{"workflowId":"icMHjYIDJfI6WAq5","workflowName":"training_management","executionId":"62","nodeType":"n8n-nodes-base.scheduleTrigger","nodeName":"Schedule Trigger","nodeId":"261bd83c-25ca-496e-b550-43ba053e16be"}}
{"__type":"$$EventMessageConfirm","confirm":"8756fd2f-8db6-4746-8154-c506afebad90","ts":"2026-08-11T12:42:48.514+00:00","source":{"id":"0","name":"eventBus"}}
{"__type":"$$EventMessageAudit","id":"587f4d0e-7330-44ac-ba92-6920e4451d01","ts":"2026-08-11T12:42:48.514+00:00","eventName":"n8n.audit.workflow.executed","message":"n8n.audit.workflow.executed","payload":{"workflowId":"icMHjYIDJfI6WAq5","workflowName":"training_management","executionId":"62","projectId":"VP8sweUdS4KlmzVv","projectName":"demo demo <demo@email.com>","source":"trigger"}}
{"__type":"$$EventMessageConfirm","confirm":"587f4d0e-7330-44ac-ba92-6920e4451d01","ts":"2026-08-11T12:42:48.514+00:00","source":{"id":"0","name":"eventBus"}}
{"__type":"$$EventMessageNode","id":"bd05e822-fc03-4017-88e6-7716b3ed19d5","ts":"2026-08-11T12:42:48.514+00:00","eventName":"n8n.node.finished","message":"n8n.node.finished","payload":{"workflowId":"icMHjYIDJfI6WAq5","workflowName":"training_management","executionId":"62","nodeType":"n8n-nodes-base.scheduleTrigger","nodeName":"Schedule Trigger","nodeId":"261bd83c-25ca-496e-b550-43ba053e16be"}}
{"__type":"$$EventMessageConfirm","confirm":"bd05e822-fc03-4017-88e6-7716b3ed19d5","ts":"2026-08-11T12:42:48.514+00:00","source":{"id":"0","name":"eventBus"}}
{"__type":"$$EventMessageNode","id":"3ddbb465-d337-46c4-b4b4-d475c2414bfc","ts":"2026-08-11T12:42:48.514+00:00","eventName":"n8n.node.started","message":"n8n.node.started","payload":{"workflowId":"icMHjYIDJfI6WAq5","workflowName":"training_management","executionId":"62","nodeType":"n8n-nodes-base.httpRequest","nodeName":"HTTP Request","nodeId":"33162a68-f02b-489d-a6a3-6a6144673674"}}
{"__type":"$$EventMessageConfirm","confirm":"3ddbb465-d337-46c4-b4b4-d475c2414bfc","ts":"2026-08-11T12:42:48.514+00:00","source":{"id":"0","name":"eventBus"}}
{"__type":"$$EventMessageNode","id":"e1d05334-58ab-4fdf-a726-352ac1a2bee3","ts":"2026-08-11T12:42:48.794+00:00","eventName":"n8n.node.finished","message":"n8n.node.finished","payload":{"workflowId":"icMHjYIDJfI6WAq5","workflowName":"training_management","executionId":"62","nodeType":"n8n-nodes-base.httpRequest","nodeName":"HTTP Request","nodeId":"33162a68-f02b-489d-a6a3-6a6144673674"}}
{"__type":"$$EventMessageConfirm","confirm":"e1d05334-58ab-4fdf-a726-352ac1a2bee3","ts":"2026-08-11T12:42:48.795+00:00","source":{"id":"0","name":"eventBus"}}
{"__type":"$$EventMessageWorkflow","id":"9d2207c7-9c27-4c6a-84fb-8a0d77d8553b","ts":"2026-08-11T12:42:48.795+00:00","eventName":"n8n.workflow.success","message":"n8n.workflow.success","payload":{"executionId":"62","success":true,"isManual":false,"mode":"trigger","workflowId":"icMHjYIDJfI6WAq5","workflowName":"training_management","projectId":"VP8sweUdS4KlmzVv","projectName":"demo demo <demo@email.com>"}}
{"__type":"$$EventMessageConfirm","confirm":"9d2207c7-9c27-4c6a-84fb-8a0d77d8553b","ts":"2026-08-11T12:42:48.795+00:00","source":{"id":"0","name":"eventBus"}}
{"__type":"$$EventMessageWorkflow","id":"d00639e5-809f-47de-85cf-a88a5dd254b7","ts":"2026-08-11T16:24:53.815+00:00","eventName":"n8n.workflow.started","message":"n8n.workflow.started","payload":{"executionId":"63","workflowId":"icMHjYIDJfI6WAq5","isManual":false,"mode":"trigger","workflowName":"training_management","projectId":"VP8sweUdS4KlmzVv","projectName":"demo demo <demo@email.com>"}}
{"__type":"$$EventMessageConfirm","confirm":"d00639e5-809f-47de-85cf-a88a5dd254b7","ts":"2026-08-11T16:24:53.815+00:00","source":{"id":"0","name":"eventBus"}}
{"__type":"$$EventMessageNode","id":"b332e950-0f29-485a-9f67-2017f87de773","ts":"2026-08-11T16:24:53.815+00:00","eventName":"n8n.node.started","message":"n8n.node.started","payload":{"workflowId":"icMHjYIDJfI6WAq5","workflowName":"training_management","executionId":"63","nodeType":"n8n-nodes-base.scheduleTrigger","nodeName":"Schedule Trigger","nodeId":"261bd83c-25ca-496e-b550-43ba053e16be"}}
{"__type":"$$EventMessageConfirm","confirm":"b332e950-0f29-485a-9f67-2017f87de773","ts":"2026-08-11T16:24:53.815+00:00","source":{"id":"0","name":"eventBus"}}
{"__type":"$$EventMessageAudit","id":"a796c609-e351-46fa-8727-159618cc954c","ts":"2026-08-11T16:24:53.816+00:00","eventName":"n8n.audit.workflow.executed","message":"n8n.audit.workflow.executed","payload":{"workflowId":"icMHjYIDJfI6WAq5","workflowName":"training_management","executionId":"63","projectId":"VP8sweUdS4KlmzVv","projectName":"demo demo <demo@email.com>","source":"trigger"}}
{"__type":"$$EventMessageConfirm","confirm":"a796c609-e351-46fa-8727-159618cc954c","ts":"2026-08-11T16:24:53.816+00:00","source":{"id":"0","name":"eventBus"}}
{"__type":"$$EventMessageNode","id":"ea9976db-1c57-42fa-8f7a-3599f85134bd","ts":"2026-08-11T16:24:53.816+00:00","eventName":"n8n.node.finished","message":"n8n.node.finished","payload":{"workflowId":"icMHjYIDJfI6WAq5","workflowName":"training_management","executionId":"63","nodeType":"n8n-nodes-base.scheduleTrigger","nodeName":"Schedule Trigger","nodeId":"261bd83c-25ca-496e-b550-43ba053e16be"}}
{"__type":"$$EventMessageConfirm","confirm":"ea9976db-1c57-42fa-8f7a-3599f85134bd","ts":"2026-08-11T16:24:53.816+00:00","source":{"id":"0","name":"eventBus"}}
{"__type":"$$EventMessageNode","id":"71616409-8538-473f-8960-d053c5a6588a","ts":"2026-08-11T16:24:53.816+00:00","eventName":"n8n.node.started","message":"n8n.node.started","payload":{"workflowId":"icMHjYIDJfI6WAq5","workflowName":"training_management","executionId":"63","nodeType":"n8n-nodes-base.httpRequest","nodeName":"HTTP Request","nodeId":"33162a68-f02b-489d-a6a3-6a6144673674"}}
{"__type":"$$EventMessageConfirm","confirm":"71616409-8538-473f-8960-d053c5a6588a","ts":"2026-08-11T16:24:53.816+00:00","source":{"id":"0","name":"eventBus"}}
{"__type":"$$EventMessageNode","id":"2a3ae4c0-0774-40c5-b52f-a94fea152c2d","ts":"2026-08-11T16:24:54.283+00:00","eventName":"n8n.node.finished","message":"n8n.node.finished","payload":{"workflowId":"icMHjYIDJfI6WAq5","workflowName":"training_management","executionId":"63","nodeType":"n8n-nodes-base.httpRequest","nodeName":"HTTP Request","nodeId":"33162a68-f02b-489d-a6a3-6a6144673674"}}
{"__type":"$$EventMessageConfirm","confirm":"2a3ae4c0-0774-40c5-b52f-a94fea152c2d","ts":"2026-08-11T16:24:54.283+00:00","source":{"id":"0","name":"eventBus"}}
{"__type":"$$EventMessageWorkflow","id":"ffd79202-c86b-4141-b730-f04e1182be3f","ts":"2026-08-11T16:24:54.284+00:00","eventName":"n8n.workflow.success","message":"n8n.workflow.success","payload":{"executionId":"63","success":true,"isManual":false,"mode":"trigger","workflowId":"icMHjYIDJfI6WAq5","workflowName":"training_management","projectId":"VP8sweUdS4KlmzVv","projectName":"demo demo <demo@email.com>"}}
{"__type":"$$EventMessageConfirm","confirm":"ffd79202-c86b-4141-b730-f04e1182be3f","ts":"2026-08-11T16:24:54.284+00:00","source":{"id":"0","name":"eventBus"}}
{"__type":"$$EventMessageWorkflow","id":"d74f783d-51a0-4fb3-98df-b41dfa66428b","ts":"2026-08-11T16:25:48.476+00:00","eventName":"n8n.workflow.started","message":"n8n.workflow.started","payload":{"executionId":"64","workflowId":"icMHjYIDJfI6WAq5","isManual":false,"mode":"trigger","workflowName":"training_management","projectId":"VP8sweUdS4KlmzVv","projectName":"demo demo <demo@email.com>"}}
{"__type":"$$EventMessageConfirm","confirm":"d74f783d-51a0-4fb3-98df-b41dfa66428b","ts":"2026-08-11T16:25:48.476+00:00","source":{"id":"0","name":"eventBus"}}
{"__type":"$$EventMessageNode","id":"5ee39864-c3f1-401f-b077-2c8da1b1ff6a","ts":"2026-08-11T16:25:48.477+00:00","eventName":"n8n.node.started","message":"n8n.node.started","payload":{"workflowId":"icMHjYIDJfI6WAq5","workflowName":"training_management","executionId":"64","nodeType":"n8n-nodes-base.scheduleTrigger","nodeName":"Schedule Trigger","nodeId":"261bd83c-25ca-496e-b550-43ba053e16be"}}
{"__type":"$$EventMessageConfirm","confirm":"5ee39864-c3f1-401f-b077-2c8da1b1ff6a","ts":"2026-08-11T16:25:48.477+00:00","source":{"id":"0","name":"eventBus"}}
{"__type":"$$EventMessageAudit","id":"701a4f73-da1d-442f-97f1-7621bf30604c","ts":"2026-08-11T16:25:48.477+00:00","eventName":"n8n.audit.workflow.executed","message":"n8n.audit.workflow.executed","payload":{"workflowId":"icMHjYIDJfI6WAq5","workflowName":"training_management","executionId":"64","projectId":"VP8sweUdS4KlmzVv","projectName":"demo demo <demo@email.com>","source":"trigger"}}
{"__type":"$$EventMessageConfirm","confirm":"701a4f73-da1d-442f-97f1-7621bf30604c","ts":"2026-08-11T16:25:48.477+00:00","source":{"id":"0","name":"eventBus"}}
{"__type":"$$EventMessageNode","id":"2964e93e-22c6-42d7-b6c1-67dc0bb61e01","ts":"2026-08-11T16:25:48.477+00:00","eventName":"n8n.node.finished","message":"n8n.node.finished","payload":{"workflowId":"icMHjYIDJfI6WAq5","workflowName":"training_management","executionId":"64","nodeType":"n8n-nodes-base.scheduleTrigger","nodeName":"Schedule Trigger","nodeId":"261bd83c-25ca-496e-b550-43ba053e16be"}}
{"__type":"$$EventMessageConfirm","confirm":"2964e93e-22c6-42d7-b6c1-67dc0bb61e01","ts":"2026-08-11T16:25:48.477+00:00","source":{"id":"0","name":"eventBus"}}
{"__type":"$$EventMessageNode","id":"b6455939-7f3e-472a-afdd-32ed58c5ebd2","ts":"2026-08-11T16:25:48.477+00:00","eventName":"n8n.node.started","message":"n8n.node.started","payload":{"workflowId":"icMHjYIDJfI6WAq5","workflowName":"training_management","executionId":"64","nodeType":"n8n-nodes-base.httpRequest","nodeName":"HTTP Request","nodeId":"33162a68-f02b-489d-a6a3-6a6144673674"}}
{"__type":"$$EventMessageConfirm","confirm":"b6455939-7f3e-472a-afdd-32ed58c5ebd2","ts":"2026-08-11T16:25:48.477+00:00","source":{"id":"0","name":"eventBus"}}
{"__type":"$$EventMessageNode","id":"42f35c8a-0fc0-4a8c-8418-28cf715b4c57","ts":"2026-08-11T16:25:48.965+00:00","eventName":"n8n.node.finished","message":"n8n.node.finished","payload":{"workflowId":"icMHjYIDJfI6WAq5","workflowName":"training_management","executionId":"64","nodeType":"n8n-nodes-base.httpRequest","nodeName":"HTTP Request","nodeId":"33162a68-f02b-489d-a6a3-6a6144673674"}}
{"__type":"$$EventMessageConfirm","confirm":"42f35c8a-0fc0-4a8c-8418-28cf715b4c57","ts":"2026-08-11T16:25:48.965+00:00","source":{"id":"0","name":"eventBus"}}
{"__type":"$$EventMessageWorkflow","id":"ec81c1b6-abfb-4283-8bc5-9225c67e8e8c","ts":"2026-08-11T16:25:48.966+00:00","eventName":"n8n.workflow.success","message":"n8n.workflow.success","payload":{"executionId":"64","success":true,"isManual":false,"mode":"trigger","workflowId":"icMHjYIDJfI6WAq5","workflowName":"training_management","projectId":"VP8sweUdS4KlmzVv","projectName":"demo demo <demo@email.com>"}}
{"__type":"$$EventMessageConfirm","confirm":"ec81c1b6-abfb-4283-8bc5-9225c67e8e8c","ts":"2026-08-11T16:25:48.966+00:00","source":{"id":"0","name":"eventBus"}}
{"__type":"$$EventMessageWorkflow","id":"b5555c4f-f523-4a05-b92b-cb0c4cc37550","ts":"2026-08-12T02:09:11.134+00:00","eventName":"n8n.workflow.started","message":"n8n.workflow.started","payload":{"executionId":"65","workflowId":"icMHjYIDJfI6WAq5","isManual":false,"mode":"trigger","workflowName":"training_management","projectId":"VP8sweUdS4KlmzVv","projectName":"demo demo <demo@email.com>"}}
{"__type":"$$EventMessageConfirm","confirm":"b5555c4f-f523-4a05-b92b-cb0c4cc37550","ts":"2026-08-12T02:09:11.134+00:00","source":{"id":"0","name":"eventBus"}}
{"__type":"$$EventMessageNode","id":"fdad1ffb-1fed-44ce-9d20-e5ebe4fdab24","ts":"2026-08-12T02:09:11.134+00:00","eventName":"n8n.node.started","message":"n8n.node.started","payload":{"workflowId":"icMHjYIDJfI6WAq5","workflowName":"training_management","executionId":"65","nodeType":"n8n-nodes-base.scheduleTrigger","nodeName":"Schedule Trigger","nodeId":"261bd83c-25ca-496e-b550-43ba053e16be"}}
{"__type":"$$EventMessageConfirm","confirm":"fdad1ffb-1fed-44ce-9d20-e5ebe4fdab24","ts":"2026-08-12T02:09:11.135+00:00","source":{"id":"0","name":"eventBus"}}
{"__type":"$$EventMessageAudit","id":"b012286b-822f-4bc0-86a0-543767805051","ts":"2026-08-12T02:09:11.135+00:00","eventName":"n8n.audit.workflow.executed","message":"n8n.audit.workflow.executed","payload":{"workflowId":"icMHjYIDJfI6WAq5","workflowName":"training_management","executionId":"65","projectId":"VP8sweUdS4KlmzVv","projectName":"demo demo <demo@email.com>","source":"trigger"}}
{"__type":"$$EventMessageConfirm","confirm":"b012286b-822f-4bc0-86a0-543767805051","ts":"2026-08-12T02:09:11.135+00:00","source":{"id":"0","name":"eventBus"}}
{"__type":"$$EventMessageNode","id":"3e239a70-7b94-4892-97b8-f0c6ae0d84b8","ts":"2026-08-12T02:09:11.135+00:00","eventName":"n8n.node.finished","message":"n8n.node.finished","payload":{"workflowId":"icMHjYIDJfI6WAq5","workflowName":"training_management","executionId":"65","nodeType":"n8n-nodes-base.scheduleTrigger","nodeName":"Schedule Trigger","nodeId":"261bd83c-25ca-496e-b550-43ba053e16be"}}
{"__type":"$$EventMessageConfirm","confirm":"3e239a70-7b94-4892-97b8-f0c6ae0d84b8","ts":"2026-08-12T02:09:11.135+00:00","source":{"id":"0","name":"eventBus"}}
{"__type":"$$EventMessageNode","id":"38fd99ab-ab43-436b-99d2-42fafc6bdb5e","ts":"2026-08-12T02:09:11.135+00:00","eventName":"n8n.node.started","message":"n8n.node.started","payload":{"workflowId":"icMHjYIDJfI6WAq5","workflowName":"training_management","executionId":"65","nodeType":"n8n-nodes-base.httpRequest","nodeName":"HTTP Request","nodeId":"33162a68-f02b-489d-a6a3-6a6144673674"}}
{"__type":"$$EventMessageConfirm","confirm":"38fd99ab-ab43-436b-99d2-42fafc6bdb5e","ts":"2026-08-12T02:09:11.135+00:00","source":{"id":"0","name":"eventBus"}}
{"__type":"$$EventMessageNode","id":"fcb24973-7143-4c96-b706-a72b69258166","ts":"2026-08-12T02:09:11.711+00:00","eventName":"n8n.node.finished","message":"n8n.node.finished","payload":{"workflowId":"icMHjYIDJfI6WAq5","workflowName":"training_management","executionId":"65","nodeType":"n8n-nodes-base.httpRequest","nodeName":"HTTP Request","nodeId":"33162a68-f02b-489d-a6a3-6a6144673674"}}
{"__type":"$$EventMessageConfirm","confirm":"fcb24973-7143-4c96-b706-a72b69258166","ts":"2026-08-12T02:09:11.711+00:00","source":{"id":"0","name":"eventBus"}}
{"__type":"$$EventMessageWorkflow","id":"50dea2ed-e468-4558-a238-31d008b1ebd5","ts":"2026-08-12T02:09:11.711+00:00","eventName":"n8n.workflow.success","message":"n8n.workflow.success","payload":{"executionId":"65","success":true,"isManual":false,"mode":"trigger","workflowId":"icMHjYIDJfI6WAq5","workflowName":"training_management","projectId":"VP8sweUdS4KlmzVv","projectName":"demo demo <demo@email.com>"}}
{"__type":"$$EventMessageConfirm","confirm":"50dea2ed-e468-4558-a238-31d008b1ebd5","ts":"2026-08-12T02:09:11.711+00:00","source":{"id":"0","name":"eventBus"}}
{"__type":"$$EventMessageWorkflow","id":"858743c5-7754-4281-8486-b08bd83754a1","ts":"2026-08-12T02:09:47.042+00:00","eventName":"n8n.workflow.started","message":"n8n.workflow.started","payload":{"executionId":"66","workflowId":"icMHjYIDJfI6WAq5","isManual":false,"mode":"trigger","workflowName":"training_management","projectId":"VP8sweUdS4KlmzVv","projectName":"demo demo <demo@email.com>"}}
{"__type":"$$EventMessageConfirm","confirm":"858743c5-7754-4281-8486-b08bd83754a1","ts":"2026-08-12T02:09:47.042+00:00","source":{"id":"0","name":"eventBus"}}
{"__type":"$$EventMessageNode","id":"7fd8921c-af46-4bd8-83e6-a954d4e4356b","ts":"2026-08-12T02:09:47.043+00:00","eventName":"n8n.node.started","message":"n8n.node.started","payload":{"workflowId":"icMHjYIDJfI6WAq5","workflowName":"training_management","executionId":"66","nodeType":"n8n-nodes-base.scheduleTrigger","nodeName":"Schedule Trigger","nodeId":"261bd83c-25ca-496e-b550-43ba053e16be"}}
{"__type":"$$EventMessageConfirm","confirm":"7fd8921c-af46-4bd8-83e6-a954d4e4356b","ts":"2026-08-12T02:09:47.043+00:00","source":{"id":"0","name":"eventBus"}}
{"__type":"$$EventMessageAudit","id":"5739c71c-a25f-4639-ba48-81f1b6e61d77","ts":"2026-08-12T02:09:47.043+00:00","eventName":"n8n.audit.workflow.executed","message":"n8n.audit.workflow.executed","payload":{"workflowId":"icMHjYIDJfI6WAq5","workflowName":"training_management","executionId":"66","projectId":"VP8sweUdS4KlmzVv","projectName":"demo demo <demo@email.com>","source":"trigger"}}
{"__type":"$$EventMessageConfirm","confirm":"5739c71c-a25f-4639-ba48-81f1b6e61d77","ts":"2026-08-12T02:09:47.043+00:00","source":{"id":"0","name":"eventBus"}}
{"__type":"$$EventMessageNode","id":"8be03827-a584-422b-8a63-845edd68d15e","ts":"2026-08-12T02:09:47.043+00:00","eventName":"n8n.node.finished","message":"n8n.node.finished","payload":{"workflowId":"icMHjYIDJfI6WAq5","workflowName":"training_management","executionId":"66","nodeType":"n8n-nodes-base.scheduleTrigger","nodeName":"Schedule Trigger","nodeId":"261bd83c-25ca-496e-b550-43ba053e16be"}}
{"__type":"$$EventMessageConfirm","confirm":"8be03827-a584-422b-8a63-845edd68d15e","ts":"2026-08-12T02:09:47.043+00:00","source":{"id":"0","name":"eventBus"}}
{"__type":"$$EventMessageNode","id":"1a3d93cf-2458-4cfa-9b93-486eba04a1d2","ts":"2026-08-12T02:09:47.043+00:00","eventName":"n8n.node.started","message":"n8n.node.started","payload":{"workflowId":"icMHjYIDJfI6WAq5","workflowName":"training_management","executionId":"66","nodeType":"n8n-nodes-base.httpRequest","nodeName":"HTTP Request","nodeId":"33162a68-f02b-489d-a6a3-6a6144673674"}}
{"__type":"$$EventMessageConfirm","confirm":"1a3d93cf-2458-4cfa-9b93-486eba04a1d2","ts":"2026-08-12T02:09:47.043+00:00","source":{"id":"0","name":"eventBus"}}
{"__type":"$$EventMessageNode","id":"f60ffcad-adf1-4145-a819-4a8b196bae48","ts":"2026-08-12T02:09:47.548+00:00","eventName":"n8n.node.finished","message":"n8n.node.finished","payload":{"workflowId":"icMHjYIDJfI6WAq5","workflowName":"training_management","executionId":"66","nodeType":"n8n-nodes-base.httpRequest","nodeName":"HTTP Request","nodeId":"33162a68-f02b-489d-a6a3-6a6144673674"}}
{"__type":"$$EventMessageConfirm","confirm":"f60ffcad-adf1-4145-a819-4a8b196bae48","ts":"2026-08-12T02:09:47.548+00:00","source":{"id":"0","name":"eventBus"}}
{"__type":"$$EventMessageWorkflow","id":"259b506c-3aac-4fd5-8d00-255655112ead","ts":"2026-08-12T02:09:47.548+00:00","eventName":"n8n.workflow.success","message":"n8n.workflow.success","payload":{"executionId":"66","success":true,"isManual":false,"mode":"trigger","workflowId":"icMHjYIDJfI6WAq5","workflowName":"training_management","projectId":"VP8sweUdS4KlmzVv","projectName":"demo demo <demo@email.com>"}}
{"__type":"$$EventMessageConfirm","confirm":"259b506c-3aac-4fd5-8d00-255655112ead","ts":"2026-08-12T02:09:47.548+00:00","source":{"id":"0","name":"eventBus"}}
{"__type":"$$EventMessageWorkflow","id":"2e9320f2-10f1-4bbd-9cfe-10cff2c8101e","ts":"2026-08-12T02:10:48.645+00:00","eventName":"n8n.workflow.started","message":"n8n.workflow.started","payload":{"executionId":"67","workflowId":"icMHjYIDJfI6WAq5","isManual":false,"mode":"trigger","workflowName":"training_management","projectId":"VP8sweUdS4KlmzVv","projectName":"demo demo <demo@email.com>"}}
{"__type":"$$EventMessageConfirm","confirm":"2e9320f2-10f1-4bbd-9cfe-10cff2c8101e","ts":"2026-08-12T02:10:48.645+00:00","source":{"id":"0","name":"eventBus"}}
{"__type":"$$EventMessageNode","id":"93c0ea2e-3658-4a26-87be-e7db6e89c0b8","ts":"2026-08-12T02:10:48.646+00:00","eventName":"n8n.node.started","message":"n8n.node.started","payload":{"workflowId":"icMHjYIDJfI6WAq5","workflowName":"training_management","executionId":"67","nodeType":"n8n-nodes-base.scheduleTrigger","nodeName":"Schedule Trigger","nodeId":"261bd83c-25ca-496e-b550-43ba053e16be"}}
{"__type":"$$EventMessageConfirm","confirm":"93c0ea2e-3658-4a26-87be-e7db6e89c0b8","ts":"2026-08-12T02:10:48.646+00:00","source":{"id":"0","name":"eventBus"}}
{"__type":"$$EventMessageAudit","id":"6395dcfc-b4ab-441c-ae0a-600519f2fe77","ts":"2026-08-12T02:10:48.646+00:00","eventName":"n8n.audit.workflow.executed","message":"n8n.audit.workflow.executed","payload":{"workflowId":"icMHjYIDJfI6WAq5","workflowName":"training_management","executionId":"67","projectId":"VP8sweUdS4KlmzVv","projectName":"demo demo <demo@email.com>","source":"trigger"}}
{"__type":"$$EventMessageConfirm","confirm":"6395dcfc-b4ab-441c-ae0a-600519f2fe77","ts":"2026-08-12T02:10:48.646+00:00","source":{"id":"0","name":"eventBus"}}
{"__type":"$$EventMessageNode","id":"1ee7b8cb-80cd-451f-808e-9af6c96f44e7","ts":"2026-08-12T02:10:48.646+00:00","eventName":"n8n.node.finished","message":"n8n.node.finished","payload":{"workflowId":"icMHjYIDJfI6WAq5","workflowName":"training_management","executionId":"67","nodeType":"n8n-nodes-base.scheduleTrigger","nodeName":"Schedule Trigger","nodeId":"261bd83c-25ca-496e-b550-43ba053e16be"}}
{"__type":"$$EventMessageConfirm","confirm":"1ee7b8cb-80cd-451f-808e-9af6c96f44e7","ts":"2026-08-12T02:10:48.646+00:00","source":{"id":"0","name":"eventBus"}}
{"__type":"$$EventMessageNode","id":"e4631b59-083f-4a28-85d8-b037ea27f292","ts":"2026-08-12T02:10:48.646+00:00","eventName":"n8n.node.started","message":"n8n.node.started","payload":{"workflowId":"icMHjYIDJfI6WAq5","workflowName":"training_management","executionId":"67","nodeType":"n8n-nodes-base.httpRequest","nodeName":"HTTP Request","nodeId":"33162a68-f02b-489d-a6a3-6a6144673674"}}
{"__type":"$$EventMessageConfirm","confirm":"e4631b59-083f-4a28-85d8-b037ea27f292","ts":"2026-08-12T02:10:48.646+00:00","source":{"id":"0","name":"eventBus"}}
{"__type":"$$EventMessageNode","id":"f8eb763e-51ac-4744-8df1-1b75c4b47bcb","ts":"2026-08-12T02:10:49.156+00:00","eventName":"n8n.node.finished","message":"n8n.node.finished","payload":{"workflowId":"icMHjYIDJfI6WAq5","workflowName":"training_management","executionId":"67","nodeType":"n8n-nodes-base.httpRequest","nodeName":"HTTP Request","nodeId":"33162a68-f02b-489d-a6a3-6a6144673674"}}
{"__type":"$$EventMessageConfirm","confirm":"f8eb763e-51ac-4744-8df1-1b75c4b47bcb","ts":"2026-08-12T02:10:49.156+00:00","source":{"id":"0","name":"eventBus"}}
{"__type":"$$EventMessageWorkflow","id":"67f759e3-b617-4f21-ae75-5369a651dbe4","ts":"2026-08-12T02:10:49.156+00:00","eventName":"n8n.workflow.success","message":"n8n.workflow.success","payload":{"executionId":"67","success":true,"isManual":false,"mode":"trigger","workflowId":"icMHjYIDJfI6WAq5","workflowName":"training_management","projectId":"VP8sweUdS4KlmzVv","projectName":"demo demo <demo@email.com>"}}
{"__type":"$$EventMessageConfirm","confirm":"67f759e3-b617-4f21-ae75-5369a651dbe4","ts":"2026-08-12T02:10:49.157+00:00","source":{"id":"0","name":"eventBus"}}
{"__type":"$$EventMessageWorkflow","id":"37bcc8cf-9f5d-4cef-93c7-da28b351a522","ts":"2026-08-12T02:11:51.163+00:00","eventName":"n8n.workflow.started","message":"n8n.workflow.started","payload":{"executionId":"68","workflowId":"icMHjYIDJfI6WAq5","isManual":false,"mode":"trigger","workflowName":"training_management","projectId":"VP8sweUdS4KlmzVv","projectName":"demo demo <demo@email.com>"}}
{"__type":"$$EventMessageConfirm","confirm":"37bcc8cf-9f5d-4cef-93c7-da28b351a522","ts":"2026-08-12T02:11:51.163+00:00","source":{"id":"0","name":"eventBus"}}
{"__type":"$$EventMessageNode","id":"0c22d43d-b107-4487-bd84-100cf2a5f048","ts":"2026-08-12T02:11:51.163+00:00","eventName":"n8n.node.started","message":"n8n.node.started","payload":{"workflowId":"icMHjYIDJfI6WAq5","workflowName":"training_management","executionId":"68","nodeType":"n8n-nodes-base.scheduleTrigger","nodeName":"Schedule Trigger","nodeId":"261bd83c-25ca-496e-b550-43ba053e16be"}}
{"__type":"$$EventMessageConfirm","confirm":"0c22d43d-b107-4487-bd84-100cf2a5f048","ts":"2026-08-12T02:11:51.163+00:00","source":{"id":"0","name":"eventBus"}}
{"__type":"$$EventMessageAudit","id":"9fbecdb4-4004-470d-89a5-9626e64c0f88","ts":"2026-08-12T02:11:51.163+00:00","eventName":"n8n.audit.workflow.executed","message":"n8n.audit.workflow.executed","payload":{"workflowId":"icMHjYIDJfI6WAq5","workflowName":"training_management","executionId":"68","projectId":"VP8sweUdS4KlmzVv","projectName":"demo demo <demo@email.com>","source":"trigger"}}
{"__type":"$$EventMessageConfirm","confirm":"9fbecdb4-4004-470d-89a5-9626e64c0f88","ts":"2026-08-12T02:11:51.163+00:00","source":{"id":"0","name":"eventBus"}}
{"__type":"$$EventMessageNode","id":"476aab3c-7bc3-4ecb-b579-8f3f41bb62fa","ts":"2026-08-12T02:11:51.163+00:00","eventName":"n8n.node.finished","message":"n8n.node.finished","payload":{"workflowId":"icMHjYIDJfI6WAq5","workflowName":"training_management","executionId":"68","nodeType":"n8n-nodes-base.scheduleTrigger","nodeName":"Schedule Trigger","nodeId":"261bd83c-25ca-496e-b550-43ba053e16be"}}
{"__type":"$$EventMessageConfirm","confirm":"476aab3c-7bc3-4ecb-b579-8f3f41bb62fa","ts":"2026-08-12T02:11:51.163+00:00","source":{"id":"0","name":"eventBus"}}
{"__type":"$$EventMessageNode","id":"79afe565-4d79-411c-a22a-8e30197845dc","ts":"2026-08-12T02:11:51.164+00:00","eventName":"n8n.node.started","message":"n8n.node.started","payload":{"workflowId":"icMHjYIDJfI6WAq5","workflowName":"training_management","executionId":"68","nodeType":"n8n-nodes-base.httpRequest","nodeName":"HTTP Request","nodeId":"33162a68-f02b-489d-a6a3-6a6144673674"}}
{"__type":"$$EventMessageConfirm","confirm":"79afe565-4d79-411c-a22a-8e30197845dc","ts":"2026-08-12T02:11:51.164+00:00","source":{"id":"0","name":"eventBus"}}
{"__type":"$$EventMessageNode","id":"ac647210-b5ea-4a7f-92b5-17a316bc76d9","ts":"2026-08-12T02:11:51.759+00:00","eventName":"n8n.node.finished","message":"n8n.node.finished","payload":{"workflowId":"icMHjYIDJfI6WAq5","workflowName":"training_management","executionId":"68","nodeType":"n8n-nodes-base.httpRequest","nodeName":"HTTP Request","nodeId":"33162a68-f02b-489d-a6a3-6a6144673674"}}
{"__type":"$$EventMessageConfirm","confirm":"ac647210-b5ea-4a7f-92b5-17a316bc76d9","ts":"2026-08-12T02:11:51.759+00:00","source":{"id":"0","name":"eventBus"}}
{"__type":"$$EventMessageWorkflow","id":"60c676ec-93e5-4003-a728-da7ba87bf2af","ts":"2026-08-12T02:11:51.759+00:00","eventName":"n8n.workflow.success","message":"n8n.workflow.success","payload":{"executionId":"68","success":true,"isManual":false,"mode":"trigger","workflowId":"icMHjYIDJfI6WAq5","workflowName":"training_management","projectId":"VP8sweUdS4KlmzVv","projectName":"demo demo <demo@email.com>"}}
{"__type":"$$EventMessageConfirm","confirm":"60c676ec-93e5-4003-a728-da7ba87bf2af","ts":"2026-08-12T02:11:51.759+00:00","source":{"id":"0","name":"eventBus"}}
{"__type":"$$EventMessageWorkflow","id":"a6b82baa-f375-4b46-9f39-b23b95701ead","ts":"2026-08-12T02:12:50.934+00:00","eventName":"n8n.workflow.started","message":"n8n.workflow.started","payload":{"executionId":"69","workflowId":"icMHjYIDJfI6WAq5","isManual":false,"mode":"trigger","workflowName":"training_management","projectId":"VP8sweUdS4KlmzVv","projectName":"demo demo <demo@email.com>"}}
{"__type":"$$EventMessageConfirm","confirm":"a6b82baa-f375-4b46-9f39-b23b95701ead","ts":"2026-08-12T02:12:50.934+00:00","source":{"id":"0","name":"eventBus"}}
{"__type":"$$EventMessageNode","id":"83aa0f03-2cc5-41da-af1b-3aabbc631235","ts":"2026-08-12T02:12:50.934+00:00","eventName":"n8n.node.started","message":"n8n.node.started","payload":{"workflowId":"icMHjYIDJfI6WAq5","workflowName":"training_management","executionId":"69","nodeType":"n8n-nodes-base.scheduleTrigger","nodeName":"Schedule Trigger","nodeId":"261bd83c-25ca-496e-b550-43ba053e16be"}}
{"__type":"$$EventMessageConfirm","confirm":"83aa0f03-2cc5-41da-af1b-3aabbc631235","ts":"2026-08-12T02:12:50.934+00:00","source":{"id":"0","name":"eventBus"}}
{"__type":"$$EventMessageAudit","id":"cc7b15d8-3b53-4e74-865d-bc7ce4223d9a","ts":"2026-08-12T02:12:50.934+00:00","eventName":"n8n.audit.workflow.executed","message":"n8n.audit.workflow.executed","payload":{"workflowId":"icMHjYIDJfI6WAq5","workflowName":"training_management","executionId":"69","projectId":"VP8sweUdS4KlmzVv","projectName":"demo demo <demo@email.com>","source":"trigger"}}
{"__type":"$$EventMessageConfirm","confirm":"cc7b15d8-3b53-4e74-865d-bc7ce4223d9a","ts":"2026-08-12T02:12:50.934+00:00","source":{"id":"0","name":"eventBus"}}
{"__type":"$$EventMessageNode","id":"4b845989-e60a-4f50-a642-74a00d4d6353","ts":"2026-08-12T02:12:50.934+00:00","eventName":"n8n.node.finished","message":"n8n.node.finished","payload":{"workflowId":"icMHjYIDJfI6WAq5","workflowName":"training_management","executionId":"69","nodeType":"n8n-nodes-base.scheduleTrigger","nodeName":"Schedule Trigger","nodeId":"261bd83c-25ca-496e-b550-43ba053e16be"}}
{"__type":"$$EventMessageConfirm","confirm":"4b845989-e60a-4f50-a642-74a00d4d6353","ts":"2026-08-12T02:12:50.934+00:00","source":{"id":"0","name":"eventBus"}}
{"__type":"$$EventMessageNode","id":"8842056a-c4ef-41f4-995f-8e550a3751dc","ts":"2026-08-12T02:12:50.935+00:00","eventName":"n8n.node.started","message":"n8n.node.started","payload":{"workflowId":"icMHjYIDJfI6WAq5","workflowName":"training_management","executionId":"69","nodeType":"n8n-nodes-base.httpRequest","nodeName":"HTTP Request","nodeId":"33162a68-f02b-489d-a6a3-6a6144673674"}}
{"__type":"$$EventMessageConfirm","confirm":"8842056a-c4ef-41f4-995f-8e550a3751dc","ts":"2026-08-12T02:12:50.935+00:00","source":{"id":"0","name":"eventBus"}}
{"__type":"$$EventMessageNode","id":"5f92fd29-c5e8-4810-a276-ffa3054e9580","ts":"2026-08-12T02:12:51.398+00:00","eventName":"n8n.node.finished","message":"n8n.node.finished","payload":{"workflowId":"icMHjYIDJfI6WAq5","workflowName":"training_management","executionId":"69","nodeType":"n8n-nodes-base.httpRequest","nodeName":"HTTP Request","nodeId":"33162a68-f02b-489d-a6a3-6a6144673674"}}
{"__type":"$$EventMessageConfirm","confirm":"5f92fd29-c5e8-4810-a276-ffa3054e9580","ts":"2026-08-12T02:12:51.398+00:00","source":{"id":"0","name":"eventBus"}}
{"__type":"$$EventMessageWorkflow","id":"eaecc5fa-cb82-445e-9a17-4b790662afd8","ts":"2026-08-12T02:12:51.398+00:00","eventName":"n8n.workflow.success","message":"n8n.workflow.success","payload":{"executionId":"69","success":true,"isManual":false,"mode":"trigger","workflowId":"icMHjYIDJfI6WAq5","workflowName":"training_management","projectId":"VP8sweUdS4KlmzVv","projectName":"demo demo <demo@email.com>"}}
{"__type":"$$EventMessageConfirm","confirm":"eaecc5fa-cb82-445e-9a17-4b790662afd8","ts":"2026-08-12T02:12:51.398+00:00","source":{"id":"0","name":"eventBus"}}
{"__type":"$$EventMessageWorkflow","id":"ab92fc7a-7141-4bdd-b90c-f2843c482278","ts":"2026-08-12T02:13:51.333+00:00","eventName":"n8n.workflow.started","message":"n8n.workflow.started","payload":{"executionId":"70","workflowId":"icMHjYIDJfI6WAq5","isManual":false,"mode":"trigger","workflowName":"training_management","projectId":"VP8sweUdS4KlmzVv","projectName":"demo demo <demo@email.com>"}}
{"__type":"$$EventMessageConfirm","confirm":"ab92fc7a-7141-4bdd-b90c-f2843c482278","ts":"2026-08-12T02:13:51.333+00:00","source":{"id":"0","name":"eventBus"}}
{"__type":"$$EventMessageNode","id":"11129a40-2617-4d0c-951b-db9e6e7e7a40","ts":"2026-08-12T02:13:51.333+00:00","eventName":"n8n.node.started","message":"n8n.node.started","payload":{"workflowId":"icMHjYIDJfI6WAq5","workflowName":"training_management","executionId":"70","nodeType":"n8n-nodes-base.scheduleTrigger","nodeName":"Schedule Trigger","nodeId":"261bd83c-25ca-496e-b550-43ba053e16be"}}
{"__type":"$$EventMessageConfirm","confirm":"11129a40-2617-4d0c-951b-db9e6e7e7a40","ts":"2026-08-12T02:13:51.333+00:00","source":{"id":"0","name":"eventBus"}}
{"__type":"$$EventMessageAudit","id":"1f55b71d-4c64-42ec-9517-ead81b67c7d9","ts":"2026-08-12T02:13:51.333+00:00","eventName":"n8n.audit.workflow.executed","message":"n8n.audit.workflow.executed","payload":{"workflowId":"icMHjYIDJfI6WAq5","workflowName":"training_management","executionId":"70","projectId":"VP8sweUdS4KlmzVv","projectName":"demo demo <demo@email.com>","source":"trigger"}}
{"__type":"$$EventMessageConfirm","confirm":"1f55b71d-4c64-42ec-9517-ead81b67c7d9","ts":"2026-08-12T02:13:51.333+00:00","source":{"id":"0","name":"eventBus"}}
{"__type":"$$EventMessageNode","id":"64ea7493-2008-4699-9d05-fcff3434992f","ts":"2026-08-12T02:13:51.333+00:00","eventName":"n8n.node.finished","message":"n8n.node.finished","payload":{"workflowId":"icMHjYIDJfI6WAq5","workflowName":"training_management","executionId":"70","nodeType":"n8n-nodes-base.scheduleTrigger","nodeName":"Schedule Trigger","nodeId":"261bd83c-25ca-496e-b550-43ba053e16be"}}
{"__type":"$$EventMessageConfirm","confirm":"64ea7493-2008-4699-9d05-fcff3434992f","ts":"2026-08-12T02:13:51.334+00:00","source":{"id":"0","name":"eventBus"}}
{"__type":"$$EventMessageNode","id":"767c0b04-16cc-4cb5-918f-5ae3409c437c","ts":"2026-08-12T02:13:51.334+00:00","eventName":"n8n.node.started","message":"n8n.node.started","payload":{"workflowId":"icMHjYIDJfI6WAq5","workflowName":"training_management","executionId":"70","nodeType":"n8n-nodes-base.httpRequest","nodeName":"HTTP Request","nodeId":"33162a68-f02b-489d-a6a3-6a6144673674"}}
{"__type":"$$EventMessageConfirm","confirm":"767c0b04-16cc-4cb5-918f-5ae3409c437c","ts":"2026-08-12T02:13:51.334+00:00","source":{"id":"0","name":"eventBus"}}
{"__type":"$$EventMessageNode","id":"6dbbab78-709c-4254-842a-86a4a47f770f","ts":"2026-08-12T02:13:51.867+00:00","eventName":"n8n.node.finished","message":"n8n.node.finished","payload":{"workflowId":"icMHjYIDJfI6WAq5","workflowName":"training_management","executionId":"70","nodeType":"n8n-nodes-base.httpRequest","nodeName":"HTTP Request","nodeId":"33162a68-f02b-489d-a6a3-6a6144673674"}}
{"__type":"$$EventMessageConfirm","confirm":"6dbbab78-709c-4254-842a-86a4a47f770f","ts":"2026-08-12T02:13:51.867+00:00","source":{"id":"0","name":"eventBus"}}
{"__type":"$$EventMessageWorkflow","id":"39a0c080-6298-4d2c-8429-a860c7520632","ts":"2026-08-12T02:13:51.868+00:00","eventName":"n8n.workflow.success","message":"n8n.workflow.success","payload":{"executionId":"70","success":true,"isManual":false,"mode":"trigger","workflowId":"icMHjYIDJfI6WAq5","workflowName":"training_management","projectId":"VP8sweUdS4KlmzVv","projectName":"demo demo <demo@email.com>"}}
{"__type":"$$EventMessageConfirm","confirm":"39a0c080-6298-4d2c-8429-a860c7520632","ts":"2026-08-12T02:13:51.868+00:00","source":{"id":"0","name":"eventBus"}}
{"__type":"$$EventMessageWorkflow","id":"eb464301-8d15-4c24-b02f-5637eb49090c","ts":"2026-08-12T02:14:49.368+00:00","eventName":"n8n.workflow.started","message":"n8n.workflow.started","payload":{"executionId":"71","workflowId":"icMHjYIDJfI6WAq5","isManual":false,"mode":"trigger","workflowName":"training_management","projectId":"VP8sweUdS4KlmzVv","projectName":"demo demo <demo@email.com>"}}
{"__type":"$$EventMessageConfirm","confirm":"eb464301-8d15-4c24-b02f-5637eb49090c","ts":"2026-08-12T02:14:49.368+00:00","source":{"id":"0","name":"eventBus"}}
{"__type":"$$EventMessageNode","id":"96319755-b3e3-48cd-a8aa-1db16704067e","ts":"2026-08-12T02:14:49.368+00:00","eventName":"n8n.node.started","message":"n8n.node.started","payload":{"workflowId":"icMHjYIDJfI6WAq5","workflowName":"training_management","executionId":"71","nodeType":"n8n-nodes-base.scheduleTrigger","nodeName":"Schedule Trigger","nodeId":"261bd83c-25ca-496e-b550-43ba053e16be"}}
{"__type":"$$EventMessageConfirm","confirm":"96319755-b3e3-48cd-a8aa-1db16704067e","ts":"2026-08-12T02:14:49.368+00:00","source":{"id":"0","name":"eventBus"}}
{"__type":"$$EventMessageAudit","id":"fbb763ce-28e3-4d11-9a50-018410a58dba","ts":"2026-08-12T02:14:49.368+00:00","eventName":"n8n.audit.workflow.executed","message":"n8n.audit.workflow.executed","payload":{"workflowId":"icMHjYIDJfI6WAq5","workflowName":"training_management","executionId":"71","projectId":"VP8sweUdS4KlmzVv","projectName":"demo demo <demo@email.com>","source":"trigger"}}
{"__type":"$$EventMessageConfirm","confirm":"fbb763ce-28e3-4d11-9a50-018410a58dba","ts":"2026-08-12T02:14:49.368+00:00","source":{"id":"0","name":"eventBus"}}
{"__type":"$$EventMessageNode","id":"a173e158-d6a4-4c1f-84ed-d3f45839a2ec","ts":"2026-08-12T02:14:49.368+00:00","eventName":"n8n.node.finished","message":"n8n.node.finished","payload":{"workflowId":"icMHjYIDJfI6WAq5","workflowName":"training_management","executionId":"71","nodeType":"n8n-nodes-base.scheduleTrigger","nodeName":"Schedule Trigger","nodeId":"261bd83c-25ca-496e-b550-43ba053e16be"}}
{"__type":"$$EventMessageConfirm","confirm":"a173e158-d6a4-4c1f-84ed-d3f45839a2ec","ts":"2026-08-12T02:14:49.369+00:00","source":{"id":"0","name":"eventBus"}}
{"__type":"$$EventMessageNode","id":"afafc33e-4f95-4d0f-9848-551a29557518","ts":"2026-08-12T02:14:49.369+00:00","eventName":"n8n.node.started","message":"n8n.node.started","payload":{"workflowId":"icMHjYIDJfI6WAq5","workflowName":"training_management","executionId":"71","nodeType":"n8n-nodes-base.httpRequest","nodeName":"HTTP Request","nodeId":"33162a68-f02b-489d-a6a3-6a6144673674"}}
{"__type":"$$EventMessageConfirm","confirm":"afafc33e-4f95-4d0f-9848-551a29557518","ts":"2026-08-12T02:14:49.369+00:00","source":{"id":"0","name":"eventBus"}}
{"__type":"$$EventMessageNode","id":"58ad316f-3889-4c86-a205-e78a6ca461de","ts":"2026-08-12T02:14:49.605+00:00","eventName":"n8n.node.finished","message":"n8n.node.finished","payload":{"workflowId":"icMHjYIDJfI6WAq5","workflowName":"training_management","executionId":"71","nodeType":"n8n-nodes-base.httpRequest","nodeName":"HTTP Request","nodeId":"33162a68-f02b-489d-a6a3-6a6144673674"}}
{"__type":"$$EventMessageConfirm","confirm":"58ad316f-3889-4c86-a205-e78a6ca461de","ts":"2026-08-12T02:14:49.605+00:00","source":{"id":"0","name":"eventBus"}}
{"__type":"$$EventMessageWorkflow","id":"f402f49e-3216-4e91-8cd6-b1fccbb71ba7","ts":"2026-08-12T02:14:49.605+00:00","eventName":"n8n.workflow.success","message":"n8n.workflow.success","payload":{"executionId":"71","success":true,"isManual":false,"mode":"trigger","workflowId":"icMHjYIDJfI6WAq5","workflowName":"training_management","projectId":"VP8sweUdS4KlmzVv","projectName":"demo demo <demo@email.com>"}}
{"__type":"$$EventMessageConfirm","confirm":"f402f49e-3216-4e91-8cd6-b1fccbb71ba7","ts":"2026-08-12T02:14:49.605+00:00","source":{"id":"0","name":"eventBus"}}
{"__type":"$$EventMessageWorkflow","id":"6b3797c3-f4ee-472e-b350-f3cbc623b39e","ts":"2026-08-12T02:15:51.062+00:00","eventName":"n8n.workflow.started","message":"n8n.workflow.started","payload":{"executionId":"72","workflowId":"icMHjYIDJfI6WAq5","isManual":false,"mode":"trigger","workflowName":"training_management","projectId":"VP8sweUdS4KlmzVv","projectName":"demo demo <demo@email.com>"}}
{"__type":"$$EventMessageConfirm","confirm":"6b3797c3-f4ee-472e-b350-f3cbc623b39e","ts":"2026-08-12T02:15:51.062+00:00","source":{"id":"0","name":"eventBus"}}
{"__type":"$$EventMessageNode","id":"4557a0db-7529-4bf3-afdb-0715d84430c3","ts":"2026-08-12T02:15:51.062+00:00","eventName":"n8n.node.started","message":"n8n.node.started","payload":{"workflowId":"icMHjYIDJfI6WAq5","workflowName":"training_management","executionId":"72","nodeType":"n8n-nodes-base.scheduleTrigger","nodeName":"Schedule Trigger","nodeId":"261bd83c-25ca-496e-b550-43ba053e16be"}}
{"__type":"$$EventMessageConfirm","confirm":"4557a0db-7529-4bf3-afdb-0715d84430c3","ts":"2026-08-12T02:15:51.062+00:00","source":{"id":"0","name":"eventBus"}}
{"__type":"$$EventMessageAudit","id":"9d20f708-16bb-4713-8ca0-9001d97d8bf9","ts":"2026-08-12T02:15:51.062+00:00","eventName":"n8n.audit.workflow.executed","message":"n8n.audit.workflow.executed","payload":{"workflowId":"icMHjYIDJfI6WAq5","workflowName":"training_management","executionId":"72","projectId":"VP8sweUdS4KlmzVv","projectName":"demo demo <demo@email.com>","source":"trigger"}}
{"__type":"$$EventMessageConfirm","confirm":"9d20f708-16bb-4713-8ca0-9001d97d8bf9","ts":"2026-08-12T02:15:51.062+00:00","source":{"id":"0","name":"eventBus"}}
{"__type":"$$EventMessageNode","id":"2362c3fe-aa89-45c5-b424-3191328da84b","ts":"2026-08-12T02:15:51.063+00:00","eventName":"n8n.node.finished","message":"n8n.node.finished","payload":{"workflowId":"icMHjYIDJfI6WAq5","workflowName":"training_management","executionId":"72","nodeType":"n8n-nodes-base.scheduleTrigger","nodeName":"Schedule Trigger","nodeId":"261bd83c-25ca-496e-b550-43ba053e16be"}}
{"__type":"$$EventMessageConfirm","confirm":"2362c3fe-aa89-45c5-b424-3191328da84b","ts":"2026-08-12T02:15:51.063+00:00","source":{"id":"0","name":"eventBus"}}
{"__type":"$$EventMessageNode","id":"56b9c4c7-f5c4-42f7-a00b-6889e0f46594","ts":"2026-08-12T02:15:51.063+00:00","eventName":"n8n.node.started","message":"n8n.node.started","payload":{"workflowId":"icMHjYIDJfI6WAq5","workflowName":"training_management","executionId":"72","nodeType":"n8n-nodes-base.httpRequest","nodeName":"HTTP Request","nodeId":"33162a68-f02b-489d-a6a3-6a6144673674"}}
{"__type":"$$EventMessageConfirm","confirm":"56b9c4c7-f5c4-42f7-a00b-6889e0f46594","ts":"2026-08-12T02:15:51.063+00:00","source":{"id":"0","name":"eventBus"}}
{"__type":"$$EventMessageNode","id":"b451bafd-78ba-4dce-917b-79b67fb435ce","ts":"2026-08-12T02:15:51.535+00:00","eventName":"n8n.node.finished","message":"n8n.node.finished","payload":{"workflowId":"icMHjYIDJfI6WAq5","workflowName":"training_management","executionId":"72","nodeType":"n8n-nodes-base.httpRequest","nodeName":"HTTP Request","nodeId":"33162a68-f02b-489d-a6a3-6a6144673674"}}
{"__type":"$$EventMessageConfirm","confirm":"b451bafd-78ba-4dce-917b-79b67fb435ce","ts":"2026-08-12T02:15:51.535+00:00","source":{"id":"0","name":"eventBus"}}
{"__type":"$$EventMessageWorkflow","id":"afff84c7-c758-4ea1-9ab2-fa0aabb78973","ts":"2026-08-12T02:15:51.535+00:00","eventName":"n8n.workflow.success","message":"n8n.workflow.success","payload":{"executionId":"72","success":true,"isManual":false,"mode":"trigger","workflowId":"icMHjYIDJfI6WAq5","workflowName":"training_management","projectId":"VP8sweUdS4KlmzVv","projectName":"demo demo <demo@email.com>"}}
{"__type":"$$EventMessageConfirm","confirm":"afff84c7-c758-4ea1-9ab2-fa0aabb78973","ts":"2026-08-12T02:15:51.535+00:00","source":{"id":"0","name":"eventBus"}}
{"__type":"$$EventMessageWorkflow","id":"79a5ac4c-9fc0-4c3e-aa03-0d4488296e73","ts":"2026-08-12T12:24:50.958+00:00","eventName":"n8n.workflow.started","message":"n8n.workflow.started","payload":{"executionId":"73","workflowId":"icMHjYIDJfI6WAq5","isManual":false,"mode":"trigger","workflowName":"training_management","projectId":"VP8sweUdS4KlmzVv","projectName":"demo demo <demo@email.com>"}}
{"__type":"$$EventMessageConfirm","confirm":"79a5ac4c-9fc0-4c3e-aa03-0d4488296e73","ts":"2026-08-12T12:24:50.958+00:00","source":{"id":"0","name":"eventBus"}}
{"__type":"$$EventMessageNode","id":"1b84efde-f568-4aef-b673-2e46e8fbe59e","ts":"2026-08-12T12:24:50.959+00:00","eventName":"n8n.node.started","message":"n8n.node.started","payload":{"workflowId":"icMHjYIDJfI6WAq5","workflowName":"training_management","executionId":"73","nodeType":"n8n-nodes-base.scheduleTrigger","nodeName":"Schedule Trigger","nodeId":"261bd83c-25ca-496e-b550-43ba053e16be"}}
{"__type":"$$EventMessageConfirm","confirm":"1b84efde-f568-4aef-b673-2e46e8fbe59e","ts":"2026-08-12T12:24:50.959+00:00","source":{"id":"0","name":"eventBus"}}
{"__type":"$$EventMessageAudit","id":"fbc9221d-1ef5-421b-8e29-1d14b721fb78","ts":"2026-08-12T12:24:50.959+00:00","eventName":"n8n.audit.workflow.executed","message":"n8n.audit.workflow.executed","payload":{"workflowId":"icMHjYIDJfI6WAq5","workflowName":"training_management","executionId":"73","projectId":"VP8sweUdS4KlmzVv","projectName":"demo demo <demo@email.com>","source":"trigger"}}
{"__type":"$$EventMessageConfirm","confirm":"fbc9221d-1ef5-421b-8e29-1d14b721fb78","ts":"2026-08-12T12:24:50.959+00:00","source":{"id":"0","name":"eventBus"}}
{"__type":"$$EventMessageNode","id":"49910037-86e1-4f98-965b-f50497c7b48c","ts":"2026-08-12T12:24:50.959+00:00","eventName":"n8n.node.finished","message":"n8n.node.finished","payload":{"workflowId":"icMHjYIDJfI6WAq5","workflowName":"training_management","executionId":"73","nodeType":"n8n-nodes-base.scheduleTrigger","nodeName":"Schedule Trigger","nodeId":"261bd83c-25ca-496e-b550-43ba053e16be"}}
{"__type":"$$EventMessageConfirm","confirm":"49910037-86e1-4f98-965b-f50497c7b48c","ts":"2026-08-12T12:24:50.959+00:00","source":{"id":"0","name":"eventBus"}}
{"__type":"$$EventMessageNode","id":"1065d3fc-2547-489b-bffc-b5e294b9e74f","ts":"2026-08-12T12:24:50.959+00:00","eventName":"n8n.node.started","message":"n8n.node.started","payload":{"workflowId":"icMHjYIDJfI6WAq5","workflowName":"training_management","executionId":"73","nodeType":"n8n-nodes-base.httpRequest","nodeName":"HTTP Request","nodeId":"33162a68-f02b-489d-a6a3-6a6144673674"}}
{"__type":"$$EventMessageConfirm","confirm":"1065d3fc-2547-489b-bffc-b5e294b9e74f","ts":"2026-08-12T12:24:50.959+00:00","source":{"id":"0","name":"eventBus"}}
{"__type":"$$EventMessageNode","id":"828d9bf0-6288-45c9-9a5f-f81f9667d355","ts":"2026-08-12T12:24:51.760+00:00","eventName":"n8n.node.finished","message":"n8n.node.finished","payload":{"workflowId":"icMHjYIDJfI6WAq5","workflowName":"training_management","executionId":"73","nodeType":"n8n-nodes-base.httpRequest","nodeName":"HTTP Request","nodeId":"33162a68-f02b-489d-a6a3-6a6144673674"}}
{"__type":"$$EventMessageConfirm","confirm":"828d9bf0-6288-45c9-9a5f-f81f9667d355","ts":"2026-08-12T12:24:51.760+00:00","source":{"id":"0","name":"eventBus"}}
{"__type":"$$EventMessageWorkflow","id":"60a627ed-31b9-43be-b57f-f018ecb92526","ts":"2026-08-12T12:24:51.760+00:00","eventName":"n8n.workflow.success","message":"n8n.workflow.success","payload":{"executionId":"73","success":true,"isManual":false,"mode":"trigger","workflowId":"icMHjYIDJfI6WAq5","workflowName":"training_management","projectId":"VP8sweUdS4KlmzVv","projectName":"demo demo <demo@email.com>"}}
{"__type":"$$EventMessageConfirm","confirm":"60a627ed-31b9-43be-b57f-f018ecb92526","ts":"2026-08-12T12:24:51.760+00:00","source":{"id":"0","name":"eventBus"}}
{"__type":"$$EventMessageWorkflow","id":"d4bfa70f-077b-456a-98bc-e7631b12ae23","ts":"2026-08-12T12:25:49.957+00:00","eventName":"n8n.workflow.started","message":"n8n.workflow.started","payload":{"executionId":"74","workflowId":"icMHjYIDJfI6WAq5","isManual":false,"mode":"trigger","workflowName":"training_management","projectId":"VP8sweUdS4KlmzVv","projectName":"demo demo <demo@email.com>"}}
{"__type":"$$EventMessageConfirm","confirm":"d4bfa70f-077b-456a-98bc-e7631b12ae23","ts":"2026-08-12T12:25:49.957+00:00","source":{"id":"0","name":"eventBus"}}
{"__type":"$$EventMessageNode","id":"d707f1d8-bb3b-4ec9-9243-e7cdb85f7bd1","ts":"2026-08-12T12:25:49.958+00:00","eventName":"n8n.node.started","message":"n8n.node.started","payload":{"workflowId":"icMHjYIDJfI6WAq5","workflowName":"training_management","executionId":"74","nodeType":"n8n-nodes-base.scheduleTrigger","nodeName":"Schedule Trigger","nodeId":"261bd83c-25ca-496e-b550-43ba053e16be"}}
{"__type":"$$EventMessageConfirm","confirm":"d707f1d8-bb3b-4ec9-9243-e7cdb85f7bd1","ts":"2026-08-12T12:25:49.958+00:00","source":{"id":"0","name":"eventBus"}}
{"__type":"$$EventMessageAudit","id":"8fa7b408-d0f8-43b0-9005-09b8282faf94","ts":"2026-08-12T12:25:49.958+00:00","eventName":"n8n.audit.workflow.executed","message":"n8n.audit.workflow.executed","payload":{"workflowId":"icMHjYIDJfI6WAq5","workflowName":"training_management","executionId":"74","projectId":"VP8sweUdS4KlmzVv","projectName":"demo demo <demo@email.com>","source":"trigger"}}
{"__type":"$$EventMessageConfirm","confirm":"8fa7b408-d0f8-43b0-9005-09b8282faf94","ts":"2026-08-12T12:25:49.958+00:00","source":{"id":"0","name":"eventBus"}}
{"__type":"$$EventMessageNode","id":"94e6dc34-c083-4393-82a2-f08062d0d7f5","ts":"2026-08-12T12:25:49.958+00:00","eventName":"n8n.node.finished","message":"n8n.node.finished","payload":{"workflowId":"icMHjYIDJfI6WAq5","workflowName":"training_management","executionId":"74","nodeType":"n8n-nodes-base.scheduleTrigger","nodeName":"Schedule Trigger","nodeId":"261bd83c-25ca-496e-b550-43ba053e16be"}}
{"__type":"$$EventMessageConfirm","confirm":"94e6dc34-c083-4393-82a2-f08062d0d7f5","ts":"2026-08-12T12:25:49.958+00:00","source":{"id":"0","name":"eventBus"}}
{"__type":"$$EventMessageNode","id":"f32a505b-0773-4da2-acad-0f4425e93799","ts":"2026-08-12T12:25:49.958+00:00","eventName":"n8n.node.started","message":"n8n.node.started","payload":{"workflowId":"icMHjYIDJfI6WAq5","workflowName":"training_management","executionId":"74","nodeType":"n8n-nodes-base.httpRequest","nodeName":"HTTP Request","nodeId":"33162a68-f02b-489d-a6a3-6a6144673674"}}
{"__type":"$$EventMessageConfirm","confirm":"f32a505b-0773-4da2-acad-0f4425e93799","ts":"2026-08-12T12:25:49.958+00:00","source":{"id":"0","name":"eventBus"}}
{"__type":"$$EventMessageNode","id":"3a3fc57b-4f54-4d4d-9a7d-15706541b9f0","ts":"2026-08-12T12:25:50.413+00:00","eventName":"n8n.node.finished","message":"n8n.node.finished","payload":{"workflowId":"icMHjYIDJfI6WAq5","workflowName":"training_management","executionId":"74","nodeType":"n8n-nodes-base.httpRequest","nodeName":"HTTP Request","nodeId":"33162a68-f02b-489d-a6a3-6a6144673674"}}
{"__type":"$$EventMessageConfirm","confirm":"3a3fc57b-4f54-4d4d-9a7d-15706541b9f0","ts":"2026-08-12T12:25:50.414+00:00","source":{"id":"0","name":"eventBus"}}
{"__type":"$$EventMessageWorkflow","id":"5dda7545-779a-4550-a351-0c01363d6745","ts":"2026-08-12T12:25:50.414+00:00","eventName":"n8n.workflow.success","message":"n8n.workflow.success","payload":{"executionId":"74","success":true,"isManual":false,"mode":"trigger","workflowId":"icMHjYIDJfI6WAq5","workflowName":"training_management","projectId":"VP8sweUdS4KlmzVv","projectName":"demo demo <demo@email.com>"}}
{"__type":"$$EventMessageConfirm","confirm":"5dda7545-779a-4550-a351-0c01363d6745","ts":"2026-08-12T12:25:50.414+00:00","source":{"id":"0","name":"eventBus"}}
{"__type":"$$EventMessageWorkflow","id":"8bbcb383-ff2b-488d-960d-398cf29a17a6","ts":"2026-08-12T16:24:44.359+00:00","eventName":"n8n.workflow.started","message":"n8n.workflow.started","payload":{"executionId":"75","workflowId":"icMHjYIDJfI6WAq5","isManual":false,"mode":"trigger","workflowName":"training_management","projectId":"VP8sweUdS4KlmzVv","projectName":"demo demo <demo@email.com>"}}
{"__type":"$$EventMessageConfirm","confirm":"8bbcb383-ff2b-488d-960d-398cf29a17a6","ts":"2026-08-12T16:24:44.360+00:00","source":{"id":"0","name":"eventBus"}}
{"__type":"$$EventMessageNode","id":"1c87c245-f44d-4677-a5db-6255a703f3ad","ts":"2026-08-12T16:24:44.360+00:00","eventName":"n8n.node.started","message":"n8n.node.started","payload":{"workflowId":"icMHjYIDJfI6WAq5","workflowName":"training_management","executionId":"75","nodeType":"n8n-nodes-base.scheduleTrigger","nodeName":"Schedule Trigger","nodeId":"261bd83c-25ca-496e-b550-43ba053e16be"}}
{"__type":"$$EventMessageConfirm","confirm":"1c87c245-f44d-4677-a5db-6255a703f3ad","ts":"2026-08-12T16:24:44.360+00:00","source":{"id":"0","name":"eventBus"}}
{"__type":"$$EventMessageAudit","id":"3dac6bfc-7b48-4fc0-b461-43aa65bd9162","ts":"2026-08-12T16:24:44.360+00:00","eventName":"n8n.audit.workflow.executed","message":"n8n.audit.workflow.executed","payload":{"workflowId":"icMHjYIDJfI6WAq5","workflowName":"training_management","executionId":"75","projectId":"VP8sweUdS4KlmzVv","projectName":"demo demo <demo@email.com>","source":"trigger"}}
{"__type":"$$EventMessageConfirm","confirm":"3dac6bfc-7b48-4fc0-b461-43aa65bd9162","ts":"2026-08-12T16:24:44.360+00:00","source":{"id":"0","name":"eventBus"}}
{"__type":"$$EventMessageNode","id":"6718d8f7-f4c4-45a9-93e6-6fe6cad31fbb","ts":"2026-08-12T16:24:44.360+00:00","eventName":"n8n.node.finished","message":"n8n.node.finished","payload":{"workflowId":"icMHjYIDJfI6WAq5","workflowName":"training_management","executionId":"75","nodeType":"n8n-nodes-base.scheduleTrigger","nodeName":"Schedule Trigger","nodeId":"261bd83c-25ca-496e-b550-43ba053e16be"}}
{"__type":"$$EventMessageConfirm","confirm":"6718d8f7-f4c4-45a9-93e6-6fe6cad31fbb","ts":"2026-08-12T16:24:44.360+00:00","source":{"id":"0","name":"eventBus"}}
{"__type":"$$EventMessageNode","id":"9cdb30e0-713b-4d71-a803-4170bac2679a","ts":"2026-08-12T16:24:44.360+00:00","eventName":"n8n.node.started","message":"n8n.node.started","payload":{"workflowId":"icMHjYIDJfI6WAq5","workflowName":"training_management","executionId":"75","nodeType":"n8n-nodes-base.httpRequest","nodeName":"HTTP Request","nodeId":"33162a68-f02b-489d-a6a3-6a6144673674"}}
{"__type":"$$EventMessageConfirm","confirm":"9cdb30e0-713b-4d71-a803-4170bac2679a","ts":"2026-08-12T16:24:44.361+00:00","source":{"id":"0","name":"eventBus"}}
{"__type":"$$EventMessageNode","id":"d699781e-3f4c-4a7c-80a7-60021b0ce31a","ts":"2026-08-12T16:24:44.926+00:00","eventName":"n8n.node.finished","message":"n8n.node.finished","payload":{"workflowId":"icMHjYIDJfI6WAq5","workflowName":"training_management","executionId":"75","nodeType":"n8n-nodes-base.httpRequest","nodeName":"HTTP Request","nodeId":"33162a68-f02b-489d-a6a3-6a6144673674"}}
{"__type":"$$EventMessageConfirm","confirm":"d699781e-3f4c-4a7c-80a7-60021b0ce31a","ts":"2026-08-12T16:24:44.927+00:00","source":{"id":"0","name":"eventBus"}}
{"__type":"$$EventMessageWorkflow","id":"e02059b0-1594-4873-adb4-babb4daac778","ts":"2026-08-12T16:24:44.927+00:00","eventName":"n8n.workflow.success","message":"n8n.workflow.success","payload":{"executionId":"75","success":true,"isManual":false,"mode":"trigger","workflowId":"icMHjYIDJfI6WAq5","workflowName":"training_management","projectId":"VP8sweUdS4KlmzVv","projectName":"demo demo <demo@email.com>"}}
{"__type":"$$EventMessageConfirm","confirm":"e02059b0-1594-4873-adb4-babb4daac778","ts":"2026-08-12T16:24:44.927+00:00","source":{"id":"0","name":"eventBus"}}
{"__type":"$$EventMessageWorkflow","id":"20d956af-730e-4e79-b58b-8cf27df71934","ts":"2026-08-12T16:24:47.039+00:00","eventName":"n8n.workflow.started","message":"n8n.workflow.started","payload":{"executionId":"76","workflowId":"icMHjYIDJfI6WAq5","isManual":false,"mode":"trigger","workflowName":"training_management","projectId":"VP8sweUdS4KlmzVv","projectName":"demo demo <demo@email.com>"}}
{"__type":"$$EventMessageConfirm","confirm":"20d956af-730e-4e79-b58b-8cf27df71934","ts":"2026-08-12T16:24:47.039+00:00","source":{"id":"0","name":"eventBus"}}
{"__type":"$$EventMessageNode","id":"2cfa3f8b-5035-4440-a3c7-3b4367376b15","ts":"2026-08-12T16:24:47.039+00:00","eventName":"n8n.node.started","message":"n8n.node.started","payload":{"workflowId":"icMHjYIDJfI6WAq5","workflowName":"training_management","executionId":"76","nodeType":"n8n-nodes-base.scheduleTrigger","nodeName":"Schedule Trigger","nodeId":"261bd83c-25ca-496e-b550-43ba053e16be"}}
{"__type":"$$EventMessageConfirm","confirm":"2cfa3f8b-5035-4440-a3c7-3b4367376b15","ts":"2026-08-12T16:24:47.040+00:00","source":{"id":"0","name":"eventBus"}}
{"__type":"$$EventMessageAudit","id":"a6856378-6ee7-4d7d-9f8b-06a46716282b","ts":"2026-08-12T16:24:47.040+00:00","eventName":"n8n.audit.workflow.executed","message":"n8n.audit.workflow.executed","payload":{"workflowId":"icMHjYIDJfI6WAq5","workflowName":"training_management","executionId":"76","projectId":"VP8sweUdS4KlmzVv","projectName":"demo demo <demo@email.com>","source":"trigger"}}
{"__type":"$$EventMessageConfirm","confirm":"a6856378-6ee7-4d7d-9f8b-06a46716282b","ts":"2026-08-12T16:24:47.040+00:00","source":{"id":"0","name":"eventBus"}}
{"__type":"$$EventMessageNode","id":"9428a399-e9bf-45ed-9db0-4da989ffede1","ts":"2026-08-12T16:24:47.040+00:00","eventName":"n8n.node.finished","message":"n8n.node.finished","payload":{"workflowId":"icMHjYIDJfI6WAq5","workflowName":"training_management","executionId":"76","nodeType":"n8n-nodes-base.scheduleTrigger","nodeName":"Schedule Trigger","nodeId":"261bd83c-25ca-496e-b550-43ba053e16be"}}
{"__type":"$$EventMessageConfirm","confirm":"9428a399-e9bf-45ed-9db0-4da989ffede1","ts":"2026-08-12T16:24:47.040+00:00","source":{"id":"0","name":"eventBus"}}
{"__type":"$$EventMessageNode","id":"9843ce00-d1fd-49b6-bd8e-cd6073f48bb3","ts":"2026-08-12T16:24:47.040+00:00","eventName":"n8n.node.started","message":"n8n.node.started","payload":{"workflowId":"icMHjYIDJfI6WAq5","workflowName":"training_management","executionId":"76","nodeType":"n8n-nodes-base.httpRequest","nodeName":"HTTP Request","nodeId":"33162a68-f02b-489d-a6a3-6a6144673674"}}
{"__type":"$$EventMessageConfirm","confirm":"9843ce00-d1fd-49b6-bd8e-cd6073f48bb3","ts":"2026-08-12T16:24:47.040+00:00","source":{"id":"0","name":"eventBus"}}
{"__type":"$$EventMessageNode","id":"e925221a-03a1-41d1-8fbc-0bf9c85823ad","ts":"2026-08-12T16:24:47.546+00:00","eventName":"n8n.node.finished","message":"n8n.node.finished","payload":{"workflowId":"icMHjYIDJfI6WAq5","workflowName":"training_management","executionId":"76","nodeType":"n8n-nodes-base.httpRequest","nodeName":"HTTP Request","nodeId":"33162a68-f02b-489d-a6a3-6a6144673674"}}
{"__type":"$$EventMessageConfirm","confirm":"e925221a-03a1-41d1-8fbc-0bf9c85823ad","ts":"2026-08-12T16:24:47.547+00:00","source":{"id":"0","name":"eventBus"}}
{"__type":"$$EventMessageWorkflow","id":"40733741-4b5a-40d1-9b28-9a507d541690","ts":"2026-08-12T16:24:47.547+00:00","eventName":"n8n.workflow.success","message":"n8n.workflow.success","payload":{"executionId":"76","success":true,"isManual":false,"mode":"trigger","workflowId":"icMHjYIDJfI6WAq5","workflowName":"training_management","projectId":"VP8sweUdS4KlmzVv","projectName":"demo demo <demo@email.com>"}}
{"__type":"$$EventMessageConfirm","confirm":"40733741-4b5a-40d1-9b28-9a507d541690","ts":"2026-08-12T16:24:47.547+00:00","source":{"id":"0","name":"eventBus"}}
{"__type":"$$EventMessageWorkflow","id":"84222e0a-0c59-48a8-88f1-bf546cb15359","ts":"2026-08-12T16:25:47.043+00:00","eventName":"n8n.workflow.started","message":"n8n.workflow.started","payload":{"executionId":"77","workflowId":"icMHjYIDJfI6WAq5","isManual":false,"mode":"trigger","workflowName":"training_management","projectId":"VP8sweUdS4KlmzVv","projectName":"demo demo <demo@email.com>"}}
{"__type":"$$EventMessageConfirm","confirm":"84222e0a-0c59-48a8-88f1-bf546cb15359","ts":"2026-08-12T16:25:47.043+00:00","source":{"id":"0","name":"eventBus"}}
{"__type":"$$EventMessageNode","id":"9a1b1ea4-a207-4b61-9cac-5e344db2b258","ts":"2026-08-12T16:25:47.043+00:00","eventName":"n8n.node.started","message":"n8n.node.started","payload":{"workflowId":"icMHjYIDJfI6WAq5","workflowName":"training_management","executionId":"77","nodeType":"n8n-nodes-base.scheduleTrigger","nodeName":"Schedule Trigger","nodeId":"261bd83c-25ca-496e-b550-43ba053e16be"}}
{"__type":"$$EventMessageConfirm","confirm":"9a1b1ea4-a207-4b61-9cac-5e344db2b258","ts":"2026-08-12T16:25:47.043+00:00","source":{"id":"0","name":"eventBus"}}
{"__type":"$$EventMessageAudit","id":"d1e07adb-4427-4a7a-845f-0f5035b443c7","ts":"2026-08-12T16:25:47.043+00:00","eventName":"n8n.audit.workflow.executed","message":"n8n.audit.workflow.executed","payload":{"workflowId":"icMHjYIDJfI6WAq5","workflowName":"training_management","executionId":"77","projectId":"VP8sweUdS4KlmzVv","projectName":"demo demo <demo@email.com>","source":"trigger"}}
{"__type":"$$EventMessageConfirm","confirm":"d1e07adb-4427-4a7a-845f-0f5035b443c7","ts":"2026-08-12T16:25:47.043+00:00","source":{"id":"0","name":"eventBus"}}
{"__type":"$$EventMessageNode","id":"005cc7e2-2330-4cda-b03a-6386141a040f","ts":"2026-08-12T16:25:47.044+00:00","eventName":"n8n.node.finished","message":"n8n.node.finished","payload":{"workflowId":"icMHjYIDJfI6WAq5","workflowName":"training_management","executionId":"77","nodeType":"n8n-nodes-base.scheduleTrigger","nodeName":"Schedule Trigger","nodeId":"261bd83c-25ca-496e-b550-43ba053e16be"}}
{"__type":"$$EventMessageConfirm","confirm":"005cc7e2-2330-4cda-b03a-6386141a040f","ts":"2026-08-12T16:25:47.044+00:00","source":{"id":"0","name":"eventBus"}}
{"__type":"$$EventMessageNode","id":"6b71a78b-fc13-4e2f-9f14-14cffaac5e0f","ts":"2026-08-12T16:25:47.044+00:00","eventName":"n8n.node.started","message":"n8n.node.started","payload":{"workflowId":"icMHjYIDJfI6WAq5","workflowName":"training_management","executionId":"77","nodeType":"n8n-nodes-base.httpRequest","nodeName":"HTTP Request","nodeId":"33162a68-f02b-489d-a6a3-6a6144673674"}}
{"__type":"$$EventMessageConfirm","confirm":"6b71a78b-fc13-4e2f-9f14-14cffaac5e0f","ts":"2026-08-12T16:25:47.044+00:00","source":{"id":"0","name":"eventBus"}}
{"__type":"$$EventMessageNode","id":"87b93d46-ff13-4012-9ecb-8c4821f0c74f","ts":"2026-08-12T16:25:47.530+00:00","eventName":"n8n.node.finished","message":"n8n.node.finished","payload":{"workflowId":"icMHjYIDJfI6WAq5","workflowName":"training_management","executionId":"77","nodeType":"n8n-nodes-base.httpRequest","nodeName":"HTTP Request","nodeId":"33162a68-f02b-489d-a6a3-6a6144673674"}}
{"__type":"$$EventMessageConfirm","confirm":"87b93d46-ff13-4012-9ecb-8c4821f0c74f","ts":"2026-08-12T16:25:47.530+00:00","source":{"id":"0","name":"eventBus"}}
{"__type":"$$EventMessageWorkflow","id":"8a74fc2d-7116-4ed9-9144-21be90cca7cc","ts":"2026-08-12T16:25:47.530+00:00","eventName":"n8n.workflow.success","message":"n8n.workflow.success","payload":{"executionId":"77","success":true,"isManual":false,"mode":"trigger","workflowId":"icMHjYIDJfI6WAq5","workflowName":"training_management","projectId":"VP8sweUdS4KlmzVv","projectName":"demo demo <demo@email.com>"}}
{"__type":"$$EventMessageConfirm","confirm":"8a74fc2d-7116-4ed9-9144-21be90cca7cc","ts":"2026-08-12T16:25:47.530+00:00","source":{"id":"0","name":"eventBus"}}
{"__type":"$$EventMessageWorkflow","id":"d413c538-9391-4e8f-97eb-87a44cb6e620","ts":"2026-08-12T16:35:38.169+00:00","eventName":"n8n.workflow.started","message":"n8n.workflow.started","payload":{"executionId":"78","workflowId":"icMHjYIDJfI6WAq5","isManual":false,"mode":"trigger","workflowName":"training_management","projectId":"VP8sweUdS4KlmzVv","projectName":"demo demo <demo@email.com>"}}
{"__type":"$$EventMessageConfirm","confirm":"d413c538-9391-4e8f-97eb-87a44cb6e620","ts":"2026-08-12T16:35:38.169+00:00","source":{"id":"0","name":"eventBus"}}
{"__type":"$$EventMessageNode","id":"5c3f7097-259b-4eac-a973-aaa59fdb3712","ts":"2026-08-12T16:35:38.170+00:00","eventName":"n8n.node.started","message":"n8n.node.started","payload":{"workflowId":"icMHjYIDJfI6WAq5","workflowName":"training_management","executionId":"78","nodeType":"n8n-nodes-base.scheduleTrigger","nodeName":"Schedule Trigger","nodeId":"261bd83c-25ca-496e-b550-43ba053e16be"}}
{"__type":"$$EventMessageConfirm","confirm":"5c3f7097-259b-4eac-a973-aaa59fdb3712","ts":"2026-08-12T16:35:38.170+00:00","source":{"id":"0","name":"eventBus"}}
{"__type":"$$EventMessageAudit","id":"040036b7-e8ec-41b0-a34a-e0b63bf63fcf","ts":"2026-08-12T16:35:38.170+00:00","eventName":"n8n.audit.workflow.executed","message":"n8n.audit.workflow.executed","payload":{"workflowId":"icMHjYIDJfI6WAq5","workflowName":"training_management","executionId":"78","projectId":"VP8sweUdS4KlmzVv","projectName":"demo demo <demo@email.com>","source":"trigger"}}
{"__type":"$$EventMessageConfirm","confirm":"040036b7-e8ec-41b0-a34a-e0b63bf63fcf","ts":"2026-08-12T16:35:38.170+00:00","source":{"id":"0","name":"eventBus"}}
{"__type":"$$EventMessageNode","id":"a259839c-31a2-4bcc-be65-e80518f84177","ts":"2026-08-12T16:35:38.170+00:00","eventName":"n8n.node.finished","message":"n8n.node.finished","payload":{"workflowId":"icMHjYIDJfI6WAq5","workflowName":"training_management","executionId":"78","nodeType":"n8n-nodes-base.scheduleTrigger","nodeName":"Schedule Trigger","nodeId":"261bd83c-25ca-496e-b550-43ba053e16be"}}
{"__type":"$$EventMessageConfirm","confirm":"a259839c-31a2-4bcc-be65-e80518f84177","ts":"2026-08-12T16:35:38.170+00:00","source":{"id":"0","name":"eventBus"}}
{"__type":"$$EventMessageNode","id":"d59b0aff-89c4-48c0-b75a-a37ad2e75856","ts":"2026-08-12T16:35:38.170+00:00","eventName":"n8n.node.started","message":"n8n.node.started","payload":{"workflowId":"icMHjYIDJfI6WAq5","workflowName":"training_management","executionId":"78","nodeType":"n8n-nodes-base.httpRequest","nodeName":"HTTP Request","nodeId":"33162a68-f02b-489d-a6a3-6a6144673674"}}
{"__type":"$$EventMessageConfirm","confirm":"d59b0aff-89c4-48c0-b75a-a37ad2e75856","ts":"2026-08-12T16:35:38.170+00:00","source":{"id":"0","name":"eventBus"}}
{"__type":"$$EventMessageNode","id":"fa2f3aa2-6bc9-40a5-afda-834de6cd7291","ts":"2026-08-12T16:35:38.432+00:00","eventName":"n8n.node.finished","message":"n8n.node.finished","payload":{"workflowId":"icMHjYIDJfI6WAq5","workflowName":"training_management","executionId":"78","nodeType":"n8n-nodes-base.httpRequest","nodeName":"HTTP Request","nodeId":"33162a68-f02b-489d-a6a3-6a6144673674"}}
{"__type":"$$EventMessageConfirm","confirm":"fa2f3aa2-6bc9-40a5-afda-834de6cd7291","ts":"2026-08-12T16:35:38.432+00:00","source":{"id":"0","name":"eventBus"}}
{"__type":"$$EventMessageWorkflow","id":"45e1e4c8-623f-46b8-a1dc-582f2c3dad07","ts":"2026-08-12T16:35:38.433+00:00","eventName":"n8n.workflow.success","message":"n8n.workflow.success","payload":{"executionId":"78","success":true,"isManual":false,"mode":"trigger","workflowId":"icMHjYIDJfI6WAq5","workflowName":"training_management","projectId":"VP8sweUdS4KlmzVv","projectName":"demo demo <demo@email.com>"}}
{"__type":"$$EventMessageConfirm","confirm":"45e1e4c8-623f-46b8-a1dc-582f2c3dad07","ts":"2026-08-12T16:35:38.433+00:00","source":{"id":"0","name":"eventBus"}}
{"__type":"$$EventMessageWorkflow","id":"956fd002-fd43-49f5-bcc4-eed19513d332","ts":"2026-08-12T21:26:55.878+00:00","eventName":"n8n.workflow.started","message":"n8n.workflow.started","payload":{"executionId":"79","workflowId":"icMHjYIDJfI6WAq5","isManual":false,"mode":"trigger","workflowName":"training_management","projectId":"VP8sweUdS4KlmzVv","projectName":"demo demo <demo@email.com>"}}
{"__type":"$$EventMessageConfirm","confirm":"956fd002-fd43-49f5-bcc4-eed19513d332","ts":"2026-08-12T21:26:55.879+00:00","source":{"id":"0","name":"eventBus"}}
{"__type":"$$EventMessageNode","id":"6c8e77c3-10a9-4d31-a78e-4720c916a6b1","ts":"2026-08-12T21:26:55.879+00:00","eventName":"n8n.node.started","message":"n8n.node.started","payload":{"workflowId":"icMHjYIDJfI6WAq5","workflowName":"training_management","executionId":"79","nodeType":"n8n-nodes-base.scheduleTrigger","nodeName":"Schedule Trigger","nodeId":"261bd83c-25ca-496e-b550-43ba053e16be"}}
{"__type":"$$EventMessageConfirm","confirm":"6c8e77c3-10a9-4d31-a78e-4720c916a6b1","ts":"2026-08-12T21:26:55.879+00:00","source":{"id":"0","name":"eventBus"}}
{"__type":"$$EventMessageAudit","id":"712de17b-dbd2-4c86-9189-c16efff480af","ts":"2026-08-12T21:26:55.880+00:00","eventName":"n8n.audit.workflow.executed","message":"n8n.audit.workflow.executed","payload":{"workflowId":"icMHjYIDJfI6WAq5","workflowName":"training_management","executionId":"79","projectId":"VP8sweUdS4KlmzVv","projectName":"demo demo <demo@email.com>","source":"trigger"}}
{"__type":"$$EventMessageConfirm","confirm":"712de17b-dbd2-4c86-9189-c16efff480af","ts":"2026-08-12T21:26:55.880+00:00","source":{"id":"0","name":"eventBus"}}
{"__type":"$$EventMessageNode","id":"6f473997-8aee-43a8-9ece-779ddf9bec94","ts":"2026-08-12T21:26:55.880+00:00","eventName":"n8n.node.finished","message":"n8n.node.finished","payload":{"workflowId":"icMHjYIDJfI6WAq5","workflowName":"training_management","executionId":"79","nodeType":"n8n-nodes-base.scheduleTrigger","nodeName":"Schedule Trigger","nodeId":"261bd83c-25ca-496e-b550-43ba053e16be"}}
{"__type":"$$EventMessageConfirm","confirm":"6f473997-8aee-43a8-9ece-779ddf9bec94","ts":"2026-08-12T21:26:55.880+00:00","source":{"id":"0","name":"eventBus"}}
{"__type":"$$EventMessageNode","id":"af64ceef-105e-4eea-b2f7-9a804d06d23e","ts":"2026-08-12T21:26:55.880+00:00","eventName":"n8n.node.started","message":"n8n.node.started","payload":{"workflowId":"icMHjYIDJfI6WAq5","workflowName":"training_management","executionId":"79","nodeType":"n8n-nodes-base.httpRequest","nodeName":"HTTP Request","nodeId":"33162a68-f02b-489d-a6a3-6a6144673674"}}
{"__type":"$$EventMessageConfirm","confirm":"af64ceef-105e-4eea-b2f7-9a804d06d23e","ts":"2026-08-12T21:26:55.880+00:00","source":{"id":"0","name":"eventBus"}}
{"__type":"$$EventMessageNode","id":"093637b3-3107-4deb-8048-c3edd4d88b3e","ts":"2026-08-12T21:26:57.145+00:00","eventName":"n8n.node.finished","message":"n8n.node.finished","payload":{"workflowId":"icMHjYIDJfI6WAq5","workflowName":"training_management","executionId":"79","nodeType":"n8n-nodes-base.httpRequest","nodeName":"HTTP Request","nodeId":"33162a68-f02b-489d-a6a3-6a6144673674"}}
{"__type":"$$EventMessageConfirm","confirm":"093637b3-3107-4deb-8048-c3edd4d88b3e","ts":"2026-08-12T21:26:57.145+00:00","source":{"id":"0","name":"eventBus"}}
{"__type":"$$EventMessageWorkflow","id":"b8600626-d2ce-4a8a-9112-8b24bfca501a","ts":"2026-08-12T21:26:57.146+00:00","eventName":"n8n.workflow.success","message":"n8n.workflow.success","payload":{"executionId":"79","success":true,"isManual":false,"mode":"trigger","workflowId":"icMHjYIDJfI6WAq5","workflowName":"training_management","projectId":"VP8sweUdS4KlmzVv","projectName":"demo demo <demo@email.com>"}}
{"__type":"$$EventMessageConfirm","confirm":"b8600626-d2ce-4a8a-9112-8b24bfca501a","ts":"2026-08-12T21:26:57.147+00:00","source":{"id":"0","name":"eventBus"}}
{"__type":"$$EventMessageWorkflow","id":"dc49b0ec-5de2-4360-b5f1-a9d160bf648e","ts":"2026-08-12T21:27:47.963+00:00","eventName":"n8n.workflow.started","message":"n8n.workflow.started","payload":{"executionId":"80","workflowId":"icMHjYIDJfI6WAq5","isManual":false,"mode":"trigger","workflowName":"training_management","projectId":"VP8sweUdS4KlmzVv","projectName":"demo demo <demo@email.com>"}}
{"__type":"$$EventMessageConfirm","confirm":"dc49b0ec-5de2-4360-b5f1-a9d160bf648e","ts":"2026-08-12T21:27:47.964+00:00","source":{"id":"0","name":"eventBus"}}
{"__type":"$$EventMessageNode","id":"a26edb5f-dbdc-45f0-bde6-038ae8c4c9cd","ts":"2026-08-12T21:27:47.964+00:00","eventName":"n8n.node.started","message":"n8n.node.started","payload":{"workflowId":"icMHjYIDJfI6WAq5","workflowName":"training_management","executionId":"80","nodeType":"n8n-nodes-base.scheduleTrigger","nodeName":"Schedule Trigger","nodeId":"261bd83c-25ca-496e-b550-43ba053e16be"}}
{"__type":"$$EventMessageConfirm","confirm":"a26edb5f-dbdc-45f0-bde6-038ae8c4c9cd","ts":"2026-08-12T21:27:47.964+00:00","source":{"id":"0","name":"eventBus"}}
{"__type":"$$EventMessageAudit","id":"20577916-a970-43ed-8202-88cc294140d0","ts":"2026-08-12T21:27:47.964+00:00","eventName":"n8n.audit.workflow.executed","message":"n8n.audit.workflow.executed","payload":{"workflowId":"icMHjYIDJfI6WAq5","workflowName":"training_management","executionId":"80","projectId":"VP8sweUdS4KlmzVv","projectName":"demo demo <demo@email.com>","source":"trigger"}}
{"__type":"$$EventMessageConfirm","confirm":"20577916-a970-43ed-8202-88cc294140d0","ts":"2026-08-12T21:27:47.964+00:00","source":{"id":"0","name":"eventBus"}}
{"__type":"$$EventMessageNode","id":"ff20cf06-2dc9-4990-a622-f4a2839ca2b0","ts":"2026-08-12T21:27:47.964+00:00","eventName":"n8n.node.finished","message":"n8n.node.finished","payload":{"workflowId":"icMHjYIDJfI6WAq5","workflowName":"training_management","executionId":"80","nodeType":"n8n-nodes-base.scheduleTrigger","nodeName":"Schedule Trigger","nodeId":"261bd83c-25ca-496e-b550-43ba053e16be"}}
{"__type":"$$EventMessageConfirm","confirm":"ff20cf06-2dc9-4990-a622-f4a2839ca2b0","ts":"2026-08-12T21:27:47.964+00:00","source":{"id":"0","name":"eventBus"}}
{"__type":"$$EventMessageNode","id":"71ba0735-49f9-48e9-929c-1fceee80987a","ts":"2026-08-12T21:27:47.964+00:00","eventName":"n8n.node.started","message":"n8n.node.started","payload":{"workflowId":"icMHjYIDJfI6WAq5","workflowName":"training_management","executionId":"80","nodeType":"n8n-nodes-base.httpRequest","nodeName":"HTTP Request","nodeId":"33162a68-f02b-489d-a6a3-6a6144673674"}}
{"__type":"$$EventMessageConfirm","confirm":"71ba0735-49f9-48e9-929c-1fceee80987a","ts":"2026-08-12T21:27:47.964+00:00","source":{"id":"0","name":"eventBus"}}
{"__type":"$$EventMessageNode","id":"ba3cd0d5-31ed-4f5f-8ab1-4d6a58d22978","ts":"2026-08-12T21:27:48.501+00:00","eventName":"n8n.node.finished","message":"n8n.node.finished","payload":{"workflowId":"icMHjYIDJfI6WAq5","workflowName":"training_management","executionId":"80","nodeType":"n8n-nodes-base.httpRequest","nodeName":"HTTP Request","nodeId":"33162a68-f02b-489d-a6a3-6a6144673674"}}
{"__type":"$$EventMessageConfirm","confirm":"ba3cd0d5-31ed-4f5f-8ab1-4d6a58d22978","ts":"2026-08-12T21:27:48.501+00:00","source":{"id":"0","name":"eventBus"}}
{"__type":"$$EventMessageWorkflow","id":"2de6531e-e063-4f65-9afe-1b9767313333","ts":"2026-08-12T21:27:48.501+00:00","eventName":"n8n.workflow.success","message":"n8n.workflow.success","payload":{"executionId":"80","success":true,"isManual":false,"mode":"trigger","workflowId":"icMHjYIDJfI6WAq5","workflowName":"training_management","projectId":"VP8sweUdS4KlmzVv","projectName":"demo demo <demo@email.com>"}}
{"__type":"$$EventMessageConfirm","confirm":"2de6531e-e063-4f65-9afe-1b9767313333","ts":"2026-08-12T21:27:48.501+00:00","source":{"id":"0","name":"eventBus"}}
{"__type":"$$EventMessageWorkflow","id":"1e4e1d42-9d55-4d13-9b01-259d4ffe3e22","ts":"2026-08-12T21:28:49.351+00:00","eventName":"n8n.workflow.started","message":"n8n.workflow.started","payload":{"executionId":"81","workflowId":"icMHjYIDJfI6WAq5","isManual":false,"mode":"trigger","workflowName":"training_management","projectId":"VP8sweUdS4KlmzVv","projectName":"demo demo <demo@email.com>"}}
{"__type":"$$EventMessageConfirm","confirm":"1e4e1d42-9d55-4d13-9b01-259d4ffe3e22","ts":"2026-08-12T21:28:49.351+00:00","source":{"id":"0","name":"eventBus"}}
{"__type":"$$EventMessageNode","id":"907f6fff-191e-4b88-93f2-0eed656137d1","ts":"2026-08-12T21:28:49.351+00:00","eventName":"n8n.node.started","message":"n8n.node.started","payload":{"workflowId":"icMHjYIDJfI6WAq5","workflowName":"training_management","executionId":"81","nodeType":"n8n-nodes-base.scheduleTrigger","nodeName":"Schedule Trigger","nodeId":"261bd83c-25ca-496e-b550-43ba053e16be"}}
{"__type":"$$EventMessageConfirm","confirm":"907f6fff-191e-4b88-93f2-0eed656137d1","ts":"2026-08-12T21:28:49.351+00:00","source":{"id":"0","name":"eventBus"}}
{"__type":"$$EventMessageAudit","id":"26f61fe5-7424-4fa4-8a79-ce41df90c15a","ts":"2026-08-12T21:28:49.351+00:00","eventName":"n8n.audit.workflow.executed","message":"n8n.audit.workflow.executed","payload":{"workflowId":"icMHjYIDJfI6WAq5","workflowName":"training_management","executionId":"81","projectId":"VP8sweUdS4KlmzVv","projectName":"demo demo <demo@email.com>","source":"trigger"}}
{"__type":"$$EventMessageConfirm","confirm":"26f61fe5-7424-4fa4-8a79-ce41df90c15a","ts":"2026-08-12T21:28:49.351+00:00","source":{"id":"0","name":"eventBus"}}
{"__type":"$$EventMessageNode","id":"2356cfeb-2632-4f0c-b8bb-18e7dab5bc76","ts":"2026-08-12T21:28:49.352+00:00","eventName":"n8n.node.finished","message":"n8n.node.finished","payload":{"workflowId":"icMHjYIDJfI6WAq5","workflowName":"training_management","executionId":"81","nodeType":"n8n-nodes-base.scheduleTrigger","nodeName":"Schedule Trigger","nodeId":"261bd83c-25ca-496e-b550-43ba053e16be"}}
{"__type":"$$EventMessageConfirm","confirm":"2356cfeb-2632-4f0c-b8bb-18e7dab5bc76","ts":"2026-08-12T21:28:49.352+00:00","source":{"id":"0","name":"eventBus"}}
{"__type":"$$EventMessageNode","id":"31da66d0-1481-4ea9-9fb6-3eb4c049a994","ts":"2026-08-12T21:28:49.352+00:00","eventName":"n8n.node.started","message":"n8n.node.started","payload":{"workflowId":"icMHjYIDJfI6WAq5","workflowName":"training_management","executionId":"81","nodeType":"n8n-nodes-base.httpRequest","nodeName":"HTTP Request","nodeId":"33162a68-f02b-489d-a6a3-6a6144673674"}}
{"__type":"$$EventMessageConfirm","confirm":"31da66d0-1481-4ea9-9fb6-3eb4c049a994","ts":"2026-08-12T21:28:49.352+00:00","source":{"id":"0","name":"eventBus"}}
{"__type":"$$EventMessageNode","id":"a3bee9a2-eac2-45cb-9e72-933f5c7bdcd2","ts":"2026-08-12T21:28:52.380+00:00","eventName":"n8n.node.finished","message":"n8n.node.finished","payload":{"workflowId":"icMHjYIDJfI6WAq5","workflowName":"training_management","executionId":"81","nodeType":"n8n-nodes-base.httpRequest","nodeName":"HTTP Request","nodeId":"33162a68-f02b-489d-a6a3-6a6144673674"}}
{"__type":"$$EventMessageConfirm","confirm":"a3bee9a2-eac2-45cb-9e72-933f5c7bdcd2","ts":"2026-08-12T21:28:52.380+00:00","source":{"id":"0","name":"eventBus"}}
{"__type":"$$EventMessageWorkflow","id":"03f58bcf-d9da-41ad-be87-34c0bdb6ab40","ts":"2026-08-12T21:28:52.380+00:00","eventName":"n8n.workflow.success","message":"n8n.workflow.success","payload":{"executionId":"81","success":true,"isManual":false,"mode":"trigger","workflowId":"icMHjYIDJfI6WAq5","workflowName":"training_management","projectId":"VP8sweUdS4KlmzVv","projectName":"demo demo <demo@email.com>"}}
{"__type":"$$EventMessageConfirm","confirm":"03f58bcf-d9da-41ad-be87-34c0bdb6ab40","ts":"2026-08-12T21:28:52.380+00:00","source":{"id":"0","name":"eventBus"}}
{"__type":"$$EventMessageWorkflow","id":"b8833195-dd94-4235-99d2-e92806efcdd2","ts":"2026-08-12T21:29:52.035+00:00","eventName":"n8n.workflow.started","message":"n8n.workflow.started","payload":{"executionId":"82","workflowId":"icMHjYIDJfI6WAq5","isManual":false,"mode":"trigger","workflowName":"training_management","projectId":"VP8sweUdS4KlmzVv","projectName":"demo demo <demo@email.com>"}}
{"__type":"$$EventMessageConfirm","confirm":"b8833195-dd94-4235-99d2-e92806efcdd2","ts":"2026-08-12T21:29:52.035+00:00","source":{"id":"0","name":"eventBus"}}
{"__type":"$$EventMessageNode","id":"507722d7-0a5c-4382-987c-f5a546ac0f93","ts":"2026-08-12T21:29:52.035+00:00","eventName":"n8n.node.started","message":"n8n.node.started","payload":{"workflowId":"icMHjYIDJfI6WAq5","workflowName":"training_management","executionId":"82","nodeType":"n8n-nodes-base.scheduleTrigger","nodeName":"Schedule Trigger","nodeId":"261bd83c-25ca-496e-b550-43ba053e16be"}}
{"__type":"$$EventMessageConfirm","confirm":"507722d7-0a5c-4382-987c-f5a546ac0f93","ts":"2026-08-12T21:29:52.036+00:00","source":{"id":"0","name":"eventBus"}}
{"__type":"$$EventMessageAudit","id":"7a38a3c4-2bd4-48ec-a32e-2f862aad48c8","ts":"2026-08-12T21:29:52.036+00:00","eventName":"n8n.audit.workflow.executed","message":"n8n.audit.workflow.executed","payload":{"workflowId":"icMHjYIDJfI6WAq5","workflowName":"training_management","executionId":"82","projectId":"VP8sweUdS4KlmzVv","projectName":"demo demo <demo@email.com>","source":"trigger"}}
{"__type":"$$EventMessageConfirm","confirm":"7a38a3c4-2bd4-48ec-a32e-2f862aad48c8","ts":"2026-08-12T21:29:52.036+00:00","source":{"id":"0","name":"eventBus"}}
{"__type":"$$EventMessageNode","id":"8cbc86db-2a5f-4d32-b5b8-221fb8682b1e","ts":"2026-08-12T21:29:52.036+00:00","eventName":"n8n.node.finished","message":"n8n.node.finished","payload":{"workflowId":"icMHjYIDJfI6WAq5","workflowName":"training_management","executionId":"82","nodeType":"n8n-nodes-base.scheduleTrigger","nodeName":"Schedule Trigger","nodeId":"261bd83c-25ca-496e-b550-43ba053e16be"}}
{"__type":"$$EventMessageConfirm","confirm":"8cbc86db-2a5f-4d32-b5b8-221fb8682b1e","ts":"2026-08-12T21:29:52.036+00:00","source":{"id":"0","name":"eventBus"}}
{"__type":"$$EventMessageNode","id":"41c9c59b-f2ca-471e-9621-1bbd6e1138b0","ts":"2026-08-12T21:29:52.036+00:00","eventName":"n8n.node.started","message":"n8n.node.started","payload":{"workflowId":"icMHjYIDJfI6WAq5","workflowName":"training_management","executionId":"82","nodeType":"n8n-nodes-base.httpRequest","nodeName":"HTTP Request","nodeId":"33162a68-f02b-489d-a6a3-6a6144673674"}}
{"__type":"$$EventMessageConfirm","confirm":"41c9c59b-f2ca-471e-9621-1bbd6e1138b0","ts":"2026-08-12T21:29:52.036+00:00","source":{"id":"0","name":"eventBus"}}
{"__type":"$$EventMessageNode","id":"33bbf053-811e-4b0c-8dc7-2758ab927cd0","ts":"2026-08-12T21:29:53.038+00:00","eventName":"n8n.node.finished","message":"n8n.node.finished","payload":{"workflowId":"icMHjYIDJfI6WAq5","workflowName":"training_management","executionId":"82","nodeType":"n8n-nodes-base.httpRequest","nodeName":"HTTP Request","nodeId":"33162a68-f02b-489d-a6a3-6a6144673674"}}
{"__type":"$$EventMessageConfirm","confirm":"33bbf053-811e-4b0c-8dc7-2758ab927cd0","ts":"2026-08-12T21:29:53.038+00:00","source":{"id":"0","name":"eventBus"}}
{"__type":"$$EventMessageWorkflow","id":"6314845f-a164-4c19-80f9-cf21d60fcf13","ts":"2026-08-12T21:29:53.039+00:00","eventName":"n8n.workflow.success","message":"n8n.workflow.success","payload":{"executionId":"82","success":true,"isManual":false,"mode":"trigger","workflowId":"icMHjYIDJfI6WAq5","workflowName":"training_management","projectId":"VP8sweUdS4KlmzVv","projectName":"demo demo <demo@email.com>"}}
{"__type":"$$EventMessageConfirm","confirm":"6314845f-a164-4c19-80f9-cf21d60fcf13","ts":"2026-08-12T21:29:53.039+00:00","source":{"id":"0","name":"eventBus"}}
{"__type":"$$EventMessageAudit","id":"16513e1b-8558-4ecc-bfdc-785c9dd23e3d","ts":"2026-08-12T21:30:01.505+00:00","eventName":"n8n.audit.workflow.updated","message":"n8n.audit.workflow.updated","payload":{"userId":"9c968acf-8060-4d0b-9187-dde49eae5716","_email":"demo@email.com","_firstName":"demo","_lastName":"demo","globalRole":"global:owner","workflowId":"icMHjYIDJfI6WAq5","workflowName":"training_management"}}
{"__type":"$$EventMessageConfirm","confirm":"16513e1b-8558-4ecc-bfdc-785c9dd23e3d","ts":"2026-08-12T21:30:01.505+00:00","source":{"id":"0","name":"eventBus"}}
{"__type":"$$EventMessageAudit","id":"d100b6fe-1613-4861-81e7-b03ebc635f38","ts":"2026-08-12T21:30:24.165+00:00","eventName":"n8n.audit.workflow.deactivated","message":"n8n.audit.workflow.deactivated","payload":{"userId":"9c968acf-8060-4d0b-9187-dde49eae5716","_email":"demo@email.com","_firstName":"demo","_lastName":"demo","globalRole":"global:owner","workflowId":"icMHjYIDJfI6WAq5","workflowName":"training_management","deactivatedVersionId":"e095afcd-a127-4763-9fbe-85a52ea95055"}}
{"__type":"$$EventMessageConfirm","confirm":"d100b6fe-1613-4861-81e7-b03ebc635f38","ts":"2026-08-12T21:30:24.165+00:00","source":{"id":"0","name":"eventBus"}}
{"__type":"$$EventMessageAudit","id":"7c846a87-9f75-443f-a4b0-b0b9dd4bc2e2","ts":"2026-08-12T21:30:32.547+00:00","eventName":"n8n.audit.workflow.archived","message":"n8n.audit.workflow.archived","payload":{"userId":"9c968acf-8060-4d0b-9187-dde49eae5716","_email":"demo@email.com","_firstName":"demo","_lastName":"demo","globalRole":"global:owner","workflowId":"icMHjYIDJfI6WAq5"}}
{"__type":"$$EventMessageConfirm","confirm":"7c846a87-9f75-443f-a4b0-b0b9dd4bc2e2","ts":"2026-08-12T21:30:32.547+00:00","source":{"id":"0","name":"eventBus"}}
{"__type":"$$EventMessageAudit","id":"c6c7e0a0-f049-4b50-b108-8c2c61ffc2dc","ts":"2026-08-12T21:50:26.829+00:00","eventName":"n8n.audit.workflow.created","message":"n8n.audit.workflow.created","payload":{"userId":"9c968acf-8060-4d0b-9187-dde49eae5716","_email":"demo@email.com","_firstName":"demo","_lastName":"demo","globalRole":"global:owner","workflowId":"kKl5ZpUOmLIr9hZt","workflowName":"My workflow"}}
{"__type":"$$EventMessageConfirm","confirm":"c6c7e0a0-f049-4b50-b108-8c2c61ffc2dc","ts":"2026-08-12T21:50:26.830+00:00","source":{"id":"0","name":"eventBus"}}
{"__type":"$$EventMessageAudit","id":"8b7f8c98-8d3b-43ef-8210-674448e85882","ts":"2026-08-12T21:51:13.491+00:00","eventName":"n8n.audit.workflow.updated","message":"n8n.audit.workflow.updated","payload":{"userId":"9c968acf-8060-4d0b-9187-dde49eae5716","_email":"demo@email.com","_firstName":"demo","_lastName":"demo","globalRole":"global:owner","workflowId":"kKl5ZpUOmLIr9hZt","workflowName":"My workflow"}}
{"__type":"$$EventMessageConfirm","confirm":"8b7f8c98-8d3b-43ef-8210-674448e85882","ts":"2026-08-12T21:51:13.491+00:00","source":{"id":"0","name":"eventBus"}}
{"__type":"$$EventMessageAudit","id":"ec573b41-b1c0-4a5f-973b-550f8a627c7d","ts":"2026-08-12T21:51:55.382+00:00","eventName":"n8n.audit.workflow.updated","message":"n8n.audit.workflow.updated","payload":{"userId":"9c968acf-8060-4d0b-9187-dde49eae5716","_email":"demo@email.com","_firstName":"demo","_lastName":"demo","globalRole":"global:owner","workflowId":"kKl5ZpUOmLIr9hZt","workflowName":"My workflow"}}
{"__type":"$$EventMessageConfirm","confirm":"ec573b41-b1c0-4a5f-973b-550f8a627c7d","ts":"2026-08-12T21:51:55.383+00:00","source":{"id":"0","name":"eventBus"}}
{"__type":"$$EventMessageAudit","id":"c48b3d30-63ad-4c8d-b66a-91cc51ede48e","ts":"2026-08-12T21:52:03.449+00:00","eventName":"n8n.audit.workflow.updated","message":"n8n.audit.workflow.updated","payload":{"userId":"9c968acf-8060-4d0b-9187-dde49eae5716","_email":"demo@email.com","_firstName":"demo","_lastName":"demo","globalRole":"global:owner","workflowId":"kKl5ZpUOmLIr9hZt","workflowName":"My workflow"}}
{"__type":"$$EventMessageConfirm","confirm":"c48b3d30-63ad-4c8d-b66a-91cc51ede48e","ts":"2026-08-12T21:52:03.449+00:00","source":{"id":"0","name":"eventBus"}}
{"__type":"$$EventMessageAudit","id":"6cf429b5-5252-4997-9c8c-d996c4316eca","ts":"2026-08-12T21:52:05.693+00:00","eventName":"n8n.audit.workflow.updated","message":"n8n.audit.workflow.updated","payload":{"userId":"9c968acf-8060-4d0b-9187-dde49eae5716","_email":"demo@email.com","_firstName":"demo","_lastName":"demo","globalRole":"global:owner","workflowId":"kKl5ZpUOmLIr9hZt","workflowName":"My workflow"}}
{"__type":"$$EventMessageConfirm","confirm":"6cf429b5-5252-4997-9c8c-d996c4316eca","ts":"2026-08-12T21:52:05.694+00:00","source":{"id":"0","name":"eventBus"}}
{"__type":"$$EventMessageAudit","id":"6a3e394f-11fd-440e-b67a-0bbaec30f9c3","ts":"2026-08-12T21:52:07.398+00:00","eventName":"n8n.audit.workflow.updated","message":"n8n.audit.workflow.updated","payload":{"userId":"9c968acf-8060-4d0b-9187-dde49eae5716","_email":"demo@email.com","_firstName":"demo","_lastName":"demo","globalRole":"global:owner","workflowId":"kKl5ZpUOmLIr9hZt","workflowName":"My workflow"}}
{"__type":"$$EventMessageConfirm","confirm":"6a3e394f-11fd-440e-b67a-0bbaec30f9c3","ts":"2026-08-12T21:52:07.398+00:00","source":{"id":"0","name":"eventBus"}}
{"__type":"$$EventMessageAudit","id":"3a2e2fb1-4df3-44ff-82fa-9e7c9d51b52e","ts":"2026-08-12T21:52:48.734+00:00","eventName":"n8n.audit.workflow.executed","message":"n8n.audit.workflow.executed","payload":{"userId":"9c968acf-8060-4d0b-9187-dde49eae5716","_email":"demo@email.com","_firstName":"demo","_lastName":"demo","globalRole":"global:owner","workflowId":"kKl5ZpUOmLIr9hZt","workflowName":"My workflow","executionId":"83","projectId":"VP8sweUdS4KlmzVv","projectName":"demo demo <demo@email.com>","source":"user-manual"}}
{"__type":"$$EventMessageConfirm","confirm":"3a2e2fb1-4df3-44ff-82fa-9e7c9d51b52e","ts":"2026-08-12T21:52:48.734+00:00","source":{"id":"0","name":"eventBus"}}
{"__type":"$$EventMessageWorkflow","id":"df67f306-a005-4434-b6e5-c4f595643ddd","ts":"2026-08-12T21:52:48.737+00:00","eventName":"n8n.workflow.started","message":"n8n.workflow.started","payload":{"executionId":"83","workflowId":"kKl5ZpUOmLIr9hZt","isManual":false,"mode":"manual","workflowName":"My workflow","projectId":"VP8sweUdS4KlmzVv","projectName":"demo demo <demo@email.com>"}}
{"__type":"$$EventMessageConfirm","confirm":"df67f306-a005-4434-b6e5-c4f595643ddd","ts":"2026-08-12T21:52:48.737+00:00","source":{"id":"0","name":"eventBus"}}
{"__type":"$$EventMessageNode","id":"a440de47-92f7-4e03-9efd-6cc24ce8ade5","ts":"2026-08-12T21:52:48.765+00:00","eventName":"n8n.node.started","message":"n8n.node.started","payload":{"workflowId":"kKl5ZpUOmLIr9hZt","workflowName":"My workflow","executionId":"83","nodeType":"n8n-nodes-base.scheduleTrigger","nodeName":"Schedule Trigger","nodeId":"d17b2b40-479b-4abb-a08f-b097dd405c6a"}}
{"__type":"$$EventMessageConfirm","confirm":"a440de47-92f7-4e03-9efd-6cc24ce8ade5","ts":"2026-08-12T21:52:48.766+00:00","source":{"id":"0","name":"eventBus"}}
{"__type":"$$EventMessageNode","id":"81ff13fe-9381-468c-bbb9-5902680e99d0","ts":"2026-08-12T21:52:48.787+00:00","eventName":"n8n.node.finished","message":"n8n.node.finished","payload":{"workflowId":"kKl5ZpUOmLIr9hZt","workflowName":"My workflow","executionId":"83","nodeType":"n8n-nodes-base.scheduleTrigger","nodeName":"Schedule Trigger","nodeId":"d17b2b40-479b-4abb-a08f-b097dd405c6a"}}
{"__type":"$$EventMessageConfirm","confirm":"81ff13fe-9381-468c-bbb9-5902680e99d0","ts":"2026-08-12T21:52:48.788+00:00","source":{"id":"0","name":"eventBus"}}
{"__type":"$$EventMessageWorkflow","id":"d665bcea-9003-4f46-b9ec-aedfa76a2e63","ts":"2026-08-12T21:52:48.800+00:00","eventName":"n8n.workflow.success","message":"n8n.workflow.success","payload":{"userId":"9c968acf-8060-4d0b-9187-dde49eae5716","executionId":"83","success":true,"isManual":true,"mode":"manual","workflowId":"kKl5ZpUOmLIr9hZt","workflowName":"My workflow","projectId":"VP8sweUdS4KlmzVv","projectName":"demo demo <demo@email.com>"}}
{"__type":"$$EventMessageConfirm","confirm":"d665bcea-9003-4f46-b9ec-aedfa76a2e63","ts":"2026-08-12T21:52:48.801+00:00","source":{"id":"0","name":"eventBus"}}
{"__type":"$$EventMessageAudit","id":"6ab98cc4-4f40-4b9c-9bdc-5979cef5f9d8","ts":"2026-08-12T23:53:15.650+02:00","eventName":"n8n.audit.workflow.updated","message":"n8n.audit.workflow.updated","payload":{"userId":"9c968acf-8060-4d0b-9187-dde49eae5716","_email":"demo@email.com","_firstName":"demo","_lastName":"demo","globalRole":"global:owner","workflowId":"kKl5ZpUOmLIr9hZt","workflowName":"My workflow"}}
{"__type":"$$EventMessageConfirm","confirm":"6ab98cc4-4f40-4b9c-9bdc-5979cef5f9d8","ts":"2026-08-12T23:53:15.650+02:00","source":{"id":"0","name":"eventBus"}}
{"__type":"$$EventMessageAudit","id":"7d412363-b33a-4409-840c-9ac19c80b9d2","ts":"2026-08-12T23:54:34.517+02:00","eventName":"n8n.audit.workflow.updated","message":"n8n.audit.workflow.updated","payload":{"userId":"9c968acf-8060-4d0b-9187-dde49eae5716","_email":"demo@email.com","_firstName":"demo","_lastName":"demo","globalRole":"global:owner","workflowId":"kKl5ZpUOmLIr9hZt","workflowName":"My workflow"}}
{"__type":"$$EventMessageConfirm","confirm":"7d412363-b33a-4409-840c-9ac19c80b9d2","ts":"2026-08-12T23:54:34.517+02:00","source":{"id":"0","name":"eventBus"}}
{"__type":"$$EventMessageAudit","id":"20e8b731-991a-4818-bd67-0649fb3c8e75","ts":"2026-08-12T23:54:42.874+02:00","eventName":"n8n.audit.workflow.updated","message":"n8n.audit.workflow.updated","payload":{"userId":"9c968acf-8060-4d0b-9187-dde49eae5716","_email":"demo@email.com","_firstName":"demo","_lastName":"demo","globalRole":"global:owner","workflowId":"kKl5ZpUOmLIr9hZt","workflowName":"My workflow"}}
{"__type":"$$EventMessageConfirm","confirm":"20e8b731-991a-4818-bd67-0649fb3c8e75","ts":"2026-08-12T23:54:42.874+02:00","source":{"id":"0","name":"eventBus"}}
{"__type":"$$EventMessageAudit","id":"acfe9e04-ae56-4ab7-81eb-821c8870114d","ts":"2026-08-12T23:54:47.733+02:00","eventName":"n8n.audit.workflow.updated","message":"n8n.audit.workflow.updated","payload":{"userId":"9c968acf-8060-4d0b-9187-dde49eae5716","_email":"demo@email.com","_firstName":"demo","_lastName":"demo","globalRole":"global:owner","workflowId":"kKl5ZpUOmLIr9hZt","workflowName":"My workflow"}}
{"__type":"$$EventMessageConfirm","confirm":"acfe9e04-ae56-4ab7-81eb-821c8870114d","ts":"2026-08-12T23:54:47.733+02:00","source":{"id":"0","name":"eventBus"}}
{"__type":"$$EventMessageAudit","id":"dd7cd473-1df9-4b8a-b57a-0ffaf8f017d0","ts":"2026-08-12T23:55:08.842+02:00","eventName":"n8n.audit.workflow.updated","message":"n8n.audit.workflow.updated","payload":{"userId":"9c968acf-8060-4d0b-9187-dde49eae5716","_email":"demo@email.com","_firstName":"demo","_lastName":"demo","globalRole":"global:owner","workflowId":"kKl5ZpUOmLIr9hZt","workflowName":"My workflow"}}
{"__type":"$$EventMessageConfirm","confirm":"dd7cd473-1df9-4b8a-b57a-0ffaf8f017d0","ts":"2026-08-12T23:55:08.842+02:00","source":{"id":"0","name":"eventBus"}}
{"__type":"$$EventMessageAudit","id":"0cc96130-5632-46ff-afcd-e6918cf299a3","ts":"2026-08-12T23:55:17.519+02:00","eventName":"n8n.audit.workflow.updated","message":"n8n.audit.workflow.updated","payload":{"userId":"9c968acf-8060-4d0b-9187-dde49eae5716","_email":"demo@email.com","_firstName":"demo","_lastName":"demo","globalRole":"global:owner","workflowId":"kKl5ZpUOmLIr9hZt","workflowName":"My workflow"}}
{"__type":"$$EventMessageConfirm","confirm":"0cc96130-5632-46ff-afcd-e6918cf299a3","ts":"2026-08-12T23:55:17.519+02:00","source":{"id":"0","name":"eventBus"}}
{"__type":"$$EventMessageAudit","id":"d3fd7bdb-b918-43be-af43-4b29366169bf","ts":"2026-08-12T23:55:20.177+02:00","eventName":"n8n.audit.workflow.updated","message":"n8n.audit.workflow.updated","payload":{"userId":"9c968acf-8060-4d0b-9187-dde49eae5716","_email":"demo@email.com","_firstName":"demo","_lastName":"demo","globalRole":"global:owner","workflowId":"kKl5ZpUOmLIr9hZt","workflowName":"My workflow"}}
{"__type":"$$EventMessageConfirm","confirm":"d3fd7bdb-b918-43be-af43-4b29366169bf","ts":"2026-08-12T23:55:20.177+02:00","source":{"id":"0","name":"eventBus"}}
{"__type":"$$EventMessageAudit","id":"6a90a8c2-1700-4da0-8956-2497e9efaf11","ts":"2026-08-12T23:55:26.123+02:00","eventName":"n8n.audit.workflow.updated","message":"n8n.audit.workflow.updated","payload":{"userId":"9c968acf-8060-4d0b-9187-dde49eae5716","_email":"demo@email.com","_firstName":"demo","_lastName":"demo","globalRole":"global:owner","workflowId":"kKl5ZpUOmLIr9hZt","workflowName":"My workflow"}}
{"__type":"$$EventMessageConfirm","confirm":"6a90a8c2-1700-4da0-8956-2497e9efaf11","ts":"2026-08-12T23:55:26.123+02:00","source":{"id":"0","name":"eventBus"}}
{"__type":"$$EventMessageAudit","id":"2fa97855-116f-4dff-a8b3-0c1a2b9f4777","ts":"2026-08-12T23:55:38.814+02:00","eventName":"n8n.audit.workflow.updated","message":"n8n.audit.workflow.updated","payload":{"userId":"9c968acf-8060-4d0b-9187-dde49eae5716","_email":"demo@email.com","_firstName":"demo","_lastName":"demo","globalRole":"global:owner","workflowId":"kKl5ZpUOmLIr9hZt","workflowName":"My workflow"}}
{"__type":"$$EventMessageConfirm","confirm":"2fa97855-116f-4dff-a8b3-0c1a2b9f4777","ts":"2026-08-12T23:55:38.815+02:00","source":{"id":"0","name":"eventBus"}}
{"__type":"$$EventMessageAudit","id":"5fc6fcb6-1640-455e-b38b-4cd3854d5fc2","ts":"2026-08-12T23:55:43.216+02:00","eventName":"n8n.audit.workflow.updated","message":"n8n.audit.workflow.updated","payload":{"userId":"9c968acf-8060-4d0b-9187-dde49eae5716","_email":"demo@email.com","_firstName":"demo","_lastName":"demo","globalRole":"global:owner","workflowId":"kKl5ZpUOmLIr9hZt","workflowName":"My workflow"}}
{"__type":"$$EventMessageConfirm","confirm":"5fc6fcb6-1640-455e-b38b-4cd3854d5fc2","ts":"2026-08-12T23:55:43.216+02:00","source":{"id":"0","name":"eventBus"}}
{"__type":"$$EventMessageAudit","id":"dfdabdb5-8201-4a9f-a09b-171749efe52b","ts":"2026-08-12T23:55:45.749+02:00","eventName":"n8n.audit.workflow.updated","message":"n8n.audit.workflow.updated","payload":{"userId":"9c968acf-8060-4d0b-9187-dde49eae5716","_email":"demo@email.com","_firstName":"demo","_lastName":"demo","globalRole":"global:owner","workflowId":"kKl5ZpUOmLIr9hZt","workflowName":"My workflow"}}
{"__type":"$$EventMessageConfirm","confirm":"dfdabdb5-8201-4a9f-a09b-171749efe52b","ts":"2026-08-12T23:55:45.749+02:00","source":{"id":"0","name":"eventBus"}}
{"__type":"$$EventMessageAudit","id":"14508fe7-6eec-4faf-a116-5c7102a046e2","ts":"2026-08-12T23:55:51.269+02:00","eventName":"n8n.audit.workflow.updated","message":"n8n.audit.workflow.updated","payload":{"userId":"9c968acf-8060-4d0b-9187-dde49eae5716","_email":"demo@email.com","_firstName":"demo","_lastName":"demo","globalRole":"global:owner","workflowId":"kKl5ZpUOmLIr9hZt","workflowName":"My workflow"}}
{"__type":"$$EventMessageConfirm","confirm":"14508fe7-6eec-4faf-a116-5c7102a046e2","ts":"2026-08-12T23:55:51.269+02:00","source":{"id":"0","name":"eventBus"}}
{"__type":"$$EventMessageAudit","id":"4378cf54-7e41-4a60-a03e-1c34cb35a659","ts":"2026-08-12T23:56:05.058+02:00","eventName":"n8n.audit.workflow.updated","message":"n8n.audit.workflow.updated","payload":{"userId":"9c968acf-8060-4d0b-9187-dde49eae5716","_email":"demo@email.com","_firstName":"demo","_lastName":"demo","globalRole":"global:owner","workflowId":"kKl5ZpUOmLIr9hZt","workflowName":"My workflow"}}
{"__type":"$$EventMessageConfirm","confirm":"4378cf54-7e41-4a60-a03e-1c34cb35a659","ts":"2026-08-12T23:56:05.058+02:00","source":{"id":"0","name":"eventBus"}}
{"__type":"$$EventMessageAudit","id":"f211ac67-8709-41c3-ad8e-dd554680d3d4","ts":"2026-08-12T23:56:07.102+02:00","eventName":"n8n.audit.workflow.updated","message":"n8n.audit.workflow.updated","payload":{"userId":"9c968acf-8060-4d0b-9187-dde49eae5716","_email":"demo@email.com","_firstName":"demo","_lastName":"demo","globalRole":"global:owner","workflowId":"kKl5ZpUOmLIr9hZt","workflowName":"My workflow"}}
{"__type":"$$EventMessageConfirm","confirm":"f211ac67-8709-41c3-ad8e-dd554680d3d4","ts":"2026-08-12T23:56:07.102+02:00","source":{"id":"0","name":"eventBus"}}
{"__type":"$$EventMessageAudit","id":"c506e40b-2180-47a6-aa5d-0ea78d9a99d3","ts":"2026-08-12T23:56:11.094+02:00","eventName":"n8n.audit.workflow.executed","message":"n8n.audit.workflow.executed","payload":{"userId":"9c968acf-8060-4d0b-9187-dde49eae5716","_email":"demo@email.com","_firstName":"demo","_lastName":"demo","globalRole":"global:owner","workflowId":"kKl5ZpUOmLIr9hZt","workflowName":"My workflow","executionId":"84","projectId":"VP8sweUdS4KlmzVv","projectName":"demo demo <demo@email.com>","source":"user-manual"}}
{"__type":"$$EventMessageConfirm","confirm":"c506e40b-2180-47a6-aa5d-0ea78d9a99d3","ts":"2026-08-12T23:56:11.094+02:00","source":{"id":"0","name":"eventBus"}}
{"__type":"$$EventMessageWorkflow","id":"2c7a80f9-dc1e-42ba-a1ca-a5883c9e0749","ts":"2026-08-12T23:56:11.096+02:00","eventName":"n8n.workflow.started","message":"n8n.workflow.started","payload":{"executionId":"84","workflowId":"kKl5ZpUOmLIr9hZt","isManual":false,"mode":"manual","workflowName":"My workflow","projectId":"VP8sweUdS4KlmzVv","projectName":"demo demo <demo@email.com>"}}
{"__type":"$$EventMessageConfirm","confirm":"2c7a80f9-dc1e-42ba-a1ca-a5883c9e0749","ts":"2026-08-12T23:56:11.098+02:00","source":{"id":"0","name":"eventBus"}}
{"__type":"$$EventMessageNode","id":"9a89b589-700c-400c-b818-aa2a1e021c8e","ts":"2026-08-12T23:56:11.135+02:00","eventName":"n8n.node.started","message":"n8n.node.started","payload":{"workflowId":"kKl5ZpUOmLIr9hZt","workflowName":"My workflow","executionId":"84","nodeType":"n8n-nodes-base.odoo","nodeName":"Get many contacts","nodeId":"70427e9f-32e8-4967-b69a-f7496b03dfc8"}}
{"__type":"$$EventMessageConfirm","confirm":"9a89b589-700c-400c-b818-aa2a1e021c8e","ts":"2026-08-12T23:56:11.136+02:00","source":{"id":"0","name":"eventBus"}}
{"__type":"$$EventMessageNode","id":"a2644437-54a7-4c43-a54a-2c17849b1d86","ts":"2026-08-12T23:56:12.389+02:00","eventName":"n8n.node.finished","message":"n8n.node.finished","payload":{"workflowId":"kKl5ZpUOmLIr9hZt","workflowName":"My workflow","executionId":"84","nodeType":"n8n-nodes-base.odoo","nodeName":"Get many contacts","nodeId":"70427e9f-32e8-4967-b69a-f7496b03dfc8"}}
{"__type":"$$EventMessageConfirm","confirm":"a2644437-54a7-4c43-a54a-2c17849b1d86","ts":"2026-08-12T23:56:12.389+02:00","source":{"id":"0","name":"eventBus"}}
{"__type":"$$EventMessageWorkflow","id":"86680138-f0e0-4fa2-ba0a-3bcb11de89b1","ts":"2026-08-12T23:56:12.412+02:00","eventName":"n8n.workflow.success","message":"n8n.workflow.success","payload":{"userId":"9c968acf-8060-4d0b-9187-dde49eae5716","executionId":"84","success":true,"isManual":true,"mode":"manual","workflowId":"kKl5ZpUOmLIr9hZt","workflowName":"My workflow","projectId":"VP8sweUdS4KlmzVv","projectName":"demo demo <demo@email.com>"}}
{"__type":"$$EventMessageConfirm","confirm":"86680138-f0e0-4fa2-ba0a-3bcb11de89b1","ts":"2026-08-12T23:56:12.413+02:00","source":{"id":"0","name":"eventBus"}}
{"__type":"$$EventMessageAudit","id":"1955b686-86be-42fd-b0cb-f652705c3db4","ts":"2026-08-12T23:57:20.795+02:00","eventName":"n8n.audit.workflow.updated","message":"n8n.audit.workflow.updated","payload":{"userId":"9c968acf-8060-4d0b-9187-dde49eae5716","_email":"demo@email.com","_firstName":"demo","_lastName":"demo","globalRole":"global:owner","workflowId":"kKl5ZpUOmLIr9hZt","workflowName":"My workflow"}}
{"__type":"$$EventMessageConfirm","confirm":"1955b686-86be-42fd-b0cb-f652705c3db4","ts":"2026-08-12T23:57:20.795+02:00","source":{"id":"0","name":"eventBus"}}
{"__type":"$$EventMessageAudit","id":"302d9596-3300-4ec3-a935-025a2052d76c","ts":"2026-08-12T23:57:22.945+02:00","eventName":"n8n.audit.workflow.updated","message":"n8n.audit.workflow.updated","payload":{"userId":"9c968acf-8060-4d0b-9187-dde49eae5716","_email":"demo@email.com","_firstName":"demo","_lastName":"demo","globalRole":"global:owner","workflowId":"kKl5ZpUOmLIr9hZt","workflowName":"My workflow"}}
{"__type":"$$EventMessageConfirm","confirm":"302d9596-3300-4ec3-a935-025a2052d76c","ts":"2026-08-12T23:57:22.945+02:00","source":{"id":"0","name":"eventBus"}}
{"__type":"$$EventMessageAudit","id":"269cda06-1a88-4c34-91ac-01748522ecad","ts":"2026-08-13T00:11:40.134+02:00","eventName":"n8n.audit.workflow.updated","message":"n8n.audit.workflow.updated","payload":{"userId":"9c968acf-8060-4d0b-9187-dde49eae5716","_email":"demo@email.com","_firstName":"demo","_lastName":"demo","globalRole":"global:owner","workflowId":"kKl5ZpUOmLIr9hZt","workflowName":"odoo-training"}}
{"__type":"$$EventMessageConfirm","confirm":"269cda06-1a88-4c34-91ac-01748522ecad","ts":"2026-08-13T00:11:40.135+02:00","source":{"id":"0","name":"eventBus"}}
{"__type":"$$EventMessageAudit","id":"d936341d-1fc8-483a-9f2f-11aa8012626e","ts":"2026-08-13T00:12:57.250+02:00","eventName":"n8n.audit.workflow.updated","message":"n8n.audit.workflow.updated","payload":{"userId":"9c968acf-8060-4d0b-9187-dde49eae5716","_email":"demo@email.com","_firstName":"demo","_lastName":"demo","globalRole":"global:owner","workflowId":"kKl5ZpUOmLIr9hZt","workflowName":"odoo-training"}}
{"__type":"$$EventMessageConfirm","confirm":"d936341d-1fc8-483a-9f2f-11aa8012626e","ts":"2026-08-13T00:12:57.251+02:00","source":{"id":"0","name":"eventBus"}}
{"__type":"$$EventMessageAudit","id":"cca80745-61da-4cad-b7a0-1fa0268511e0","ts":"2026-08-13T00:13:11.432+02:00","eventName":"n8n.audit.workflow.updated","message":"n8n.audit.workflow.updated","payload":{"userId":"9c968acf-8060-4d0b-9187-dde49eae5716","_email":"demo@email.com","_firstName":"demo","_lastName":"demo","globalRole":"global:owner","workflowId":"kKl5ZpUOmLIr9hZt","workflowName":"odoo-training"}}
{"__type":"$$EventMessageConfirm","confirm":"cca80745-61da-4cad-b7a0-1fa0268511e0","ts":"2026-08-13T00:13:11.433+02:00","source":{"id":"0","name":"eventBus"}}
{"__type":"$$EventMessageAudit","id":"bbf1e4df-df63-40a0-a757-6b3ffb5e076f","ts":"2026-08-13T00:13:14.381+02:00","eventName":"n8n.audit.workflow.updated","message":"n8n.audit.workflow.updated","payload":{"userId":"9c968acf-8060-4d0b-9187-dde49eae5716","_email":"demo@email.com","_firstName":"demo","_lastName":"demo","globalRole":"global:owner","workflowId":"kKl5ZpUOmLIr9hZt","workflowName":"odoo-training"}}
{"__type":"$$EventMessageConfirm","confirm":"bbf1e4df-df63-40a0-a757-6b3ffb5e076f","ts":"2026-08-13T00:13:14.382+02:00","source":{"id":"0","name":"eventBus"}}
{"__type":"$$EventMessageAudit","id":"8fdcf42f-1b35-4a5c-9876-04f5067a5bb7","ts":"2026-08-13T00:13:20.251+02:00","eventName":"n8n.audit.workflow.executed","message":"n8n.audit.workflow.executed","payload":{"userId":"9c968acf-8060-4d0b-9187-dde49eae5716","_email":"demo@email.com","_firstName":"demo","_lastName":"demo","globalRole":"global:owner","workflowId":"kKl5ZpUOmLIr9hZt","workflowName":"odoo-training","executionId":"85","projectId":"VP8sweUdS4KlmzVv","projectName":"demo demo <demo@email.com>","source":"user-manual"}}
{"__type":"$$EventMessageConfirm","confirm":"8fdcf42f-1b35-4a5c-9876-04f5067a5bb7","ts":"2026-08-13T00:13:20.251+02:00","source":{"id":"0","name":"eventBus"}}
{"__type":"$$EventMessageWorkflow","id":"74c4c158-251c-426d-9033-d2080fb2f07b","ts":"2026-08-13T00:13:20.257+02:00","eventName":"n8n.workflow.started","message":"n8n.workflow.started","payload":{"executionId":"85","workflowId":"kKl5ZpUOmLIr9hZt","isManual":false,"mode":"manual","workflowName":"odoo-training","projectId":"VP8sweUdS4KlmzVv","projectName":"demo demo <demo@email.com>"}}
{"__type":"$$EventMessageConfirm","confirm":"74c4c158-251c-426d-9033-d2080fb2f07b","ts":"2026-08-13T00:13:20.257+02:00","source":{"id":"0","name":"eventBus"}}
{"__type":"$$EventMessageNode","id":"28295864-9de2-4878-aef4-29b39643888b","ts":"2026-08-13T00:13:20.272+02:00","eventName":"n8n.node.started","message":"n8n.node.started","payload":{"workflowId":"kKl5ZpUOmLIr9hZt","workflowName":"odoo-training","executionId":"85","nodeType":"n8n-nodes-base.scheduleTrigger","nodeName":"Schedule Trigger","nodeId":"6fdbe563-00a3-4068-ad19-45e249244722"}}
{"__type":"$$EventMessageConfirm","confirm":"28295864-9de2-4878-aef4-29b39643888b","ts":"2026-08-13T00:13:20.272+02:00","source":{"id":"0","name":"eventBus"}}
{"__type":"$$EventMessageNode","id":"ac645815-4382-4139-a356-5957f46f86e9","ts":"2026-08-13T00:13:20.278+02:00","eventName":"n8n.node.finished","message":"n8n.node.finished","payload":{"workflowId":"kKl5ZpUOmLIr9hZt","workflowName":"odoo-training","executionId":"85","nodeType":"n8n-nodes-base.scheduleTrigger","nodeName":"Schedule Trigger","nodeId":"6fdbe563-00a3-4068-ad19-45e249244722"}}
{"__type":"$$EventMessageConfirm","confirm":"ac645815-4382-4139-a356-5957f46f86e9","ts":"2026-08-13T00:13:20.279+02:00","source":{"id":"0","name":"eventBus"}}
{"__type":"$$EventMessageWorkflow","id":"718be700-2fa0-4e5f-98e2-78332355dff4","ts":"2026-08-13T00:13:20.289+02:00","eventName":"n8n.workflow.success","message":"n8n.workflow.success","payload":{"userId":"9c968acf-8060-4d0b-9187-dde49eae5716","executionId":"85","success":true,"isManual":true,"mode":"manual","workflowId":"kKl5ZpUOmLIr9hZt","workflowName":"odoo-training","projectId":"VP8sweUdS4KlmzVv","projectName":"demo demo <demo@email.com>"}}
{"__type":"$$EventMessageConfirm","confirm":"718be700-2fa0-4e5f-98e2-78332355dff4","ts":"2026-08-13T00:13:20.289+02:00","source":{"id":"0","name":"eventBus"}}
{"__type":"$$EventMessageAudit","id":"54ef81ed-4dbe-47a9-ac6f-870a3fd6fa92","ts":"2026-08-13T00:13:30.962+02:00","eventName":"n8n.audit.workflow.executed","message":"n8n.audit.workflow.executed","payload":{"userId":"9c968acf-8060-4d0b-9187-dde49eae5716","_email":"demo@email.com","_firstName":"demo","_lastName":"demo","globalRole":"global:owner","workflowId":"kKl5ZpUOmLIr9hZt","workflowName":"odoo-training","executionId":"86","projectId":"VP8sweUdS4KlmzVv","projectName":"demo demo <demo@email.com>","source":"user-manual"}}
{"__type":"$$EventMessageConfirm","confirm":"54ef81ed-4dbe-47a9-ac6f-870a3fd6fa92","ts":"2026-08-13T00:13:30.963+02:00","source":{"id":"0","name":"eventBus"}}
{"__type":"$$EventMessageWorkflow","id":"be697558-ec81-4d43-b239-6d7f4f9669fb","ts":"2026-08-13T00:13:30.964+02:00","eventName":"n8n.workflow.started","message":"n8n.workflow.started","payload":{"executionId":"86","workflowId":"kKl5ZpUOmLIr9hZt","isManual":false,"mode":"manual","workflowName":"odoo-training","projectId":"VP8sweUdS4KlmzVv","projectName":"demo demo <demo@email.com>"}}
{"__type":"$$EventMessageConfirm","confirm":"be697558-ec81-4d43-b239-6d7f4f9669fb","ts":"2026-08-13T00:13:30.964+02:00","source":{"id":"0","name":"eventBus"}}
{"__type":"$$EventMessageNode","id":"65bcd127-f6b4-404a-9b94-a721dd89d3b6","ts":"2026-08-13T00:13:30.982+02:00","eventName":"n8n.node.started","message":"n8n.node.started","payload":{"workflowId":"kKl5ZpUOmLIr9hZt","workflowName":"odoo-training","executionId":"86","nodeType":"n8n-nodes-base.scheduleTrigger","nodeName":"Schedule Trigger","nodeId":"6fdbe563-00a3-4068-ad19-45e249244722"}}
{"__type":"$$EventMessageConfirm","confirm":"65bcd127-f6b4-404a-9b94-a721dd89d3b6","ts":"2026-08-13T00:13:30.982+02:00","source":{"id":"0","name":"eventBus"}}
{"__type":"$$EventMessageNode","id":"ad47d1e5-4bd5-40a5-9d2b-1f95b78b45c1","ts":"2026-08-13T00:13:30.984+02:00","eventName":"n8n.node.finished","message":"n8n.node.finished","payload":{"workflowId":"kKl5ZpUOmLIr9hZt","workflowName":"odoo-training","executionId":"86","nodeType":"n8n-nodes-base.scheduleTrigger","nodeName":"Schedule Trigger","nodeId":"6fdbe563-00a3-4068-ad19-45e249244722"}}
{"__type":"$$EventMessageConfirm","confirm":"ad47d1e5-4bd5-40a5-9d2b-1f95b78b45c1","ts":"2026-08-13T00:13:30.984+02:00","source":{"id":"0","name":"eventBus"}}
{"__type":"$$EventMessageWorkflow","id":"f6b1d5dc-66a5-4c93-aa9b-f9405547cf8b","ts":"2026-08-13T00:13:30.986+02:00","eventName":"n8n.workflow.success","message":"n8n.workflow.success","payload":{"userId":"9c968acf-8060-4d0b-9187-dde49eae5716","executionId":"86","success":true,"isManual":true,"mode":"manual","workflowId":"kKl5ZpUOmLIr9hZt","workflowName":"odoo-training","projectId":"VP8sweUdS4KlmzVv","projectName":"demo demo <demo@email.com>"}}
{"__type":"$$EventMessageConfirm","confirm":"f6b1d5dc-66a5-4c93-aa9b-f9405547cf8b","ts":"2026-08-13T00:13:30.987+02:00","source":{"id":"0","name":"eventBus"}}
{"__type":"$$EventMessageAudit","id":"2031c4d2-549c-41ca-8c63-f401a31a6183","ts":"2026-08-13T00:14:18.713+02:00","eventName":"n8n.audit.workflow.updated","message":"n8n.audit.workflow.updated","payload":{"userId":"9c968acf-8060-4d0b-9187-dde49eae5716","_email":"demo@email.com","_firstName":"demo","_lastName":"demo","globalRole":"global:owner","workflowId":"kKl5ZpUOmLIr9hZt","workflowName":"odoo-training"}}
{"__type":"$$EventMessageConfirm","confirm":"2031c4d2-549c-41ca-8c63-f401a31a6183","ts":"2026-08-13T00:14:18.714+02:00","source":{"id":"0","name":"eventBus"}}
{"__type":"$$EventMessageAudit","id":"de93c74f-b908-4cf9-9bf3-774622964b32","ts":"2026-08-13T00:18:32.280+02:00","eventName":"n8n.audit.workflow.updated","message":"n8n.audit.workflow.updated","payload":{"userId":"9c968acf-8060-4d0b-9187-dde49eae5716","_email":"demo@email.com","_firstName":"demo","_lastName":"demo","globalRole":"global:owner","workflowId":"kKl5ZpUOmLIr9hZt","workflowName":"odoo-training"}}
{"__type":"$$EventMessageConfirm","confirm":"de93c74f-b908-4cf9-9bf3-774622964b32","ts":"2026-08-13T00:18:32.281+02:00","source":{"id":"0","name":"eventBus"}}
{"__type":"$$EventMessageAudit","id":"d5adee28-23b6-4b05-b8e8-b912028d4307","ts":"2026-08-13T00:18:38.281+02:00","eventName":"n8n.audit.workflow.updated","message":"n8n.audit.workflow.updated","payload":{"userId":"9c968acf-8060-4d0b-9187-dde49eae5716","_email":"demo@email.com","_firstName":"demo","_lastName":"demo","globalRole":"global:owner","workflowId":"kKl5ZpUOmLIr9hZt","workflowName":"odoo-training"}}
{"__type":"$$EventMessageConfirm","confirm":"d5adee28-23b6-4b05-b8e8-b912028d4307","ts":"2026-08-13T00:18:38.281+02:00","source":{"id":"0","name":"eventBus"}}
{"__type":"$$EventMessageAudit","id":"5254ebf0-9807-4570-9ed3-3409798141d7","ts":"2026-08-13T00:18:44.195+02:00","eventName":"n8n.audit.workflow.updated","message":"n8n.audit.workflow.updated","payload":{"userId":"9c968acf-8060-4d0b-9187-dde49eae5716","_email":"demo@email.com","_firstName":"demo","_lastName":"demo","globalRole":"global:owner","workflowId":"kKl5ZpUOmLIr9hZt","workflowName":"odoo-training"}}
{"__type":"$$EventMessageConfirm","confirm":"5254ebf0-9807-4570-9ed3-3409798141d7","ts":"2026-08-13T00:18:44.195+02:00","source":{"id":"0","name":"eventBus"}}
{"__type":"$$EventMessageAudit","id":"f8301ff6-e9e6-416b-8bd7-de83f6019b12","ts":"2026-08-13T00:18:49.917+02:00","eventName":"n8n.audit.workflow.updated","message":"n8n.audit.workflow.updated","payload":{"userId":"9c968acf-8060-4d0b-9187-dde49eae5716","_email":"demo@email.com","_firstName":"demo","_lastName":"demo","globalRole":"global:owner","workflowId":"kKl5ZpUOmLIr9hZt","workflowName":"odoo-training"}}
{"__type":"$$EventMessageConfirm","confirm":"f8301ff6-e9e6-416b-8bd7-de83f6019b12","ts":"2026-08-13T00:18:49.917+02:00","source":{"id":"0","name":"eventBus"}}
{"__type":"$$EventMessageAudit","id":"d4dafa2b-7a05-44d3-abc0-ba6ee5a2da2f","ts":"2026-08-13T00:18:54.115+02:00","eventName":"n8n.audit.workflow.updated","message":"n8n.audit.workflow.updated","payload":{"userId":"9c968acf-8060-4d0b-9187-dde49eae5716","_email":"demo@email.com","_firstName":"demo","_lastName":"demo","globalRole":"global:owner","workflowId":"kKl5ZpUOmLIr9hZt","workflowName":"odoo-training"}}
{"__type":"$$EventMessageConfirm","confirm":"d4dafa2b-7a05-44d3-abc0-ba6ee5a2da2f","ts":"2026-08-13T00:18:54.115+02:00","source":{"id":"0","name":"eventBus"}}
{"__type":"$$EventMessageAudit","id":"580e8105-4b21-41d0-88a4-8f0a3f51d10f","ts":"2026-08-13T00:19:02.118+02:00","eventName":"n8n.audit.workflow.executed","message":"n8n.audit.workflow.executed","payload":{"userId":"9c968acf-8060-4d0b-9187-dde49eae5716","_email":"demo@email.com","_firstName":"demo","_lastName":"demo","globalRole":"global:owner","workflowId":"kKl5ZpUOmLIr9hZt","workflowName":"odoo-training","executionId":"87","projectId":"VP8sweUdS4KlmzVv","projectName":"demo demo <demo@email.com>","source":"user-manual"}}
{"__type":"$$EventMessageConfirm","confirm":"580e8105-4b21-41d0-88a4-8f0a3f51d10f","ts":"2026-08-13T00:19:02.119+02:00","source":{"id":"0","name":"eventBus"}}
{"__type":"$$EventMessageWorkflow","id":"c84c357d-a3b6-4fb4-b8fd-24b2fb2d98c2","ts":"2026-08-13T00:19:02.120+02:00","eventName":"n8n.workflow.started","message":"n8n.workflow.started","payload":{"executionId":"87","workflowId":"kKl5ZpUOmLIr9hZt","isManual":false,"mode":"manual","workflowName":"odoo-training","projectId":"VP8sweUdS4KlmzVv","projectName":"demo demo <demo@email.com>"}}
{"__type":"$$EventMessageConfirm","confirm":"c84c357d-a3b6-4fb4-b8fd-24b2fb2d98c2","ts":"2026-08-13T00:19:02.120+02:00","source":{"id":"0","name":"eventBus"}}
{"__type":"$$EventMessageNode","id":"c42fade1-dc4e-495d-9575-5f6d493ba73b","ts":"2026-08-13T00:19:02.146+02:00","eventName":"n8n.node.started","message":"n8n.node.started","payload":{"workflowId":"kKl5ZpUOmLIr9hZt","workflowName":"odoo-training","executionId":"87","nodeType":"n8n-nodes-base.odoo","nodeName":"Get many contacts","nodeId":"37bb3ffa-3b52-4fcc-b063-0405af675e01"}}
{"__type":"$$EventMessageConfirm","confirm":"c42fade1-dc4e-495d-9575-5f6d493ba73b","ts":"2026-08-13T00:19:02.146+02:00","source":{"id":"0","name":"eventBus"}}
{"__type":"$$EventMessageNode","id":"151c240f-881b-4435-b7b0-981399cf2945","ts":"2026-08-13T00:19:03.000+02:00","eventName":"n8n.node.finished","message":"n8n.node.finished","payload":{"workflowId":"kKl5ZpUOmLIr9hZt","workflowName":"odoo-training","executionId":"87","nodeType":"n8n-nodes-base.odoo","nodeName":"Get many contacts","nodeId":"37bb3ffa-3b52-4fcc-b063-0405af675e01"}}
{"__type":"$$EventMessageConfirm","confirm":"151c240f-881b-4435-b7b0-981399cf2945","ts":"2026-08-13T00:19:03.001+02:00","source":{"id":"0","name":"eventBus"}}
{"__type":"$$EventMessageWorkflow","id":"4a1bd8e7-c84e-493c-9b9c-15e8757b33c8","ts":"2026-08-13T00:19:03.023+02:00","eventName":"n8n.workflow.success","message":"n8n.workflow.success","payload":{"userId":"9c968acf-8060-4d0b-9187-dde49eae5716","executionId":"87","success":true,"isManual":true,"mode":"manual","workflowId":"kKl5ZpUOmLIr9hZt","workflowName":"odoo-training","projectId":"VP8sweUdS4KlmzVv","projectName":"demo demo <demo@email.com>"}}
{"__type":"$$EventMessageConfirm","confirm":"4a1bd8e7-c84e-493c-9b9c-15e8757b33c8","ts":"2026-08-13T00:19:03.025+02:00","source":{"id":"0","name":"eventBus"}}
{"__type":"$$EventMessageAudit","id":"63a0cb77-e9b6-493e-bedc-e1bdc19a3c7a","ts":"2026-08-13T00:20:05.719+02:00","eventName":"n8n.audit.workflow.updated","message":"n8n.audit.workflow.updated","payload":{"userId":"9c968acf-8060-4d0b-9187-dde49eae5716","_email":"demo@email.com","_firstName":"demo","_lastName":"demo","globalRole":"global:owner","workflowId":"kKl5ZpUOmLIr9hZt","workflowName":"odoo-training"}}
{"__type":"$$EventMessageConfirm","confirm":"63a0cb77-e9b6-493e-bedc-e1bdc19a3c7a","ts":"2026-08-13T00:20:05.720+02:00","source":{"id":"0","name":"eventBus"}}
{"__type":"$$EventMessageAudit","id":"08ec43ec-b955-4bf3-b87f-6c1e09cb3096","ts":"2026-08-13T00:20:36.160+02:00","eventName":"n8n.audit.workflow.updated","message":"n8n.audit.workflow.updated","payload":{"userId":"9c968acf-8060-4d0b-9187-dde49eae5716","_email":"demo@email.com","_firstName":"demo","_lastName":"demo","globalRole":"global:owner","workflowId":"kKl5ZpUOmLIr9hZt","workflowName":"odoo-training"}}
{"__type":"$$EventMessageConfirm","confirm":"08ec43ec-b955-4bf3-b87f-6c1e09cb3096","ts":"2026-08-13T00:20:36.160+02:00","source":{"id":"0","name":"eventBus"}}
{"__type":"$$EventMessageAudit","id":"c29c42df-838b-4bc8-b341-b2c2e25958ed","ts":"2026-08-13T00:20:53.411+02:00","eventName":"n8n.audit.workflow.updated","message":"n8n.audit.workflow.updated","payload":{"userId":"9c968acf-8060-4d0b-9187-dde49eae5716","_email":"demo@email.com","_firstName":"demo","_lastName":"demo","globalRole":"global:owner","workflowId":"kKl5ZpUOmLIr9hZt","workflowName":"odoo-training"}}
{"__type":"$$EventMessageConfirm","confirm":"c29c42df-838b-4bc8-b341-b2c2e25958ed","ts":"2026-08-13T00:20:53.411+02:00","source":{"id":"0","name":"eventBus"}}
{"__type":"$$EventMessageAudit","id":"c1981039-325c-4f21-8a28-9c7fbf04c563","ts":"2026-08-13T00:21:00.120+02:00","eventName":"n8n.audit.workflow.updated","message":"n8n.audit.workflow.updated","payload":{"userId":"9c968acf-8060-4d0b-9187-dde49eae5716","_email":"demo@email.com","_firstName":"demo","_lastName":"demo","globalRole":"global:owner","workflowId":"kKl5ZpUOmLIr9hZt","workflowName":"odoo-training"}}
{"__type":"$$EventMessageConfirm","confirm":"c1981039-325c-4f21-8a28-9c7fbf04c563","ts":"2026-08-13T00:21:00.120+02:00","source":{"id":"0","name":"eventBus"}}
{"__type":"$$EventMessageAudit","id":"0ee42f07-5cc2-4e7e-8d7d-04e3ed2fafb9","ts":"2026-08-13T00:21:04.801+02:00","eventName":"n8n.audit.workflow.updated","message":"n8n.audit.workflow.updated","payload":{"userId":"9c968acf-8060-4d0b-9187-dde49eae5716","_email":"demo@email.com","_firstName":"demo","_lastName":"demo","globalRole":"global:owner","workflowId":"kKl5ZpUOmLIr9hZt","workflowName":"odoo-training"}}
{"__type":"$$EventMessageConfirm","confirm":"0ee42f07-5cc2-4e7e-8d7d-04e3ed2fafb9","ts":"2026-08-13T00:21:04.801+02:00","source":{"id":"0","name":"eventBus"}}
{"__type":"$$EventMessageAudit","id":"38b9336c-a148-4cc6-8ea1-6c557f689577","ts":"2026-08-13T00:21:06.737+02:00","eventName":"n8n.audit.workflow.updated","message":"n8n.audit.workflow.updated","payload":{"userId":"9c968acf-8060-4d0b-9187-dde49eae5716","_email":"demo@email.com","_firstName":"demo","_lastName":"demo","globalRole":"global:owner","workflowId":"kKl5ZpUOmLIr9hZt","workflowName":"odoo-training"}}
{"__type":"$$EventMessageConfirm","confirm":"38b9336c-a148-4cc6-8ea1-6c557f689577","ts":"2026-08-13T00:21:06.737+02:00","source":{"id":"0","name":"eventBus"}}
{"__type":"$$EventMessageAudit","id":"c54cc756-10b1-4745-a03b-2a7b338df994","ts":"2026-08-13T00:21:10.783+02:00","eventName":"n8n.audit.workflow.updated","message":"n8n.audit.workflow.updated","payload":{"userId":"9c968acf-8060-4d0b-9187-dde49eae5716","_email":"demo@email.com","_firstName":"demo","_lastName":"demo","globalRole":"global:owner","workflowId":"kKl5ZpUOmLIr9hZt","workflowName":"odoo-training"}}
{"__type":"$$EventMessageConfirm","confirm":"c54cc756-10b1-4745-a03b-2a7b338df994","ts":"2026-08-13T00:21:10.783+02:00","source":{"id":"0","name":"eventBus"}}
{"__type":"$$EventMessageAudit","id":"e17b4054-8ca4-457d-8ddb-30de27393eca","ts":"2026-08-13T00:21:33.598+02:00","eventName":"n8n.audit.workflow.updated","message":"n8n.audit.workflow.updated","payload":{"userId":"9c968acf-8060-4d0b-9187-dde49eae5716","_email":"demo@email.com","_firstName":"demo","_lastName":"demo","globalRole":"global:owner","workflowId":"kKl5ZpUOmLIr9hZt","workflowName":"odoo-training"}}
{"__type":"$$EventMessageConfirm","confirm":"e17b4054-8ca4-457d-8ddb-30de27393eca","ts":"2026-08-13T00:21:33.598+02:00","source":{"id":"0","name":"eventBus"}}
{"__type":"$$EventMessageAudit","id":"7616cc8f-fae2-4490-be9c-fa5f3ecd96b5","ts":"2026-08-13T00:21:37.315+02:00","eventName":"n8n.audit.workflow.updated","message":"n8n.audit.workflow.updated","payload":{"userId":"9c968acf-8060-4d0b-9187-dde49eae5716","_email":"demo@email.com","_firstName":"demo","_lastName":"demo","globalRole":"global:owner","workflowId":"kKl5ZpUOmLIr9hZt","workflowName":"odoo-training"}}
{"__type":"$$EventMessageConfirm","confirm":"7616cc8f-fae2-4490-be9c-fa5f3ecd96b5","ts":"2026-08-13T00:21:37.315+02:00","source":{"id":"0","name":"eventBus"}}
{"__type":"$$EventMessageAudit","id":"d7c779c4-a804-4401-94b9-104de5fffa03","ts":"2026-08-13T00:22:06.004+02:00","eventName":"n8n.audit.workflow.updated","message":"n8n.audit.workflow.updated","payload":{"userId":"9c968acf-8060-4d0b-9187-dde49eae5716","_email":"demo@email.com","_firstName":"demo","_lastName":"demo","globalRole":"global:owner","workflowId":"kKl5ZpUOmLIr9hZt","workflowName":"odoo-training"}}
{"__type":"$$EventMessageConfirm","confirm":"d7c779c4-a804-4401-94b9-104de5fffa03","ts":"2026-08-13T00:22:06.004+02:00","source":{"id":"0","name":"eventBus"}}
{"__type":"$$EventMessageAudit","id":"0d529c0e-b2d4-48f1-91eb-03a28255e361","ts":"2026-08-13T00:22:15.543+02:00","eventName":"n8n.audit.workflow.updated","message":"n8n.audit.workflow.updated","payload":{"userId":"9c968acf-8060-4d0b-9187-dde49eae5716","_email":"demo@email.com","_firstName":"demo","_lastName":"demo","globalRole":"global:owner","workflowId":"kKl5ZpUOmLIr9hZt","workflowName":"odoo-training"}}
{"__type":"$$EventMessageConfirm","confirm":"0d529c0e-b2d4-48f1-91eb-03a28255e361","ts":"2026-08-13T00:22:15.544+02:00","source":{"id":"0","name":"eventBus"}}
{"__type":"$$EventMessageAudit","id":"5e7c6fdc-5e8f-4119-8dc9-72ee7dd47cf4","ts":"2026-08-13T00:22:24.377+02:00","eventName":"n8n.audit.workflow.updated","message":"n8n.audit.workflow.updated","payload":{"userId":"9c968acf-8060-4d0b-9187-dde49eae5716","_email":"demo@email.com","_firstName":"demo","_lastName":"demo","globalRole":"global:owner","workflowId":"kKl5ZpUOmLIr9hZt","workflowName":"odoo-training"}}
{"__type":"$$EventMessageConfirm","confirm":"5e7c6fdc-5e8f-4119-8dc9-72ee7dd47cf4","ts":"2026-08-13T00:22:24.378+02:00","source":{"id":"0","name":"eventBus"}}
{"__type":"$$EventMessageAudit","id":"4b810496-8588-438a-ab27-8a5fcde95f46","ts":"2026-08-13T00:22:54.886+02:00","eventName":"n8n.audit.workflow.updated","message":"n8n.audit.workflow.updated","payload":{"userId":"9c968acf-8060-4d0b-9187-dde49eae5716","_email":"demo@email.com","_firstName":"demo","_lastName":"demo","globalRole":"global:owner","workflowId":"kKl5ZpUOmLIr9hZt","workflowName":"odoo-training"}}
{"__type":"$$EventMessageConfirm","confirm":"4b810496-8588-438a-ab27-8a5fcde95f46","ts":"2026-08-13T00:22:54.887+02:00","source":{"id":"0","name":"eventBus"}}
{"__type":"$$EventMessageAudit","id":"2d50c99f-7c81-4149-a488-d43744e9d57d","ts":"2026-08-13T00:23:04.720+02:00","eventName":"n8n.audit.workflow.updated","message":"n8n.audit.workflow.updated","payload":{"userId":"9c968acf-8060-4d0b-9187-dde49eae5716","_email":"demo@email.com","_firstName":"demo","_lastName":"demo","globalRole":"global:owner","workflowId":"kKl5ZpUOmLIr9hZt","workflowName":"odoo-training"}}
{"__type":"$$EventMessageConfirm","confirm":"2d50c99f-7c81-4149-a488-d43744e9d57d","ts":"2026-08-13T00:23:04.720+02:00","source":{"id":"0","name":"eventBus"}}
{"__type":"$$EventMessageAudit","id":"4ec61fdf-6d9d-431f-a5b7-1182c6a43281","ts":"2026-08-13T00:23:08.184+02:00","eventName":"n8n.audit.workflow.updated","message":"n8n.audit.workflow.updated","payload":{"userId":"9c968acf-8060-4d0b-9187-dde49eae5716","_email":"demo@email.com","_firstName":"demo","_lastName":"demo","globalRole":"global:owner","workflowId":"kKl5ZpUOmLIr9hZt","workflowName":"odoo-training"}}
{"__type":"$$EventMessageConfirm","confirm":"4ec61fdf-6d9d-431f-a5b7-1182c6a43281","ts":"2026-08-13T00:23:08.185+02:00","source":{"id":"0","name":"eventBus"}}
{"__type":"$$EventMessageAudit","id":"c51df69b-d515-47a4-bbdf-dd8b2a1c15b7","ts":"2026-08-13T00:23:09.689+02:00","eventName":"n8n.audit.workflow.updated","message":"n8n.audit.workflow.updated","payload":{"userId":"9c968acf-8060-4d0b-9187-dde49eae5716","_email":"demo@email.com","_firstName":"demo","_lastName":"demo","globalRole":"global:owner","workflowId":"kKl5ZpUOmLIr9hZt","workflowName":"odoo-training"}}
{"__type":"$$EventMessageConfirm","confirm":"c51df69b-d515-47a4-bbdf-dd8b2a1c15b7","ts":"2026-08-13T00:23:09.689+02:00","source":{"id":"0","name":"eventBus"}}
{"__type":"$$EventMessageAudit","id":"4e4a7a36-821c-4ca4-8994-c0ed87d7b840","ts":"2026-08-13T00:34:19.336+02:00","eventName":"n8n.audit.workflow.executed","message":"n8n.audit.workflow.executed","payload":{"userId":"9c968acf-8060-4d0b-9187-dde49eae5716","_email":"demo@email.com","_firstName":"demo","_lastName":"demo","globalRole":"global:owner","workflowId":"kKl5ZpUOmLIr9hZt","workflowName":"odoo-training","executionId":"88","projectId":"VP8sweUdS4KlmzVv","projectName":"demo demo <demo@email.com>","source":"user-manual"}}
{"__type":"$$EventMessageConfirm","confirm":"4e4a7a36-821c-4ca4-8994-c0ed87d7b840","ts":"2026-08-13T00:34:19.337+02:00","source":{"id":"0","name":"eventBus"}}
{"__type":"$$EventMessageWorkflow","id":"5d72fee8-a677-4a6f-938b-9a5b4553268f","ts":"2026-08-13T00:34:19.338+02:00","eventName":"n8n.workflow.started","message":"n8n.workflow.started","payload":{"executionId":"88","workflowId":"kKl5ZpUOmLIr9hZt","isManual":false,"mode":"manual","workflowName":"odoo-training","projectId":"VP8sweUdS4KlmzVv","projectName":"demo demo <demo@email.com>"}}
{"__type":"$$EventMessageConfirm","confirm":"5d72fee8-a677-4a6f-938b-9a5b4553268f","ts":"2026-08-13T00:34:19.339+02:00","source":{"id":"0","name":"eventBus"}}
{"__type":"$$EventMessageNode","id":"2b7c4b37-95a9-43a0-9a1e-85c82d7b5fbe","ts":"2026-08-13T00:34:19.380+02:00","eventName":"n8n.node.started","message":"n8n.node.started","payload":{"workflowId":"kKl5ZpUOmLIr9hZt","workflowName":"odoo-training","executionId":"88","nodeType":"n8n-nodes-base.httpRequest","nodeName":"HTTP Request","nodeId":"590167ab-fc5e-43de-ad94-46fd7d505b03"}}
{"__type":"$$EventMessageConfirm","confirm":"2b7c4b37-95a9-43a0-9a1e-85c82d7b5fbe","ts":"2026-08-13T00:34:19.380+02:00","source":{"id":"0","name":"eventBus"}}
{"__type":"$$EventMessageNode","id":"242d7899-81a2-4b78-91c1-22e9e11d2ba3","ts":"2026-08-13T00:34:19.520+02:00","eventName":"n8n.node.finished","message":"n8n.node.finished","payload":{"workflowId":"kKl5ZpUOmLIr9hZt","workflowName":"odoo-training","executionId":"88","nodeType":"n8n-nodes-base.httpRequest","nodeName":"HTTP Request","nodeId":"590167ab-fc5e-43de-ad94-46fd7d505b03"}}
{"__type":"$$EventMessageConfirm","confirm":"242d7899-81a2-4b78-91c1-22e9e11d2ba3","ts":"2026-08-13T00:34:19.520+02:00","source":{"id":"0","name":"eventBus"}}
{"__type":"$$EventMessageWorkflow","id":"a0357b57-4646-4f6c-ae21-36e303b901a6","ts":"2026-08-13T00:34:19.524+02:00","eventName":"n8n.workflow.success","message":"n8n.workflow.success","payload":{"userId":"9c968acf-8060-4d0b-9187-dde49eae5716","executionId":"88","success":true,"isManual":true,"mode":"manual","workflowId":"kKl5ZpUOmLIr9hZt","workflowName":"odoo-training","projectId":"VP8sweUdS4KlmzVv","projectName":"demo demo <demo@email.com>"}}
{"__type":"$$EventMessageConfirm","confirm":"a0357b57-4646-4f6c-ae21-36e303b901a6","ts":"2026-08-13T00:34:19.524+02:00","source":{"id":"0","name":"eventBus"}}
{"__type":"$$EventMessageAudit","id":"4fb25fd6-6848-482d-b0c1-58d1617318a0","ts":"2026-08-13T00:35:13.580+02:00","eventName":"n8n.audit.user.credentials.updated","message":"n8n.audit.user.credentials.updated","payload":{"userId":"9c968acf-8060-4d0b-9187-dde49eae5716","_email":"demo@email.com","_firstName":"demo","_lastName":"demo","globalRole":"global:owner","credentialType":"httpBearerAuth","credentialId":"lF53u1dPb9tGctgw","isDynamic":false,"usesExternalSecrets":false,"jweEnabled":false,"supportsManagedAuth":false,"usesManagedAuth":false}}
{"__type":"$$EventMessageConfirm","confirm":"4fb25fd6-6848-482d-b0c1-58d1617318a0","ts":"2026-08-13T00:35:13.580+02:00","source":{"id":"0","name":"eventBus"}}
{"__type":"$$EventMessageAudit","id":"14b0eb9d-2514-4166-9bfa-82464550321d","ts":"2026-08-13T00:35:21.399+02:00","eventName":"n8n.audit.workflow.executed","message":"n8n.audit.workflow.executed","payload":{"userId":"9c968acf-8060-4d0b-9187-dde49eae5716","_email":"demo@email.com","_firstName":"demo","_lastName":"demo","globalRole":"global:owner","workflowId":"kKl5ZpUOmLIr9hZt","workflowName":"odoo-training","executionId":"89","projectId":"VP8sweUdS4KlmzVv","projectName":"demo demo <demo@email.com>","source":"user-manual"}}
{"__type":"$$EventMessageConfirm","confirm":"14b0eb9d-2514-4166-9bfa-82464550321d","ts":"2026-08-13T00:35:21.399+02:00","source":{"id":"0","name":"eventBus"}}
{"__type":"$$EventMessageWorkflow","id":"d9c9cfe8-8aa2-46ab-8866-dd3a854cfcd1","ts":"2026-08-13T00:35:21.400+02:00","eventName":"n8n.workflow.started","message":"n8n.workflow.started","payload":{"executionId":"89","workflowId":"kKl5ZpUOmLIr9hZt","isManual":false,"mode":"manual","workflowName":"odoo-training","projectId":"VP8sweUdS4KlmzVv","projectName":"demo demo <demo@email.com>"}}
{"__type":"$$EventMessageConfirm","confirm":"d9c9cfe8-8aa2-46ab-8866-dd3a854cfcd1","ts":"2026-08-13T00:35:21.400+02:00","source":{"id":"0","name":"eventBus"}}
{"__type":"$$EventMessageNode","id":"9f5f2306-2d52-4bb7-bd86-025bf2fb3360","ts":"2026-08-13T00:35:21.415+02:00","eventName":"n8n.node.started","message":"n8n.node.started","payload":{"workflowId":"kKl5ZpUOmLIr9hZt","workflowName":"odoo-training","executionId":"89","nodeType":"n8n-nodes-base.httpRequest","nodeName":"HTTP Request","nodeId":"590167ab-fc5e-43de-ad94-46fd7d505b03"}}
{"__type":"$$EventMessageConfirm","confirm":"9f5f2306-2d52-4bb7-bd86-025bf2fb3360","ts":"2026-08-13T00:35:21.415+02:00","source":{"id":"0","name":"eventBus"}}
{"__type":"$$EventMessageNode","id":"aae87b2f-f18a-46a6-93c8-d7273cc6efd2","ts":"2026-08-13T00:35:22.665+02:00","eventName":"n8n.node.finished","message":"n8n.node.finished","payload":{"workflowId":"kKl5ZpUOmLIr9hZt","workflowName":"odoo-training","executionId":"89","nodeType":"n8n-nodes-base.httpRequest","nodeName":"HTTP Request","nodeId":"590167ab-fc5e-43de-ad94-46fd7d505b03"}}
{"__type":"$$EventMessageConfirm","confirm":"aae87b2f-f18a-46a6-93c8-d7273cc6efd2","ts":"2026-08-13T00:35:22.666+02:00","source":{"id":"0","name":"eventBus"}}
{"__type":"$$EventMessageWorkflow","id":"a677f059-fdf1-44b7-86a2-fd1b64a79b3f","ts":"2026-08-13T00:35:22.672+02:00","eventName":"n8n.workflow.success","message":"n8n.workflow.success","payload":{"userId":"9c968acf-8060-4d0b-9187-dde49eae5716","executionId":"89","success":true,"isManual":true,"mode":"manual","workflowId":"kKl5ZpUOmLIr9hZt","workflowName":"odoo-training","projectId":"VP8sweUdS4KlmzVv","projectName":"demo demo <demo@email.com>"}}
{"__type":"$$EventMessageConfirm","confirm":"a677f059-fdf1-44b7-86a2-fd1b64a79b3f","ts":"2026-08-13T00:35:22.673+02:00","source":{"id":"0","name":"eventBus"}}
{"__type":"$$EventMessageAudit","id":"90e33776-7188-4af5-9c3c-5c158d0fc270","ts":"2026-08-13T00:36:45.421+02:00","eventName":"n8n.audit.workflow.activated","message":"n8n.audit.workflow.activated","payload":{"userId":"9c968acf-8060-4d0b-9187-dde49eae5716","_email":"demo@email.com","_firstName":"demo","_lastName":"demo","globalRole":"global:owner","workflowId":"kKl5ZpUOmLIr9hZt","workflowName":"odoo-training","activeVersionId":"48f967a5-671d-458c-a6fe-c2168b4bcc39"}}
{"__type":"$$EventMessageConfirm","confirm":"90e33776-7188-4af5-9c3c-5c158d0fc270","ts":"2026-08-13T00:36:45.422+02:00","source":{"id":"0","name":"eventBus"}}
{"__type":"$$EventMessageWorkflow","id":"a2962868-18b7-4354-9ade-e5262e84a589","ts":"2026-08-13T00:38:08.792+02:00","eventName":"n8n.workflow.started","message":"n8n.workflow.started","payload":{"executionId":"90","workflowId":"kKl5ZpUOmLIr9hZt","isManual":false,"mode":"trigger","workflowName":"odoo-training","projectId":"VP8sweUdS4KlmzVv","projectName":"demo demo <demo@email.com>"}}
{"__type":"$$EventMessageConfirm","confirm":"a2962868-18b7-4354-9ade-e5262e84a589","ts":"2026-08-13T00:38:08.793+02:00","source":{"id":"0","name":"eventBus"}}
{"__type":"$$EventMessageNode","id":"49148882-d254-40da-8a7a-c7d464e87272","ts":"2026-08-13T00:38:08.793+02:00","eventName":"n8n.node.started","message":"n8n.node.started","payload":{"workflowId":"kKl5ZpUOmLIr9hZt","workflowName":"odoo-training","executionId":"90","nodeType":"n8n-nodes-base.scheduleTrigger","nodeName":"Schedule Trigger","nodeId":"6fdbe563-00a3-4068-ad19-45e249244722"}}
{"__type":"$$EventMessageConfirm","confirm":"49148882-d254-40da-8a7a-c7d464e87272","ts":"2026-08-13T00:38:08.793+02:00","source":{"id":"0","name":"eventBus"}}
{"__type":"$$EventMessageAudit","id":"7791d182-d23b-418b-9738-9c07454c387e","ts":"2026-08-13T00:38:08.793+02:00","eventName":"n8n.audit.workflow.executed","message":"n8n.audit.workflow.executed","payload":{"workflowId":"kKl5ZpUOmLIr9hZt","workflowName":"odoo-training","executionId":"90","projectId":"VP8sweUdS4KlmzVv","projectName":"demo demo <demo@email.com>","source":"trigger"}}
{"__type":"$$EventMessageConfirm","confirm":"7791d182-d23b-418b-9738-9c07454c387e","ts":"2026-08-13T00:38:08.793+02:00","source":{"id":"0","name":"eventBus"}}
{"__type":"$$EventMessageNode","id":"7179e31a-317b-4dba-a9b7-7aed55fdceb9","ts":"2026-08-13T00:38:08.794+02:00","eventName":"n8n.node.finished","message":"n8n.node.finished","payload":{"workflowId":"kKl5ZpUOmLIr9hZt","workflowName":"odoo-training","executionId":"90","nodeType":"n8n-nodes-base.scheduleTrigger","nodeName":"Schedule Trigger","nodeId":"6fdbe563-00a3-4068-ad19-45e249244722"}}
{"__type":"$$EventMessageConfirm","confirm":"7179e31a-317b-4dba-a9b7-7aed55fdceb9","ts":"2026-08-13T00:38:08.794+02:00","source":{"id":"0","name":"eventBus"}}
{"__type":"$$EventMessageNode","id":"13db012b-66f1-4818-b368-8424e045dbb9","ts":"2026-08-13T00:38:08.794+02:00","eventName":"n8n.node.started","message":"n8n.node.started","payload":{"workflowId":"kKl5ZpUOmLIr9hZt","workflowName":"odoo-training","executionId":"90","nodeType":"n8n-nodes-base.httpRequest","nodeName":"HTTP Request","nodeId":"590167ab-fc5e-43de-ad94-46fd7d505b03"}}
{"__type":"$$EventMessageConfirm","confirm":"13db012b-66f1-4818-b368-8424e045dbb9","ts":"2026-08-13T00:38:08.794+02:00","source":{"id":"0","name":"eventBus"}}
{"__type":"$$EventMessageNode","id":"10f3d910-4585-4084-8146-5072045a10b5","ts":"2026-08-13T00:38:11.721+02:00","eventName":"n8n.node.finished","message":"n8n.node.finished","payload":{"workflowId":"kKl5ZpUOmLIr9hZt","workflowName":"odoo-training","executionId":"90","nodeType":"n8n-nodes-base.httpRequest","nodeName":"HTTP Request","nodeId":"590167ab-fc5e-43de-ad94-46fd7d505b03"}}
{"__type":"$$EventMessageConfirm","confirm":"10f3d910-4585-4084-8146-5072045a10b5","ts":"2026-08-13T00:38:11.722+02:00","source":{"id":"0","name":"eventBus"}}
{"__type":"$$EventMessageWorkflow","id":"6a93cbb5-755f-4976-ab3b-e042cb902647","ts":"2026-08-13T00:38:11.722+02:00","eventName":"n8n.workflow.success","message":"n8n.workflow.success","payload":{"executionId":"90","success":true,"isManual":false,"mode":"trigger","workflowId":"kKl5ZpUOmLIr9hZt","workflowName":"odoo-training","projectId":"VP8sweUdS4KlmzVv","projectName":"demo demo <demo@email.com>"}}
{"__type":"$$EventMessageConfirm","confirm":"6a93cbb5-755f-4976-ab3b-e042cb902647","ts":"2026-08-13T00:38:11.722+02:00","source":{"id":"0","name":"eventBus"}}
{"__type":"$$EventMessageWorkflow","id":"2bb57726-ada2-4022-9590-1663ec3bacb3","ts":"2026-08-13T00:40:13.590+02:00","eventName":"n8n.workflow.started","message":"n8n.workflow.started","payload":{"executionId":"91","workflowId":"kKl5ZpUOmLIr9hZt","isManual":false,"mode":"trigger","workflowName":"odoo-training","projectId":"VP8sweUdS4KlmzVv","projectName":"demo demo <demo@email.com>"}}
{"__type":"$$EventMessageConfirm","confirm":"2bb57726-ada2-4022-9590-1663ec3bacb3","ts":"2026-08-13T00:40:13.590+02:00","source":{"id":"0","name":"eventBus"}}
{"__type":"$$EventMessageNode","id":"721332f0-2126-41ef-8f76-9454f50ba7df","ts":"2026-08-13T00:40:13.590+02:00","eventName":"n8n.node.started","message":"n8n.node.started","payload":{"workflowId":"kKl5ZpUOmLIr9hZt","workflowName":"odoo-training","executionId":"91","nodeType":"n8n-nodes-base.scheduleTrigger","nodeName":"Schedule Trigger","nodeId":"6fdbe563-00a3-4068-ad19-45e249244722"}}
{"__type":"$$EventMessageConfirm","confirm":"721332f0-2126-41ef-8f76-9454f50ba7df","ts":"2026-08-13T00:40:13.590+02:00","source":{"id":"0","name":"eventBus"}}
{"__type":"$$EventMessageAudit","id":"88fd38ea-3a73-4fe6-8719-17ab1906d5b0","ts":"2026-08-13T00:40:13.590+02:00","eventName":"n8n.audit.workflow.executed","message":"n8n.audit.workflow.executed","payload":{"workflowId":"kKl5ZpUOmLIr9hZt","workflowName":"odoo-training","executionId":"91","projectId":"VP8sweUdS4KlmzVv","projectName":"demo demo <demo@email.com>","source":"trigger"}}
{"__type":"$$EventMessageConfirm","confirm":"88fd38ea-3a73-4fe6-8719-17ab1906d5b0","ts":"2026-08-13T00:40:13.590+02:00","source":{"id":"0","name":"eventBus"}}
{"__type":"$$EventMessageNode","id":"dd2793c4-f632-4b9f-99b1-4300f136921b","ts":"2026-08-13T00:40:13.591+02:00","eventName":"n8n.node.finished","message":"n8n.node.finished","payload":{"workflowId":"kKl5ZpUOmLIr9hZt","workflowName":"odoo-training","executionId":"91","nodeType":"n8n-nodes-base.scheduleTrigger","nodeName":"Schedule Trigger","nodeId":"6fdbe563-00a3-4068-ad19-45e249244722"}}
{"__type":"$$EventMessageConfirm","confirm":"dd2793c4-f632-4b9f-99b1-4300f136921b","ts":"2026-08-13T00:40:13.591+02:00","source":{"id":"0","name":"eventBus"}}
{"__type":"$$EventMessageNode","id":"77f9b4b2-6ecc-4d07-af59-4ec622de9a5f","ts":"2026-08-13T00:40:13.591+02:00","eventName":"n8n.node.started","message":"n8n.node.started","payload":{"workflowId":"kKl5ZpUOmLIr9hZt","workflowName":"odoo-training","executionId":"91","nodeType":"n8n-nodes-base.httpRequest","nodeName":"HTTP Request","nodeId":"590167ab-fc5e-43de-ad94-46fd7d505b03"}}
{"__type":"$$EventMessageConfirm","confirm":"77f9b4b2-6ecc-4d07-af59-4ec622de9a5f","ts":"2026-08-13T00:40:13.591+02:00","source":{"id":"0","name":"eventBus"}}
{"__type":"$$EventMessageNode","id":"f43b910e-5a12-4cb4-9e0f-a6b31f5a8cc4","ts":"2026-08-13T00:40:14.155+02:00","eventName":"n8n.node.finished","message":"n8n.node.finished","payload":{"workflowId":"kKl5ZpUOmLIr9hZt","workflowName":"odoo-training","executionId":"91","nodeType":"n8n-nodes-base.httpRequest","nodeName":"HTTP Request","nodeId":"590167ab-fc5e-43de-ad94-46fd7d505b03"}}
{"__type":"$$EventMessageConfirm","confirm":"f43b910e-5a12-4cb4-9e0f-a6b31f5a8cc4","ts":"2026-08-13T00:40:14.156+02:00","source":{"id":"0","name":"eventBus"}}
{"__type":"$$EventMessageWorkflow","id":"15cf86e3-384f-4580-aac8-ae473f7200f1","ts":"2026-08-13T00:40:14.156+02:00","eventName":"n8n.workflow.success","message":"n8n.workflow.success","payload":{"executionId":"91","success":true,"isManual":false,"mode":"trigger","workflowId":"kKl5ZpUOmLIr9hZt","workflowName":"odoo-training","projectId":"VP8sweUdS4KlmzVv","projectName":"demo demo <demo@email.com>"}}
{"__type":"$$EventMessageConfirm","confirm":"15cf86e3-384f-4580-aac8-ae473f7200f1","ts":"2026-08-13T00:40:14.156+02:00","source":{"id":"0","name":"eventBus"}}
{"__type":"$$EventMessageWorkflow","id":"ca7bff3a-a7a8-4e82-ac72-9d88d52f27a7","ts":"2026-08-13T00:42:12.304+02:00","eventName":"n8n.workflow.started","message":"n8n.workflow.started","payload":{"executionId":"92","workflowId":"kKl5ZpUOmLIr9hZt","isManual":false,"mode":"trigger","workflowName":"odoo-training","projectId":"VP8sweUdS4KlmzVv","projectName":"demo demo <demo@email.com>"}}
{"__type":"$$EventMessageConfirm","confirm":"ca7bff3a-a7a8-4e82-ac72-9d88d52f27a7","ts":"2026-08-13T00:42:12.304+02:00","source":{"id":"0","name":"eventBus"}}
{"__type":"$$EventMessageNode","id":"fff62d41-1768-49f9-b46a-4e3aac5e97bd","ts":"2026-08-13T00:42:12.304+02:00","eventName":"n8n.node.started","message":"n8n.node.started","payload":{"workflowId":"kKl5ZpUOmLIr9hZt","workflowName":"odoo-training","executionId":"92","nodeType":"n8n-nodes-base.scheduleTrigger","nodeName":"Schedule Trigger","nodeId":"6fdbe563-00a3-4068-ad19-45e249244722"}}
{"__type":"$$EventMessageConfirm","confirm":"fff62d41-1768-49f9-b46a-4e3aac5e97bd","ts":"2026-08-13T00:42:12.305+02:00","source":{"id":"0","name":"eventBus"}}
{"__type":"$$EventMessageAudit","id":"dd40a687-3de5-4505-b314-38228e7843bd","ts":"2026-08-13T00:42:12.305+02:00","eventName":"n8n.audit.workflow.executed","message":"n8n.audit.workflow.executed","payload":{"workflowId":"kKl5ZpUOmLIr9hZt","workflowName":"odoo-training","executionId":"92","projectId":"VP8sweUdS4KlmzVv","projectName":"demo demo <demo@email.com>","source":"trigger"}}
{"__type":"$$EventMessageConfirm","confirm":"dd40a687-3de5-4505-b314-38228e7843bd","ts":"2026-08-13T00:42:12.305+02:00","source":{"id":"0","name":"eventBus"}}
{"__type":"$$EventMessageNode","id":"f3a8c2f1-4f7a-4775-a21a-5a52fc5a7aca","ts":"2026-08-13T00:42:12.305+02:00","eventName":"n8n.node.finished","message":"n8n.node.finished","payload":{"workflowId":"kKl5ZpUOmLIr9hZt","workflowName":"odoo-training","executionId":"92","nodeType":"n8n-nodes-base.scheduleTrigger","nodeName":"Schedule Trigger","nodeId":"6fdbe563-00a3-4068-ad19-45e249244722"}}
{"__type":"$$EventMessageConfirm","confirm":"f3a8c2f1-4f7a-4775-a21a-5a52fc5a7aca","ts":"2026-08-13T00:42:12.305+02:00","source":{"id":"0","name":"eventBus"}}
{"__type":"$$EventMessageNode","id":"b249c7e8-88e3-488b-9d12-8957264456d2","ts":"2026-08-13T00:42:12.305+02:00","eventName":"n8n.node.started","message":"n8n.node.started","payload":{"workflowId":"kKl5ZpUOmLIr9hZt","workflowName":"odoo-training","executionId":"92","nodeType":"n8n-nodes-base.httpRequest","nodeName":"HTTP Request","nodeId":"590167ab-fc5e-43de-ad94-46fd7d505b03"}}
{"__type":"$$EventMessageConfirm","confirm":"b249c7e8-88e3-488b-9d12-8957264456d2","ts":"2026-08-13T00:42:12.305+02:00","source":{"id":"0","name":"eventBus"}}
{"__type":"$$EventMessageNode","id":"c1d2e8f3-6533-4b2b-bb4a-6e5fa8e2e73f","ts":"2026-08-13T00:42:16.371+02:00","eventName":"n8n.node.finished","message":"n8n.node.finished","payload":{"workflowId":"kKl5ZpUOmLIr9hZt","workflowName":"odoo-training","executionId":"92","nodeType":"n8n-nodes-base.httpRequest","nodeName":"HTTP Request","nodeId":"590167ab-fc5e-43de-ad94-46fd7d505b03"}}
{"__type":"$$EventMessageConfirm","confirm":"c1d2e8f3-6533-4b2b-bb4a-6e5fa8e2e73f","ts":"2026-08-13T00:42:16.372+02:00","source":{"id":"0","name":"eventBus"}}
{"__type":"$$EventMessageWorkflow","id":"b7849c34-0862-4e6a-96bf-1d2a1c095fd3","ts":"2026-08-13T00:42:16.373+02:00","eventName":"n8n.workflow.success","message":"n8n.workflow.success","payload":{"executionId":"92","success":true,"isManual":false,"mode":"trigger","workflowId":"kKl5ZpUOmLIr9hZt","workflowName":"odoo-training","projectId":"VP8sweUdS4KlmzVv","projectName":"demo demo <demo@email.com>"}}
{"__type":"$$EventMessageConfirm","confirm":"b7849c34-0862-4e6a-96bf-1d2a1c095fd3","ts":"2026-08-13T00:42:16.373+02:00","source":{"id":"0","name":"eventBus"}}
{"__type":"$$EventMessageWorkflow","id":"5a364004-a4e6-410c-acae-609172f0b9b9","ts":"2026-08-13T00:44:14.511+02:00","eventName":"n8n.workflow.started","message":"n8n.workflow.started","payload":{"executionId":"93","workflowId":"kKl5ZpUOmLIr9hZt","isManual":false,"mode":"trigger","workflowName":"odoo-training","projectId":"VP8sweUdS4KlmzVv","projectName":"demo demo <demo@email.com>"}}
{"__type":"$$EventMessageConfirm","confirm":"5a364004-a4e6-410c-acae-609172f0b9b9","ts":"2026-08-13T00:44:14.512+02:00","source":{"id":"0","name":"eventBus"}}
{"__type":"$$EventMessageNode","id":"47a3cdb2-8795-4dd6-af79-0febabab0b88","ts":"2026-08-13T00:44:14.512+02:00","eventName":"n8n.node.started","message":"n8n.node.started","payload":{"workflowId":"kKl5ZpUOmLIr9hZt","workflowName":"odoo-training","executionId":"93","nodeType":"n8n-nodes-base.scheduleTrigger","nodeName":"Schedule Trigger","nodeId":"6fdbe563-00a3-4068-ad19-45e249244722"}}
{"__type":"$$EventMessageConfirm","confirm":"47a3cdb2-8795-4dd6-af79-0febabab0b88","ts":"2026-08-13T00:44:14.512+02:00","source":{"id":"0","name":"eventBus"}}
{"__type":"$$EventMessageAudit","id":"ab8ebc28-bc4a-4521-a07f-cabde4938091","ts":"2026-08-13T00:44:14.512+02:00","eventName":"n8n.audit.workflow.executed","message":"n8n.audit.workflow.executed","payload":{"workflowId":"kKl5ZpUOmLIr9hZt","workflowName":"odoo-training","executionId":"93","projectId":"VP8sweUdS4KlmzVv","projectName":"demo demo <demo@email.com>","source":"trigger"}}
{"__type":"$$EventMessageConfirm","confirm":"ab8ebc28-bc4a-4521-a07f-cabde4938091","ts":"2026-08-13T00:44:14.513+02:00","source":{"id":"0","name":"eventBus"}}
{"__type":"$$EventMessageNode","id":"a045db16-ece4-4c16-9419-7b245b63549f","ts":"2026-08-13T00:44:14.513+02:00","eventName":"n8n.node.finished","message":"n8n.node.finished","payload":{"workflowId":"kKl5ZpUOmLIr9hZt","workflowName":"odoo-training","executionId":"93","nodeType":"n8n-nodes-base.scheduleTrigger","nodeName":"Schedule Trigger","nodeId":"6fdbe563-00a3-4068-ad19-45e249244722"}}
{"__type":"$$EventMessageConfirm","confirm":"a045db16-ece4-4c16-9419-7b245b63549f","ts":"2026-08-13T00:44:14.513+02:00","source":{"id":"0","name":"eventBus"}}
{"__type":"$$EventMessageNode","id":"86a6714e-300b-4c92-9ee2-a32ab3049737","ts":"2026-08-13T00:44:14.513+02:00","eventName":"n8n.node.started","message":"n8n.node.started","payload":{"workflowId":"kKl5ZpUOmLIr9hZt","workflowName":"odoo-training","executionId":"93","nodeType":"n8n-nodes-base.httpRequest","nodeName":"HTTP Request","nodeId":"590167ab-fc5e-43de-ad94-46fd7d505b03"}}
{"__type":"$$EventMessageConfirm","confirm":"86a6714e-300b-4c92-9ee2-a32ab3049737","ts":"2026-08-13T00:44:14.513+02:00","source":{"id":"0","name":"eventBus"}}
{"__type":"$$EventMessageNode","id":"b6a0a31e-a132-4a3b-b149-b88ffcb2add8","ts":"2026-08-13T00:44:19.197+02:00","eventName":"n8n.node.finished","message":"n8n.node.finished","payload":{"workflowId":"kKl5ZpUOmLIr9hZt","workflowName":"odoo-training","executionId":"93","nodeType":"n8n-nodes-base.httpRequest","nodeName":"HTTP Request","nodeId":"590167ab-fc5e-43de-ad94-46fd7d505b03"}}
{"__type":"$$EventMessageConfirm","confirm":"b6a0a31e-a132-4a3b-b149-b88ffcb2add8","ts":"2026-08-13T00:44:19.197+02:00","source":{"id":"0","name":"eventBus"}}
{"__type":"$$EventMessageWorkflow","id":"f7482a9c-097e-47e9-a59f-5c9d391ac50c","ts":"2026-08-13T00:44:19.198+02:00","eventName":"n8n.workflow.success","message":"n8n.workflow.success","payload":{"executionId":"93","success":true,"isManual":false,"mode":"trigger","workflowId":"kKl5ZpUOmLIr9hZt","workflowName":"odoo-training","projectId":"VP8sweUdS4KlmzVv","projectName":"demo demo <demo@email.com>"}}
{"__type":"$$EventMessageConfirm","confirm":"f7482a9c-097e-47e9-a59f-5c9d391ac50c","ts":"2026-08-13T00:44:19.198+02:00","source":{"id":"0","name":"eventBus"}}
{"__type":"$$EventMessageWorkflow","id":"ae11dc5d-0569-46fc-87ba-f8f4060d9be6","ts":"2026-08-13T00:46:16.946+02:00","eventName":"n8n.workflow.started","message":"n8n.workflow.started","payload":{"executionId":"94","workflowId":"kKl5ZpUOmLIr9hZt","isManual":false,"mode":"trigger","workflowName":"odoo-training","projectId":"VP8sweUdS4KlmzVv","projectName":"demo demo <demo@email.com>"}}
{"__type":"$$EventMessageConfirm","confirm":"ae11dc5d-0569-46fc-87ba-f8f4060d9be6","ts":"2026-08-13T00:46:16.947+02:00","source":{"id":"0","name":"eventBus"}}
{"__type":"$$EventMessageNode","id":"61ea4743-66e8-4f05-bfe2-13228d8cb320","ts":"2026-08-13T00:46:16.947+02:00","eventName":"n8n.node.started","message":"n8n.node.started","payload":{"workflowId":"kKl5ZpUOmLIr9hZt","workflowName":"odoo-training","executionId":"94","nodeType":"n8n-nodes-base.scheduleTrigger","nodeName":"Schedule Trigger","nodeId":"6fdbe563-00a3-4068-ad19-45e249244722"}}
{"__type":"$$EventMessageConfirm","confirm":"61ea4743-66e8-4f05-bfe2-13228d8cb320","ts":"2026-08-13T00:46:16.947+02:00","source":{"id":"0","name":"eventBus"}}
{"__type":"$$EventMessageAudit","id":"7cf72df2-dcb9-4e17-a862-902897221494","ts":"2026-08-13T00:46:16.947+02:00","eventName":"n8n.audit.workflow.executed","message":"n8n.audit.workflow.executed","payload":{"workflowId":"kKl5ZpUOmLIr9hZt","workflowName":"odoo-training","executionId":"94","projectId":"VP8sweUdS4KlmzVv","projectName":"demo demo <demo@email.com>","source":"trigger"}}
{"__type":"$$EventMessageConfirm","confirm":"7cf72df2-dcb9-4e17-a862-902897221494","ts":"2026-08-13T00:46:16.947+02:00","source":{"id":"0","name":"eventBus"}}
{"__type":"$$EventMessageNode","id":"40545183-58d6-46a2-9338-3fca6ee57169","ts":"2026-08-13T00:46:16.948+02:00","eventName":"n8n.node.finished","message":"n8n.node.finished","payload":{"workflowId":"kKl5ZpUOmLIr9hZt","workflowName":"odoo-training","executionId":"94","nodeType":"n8n-nodes-base.scheduleTrigger","nodeName":"Schedule Trigger","nodeId":"6fdbe563-00a3-4068-ad19-45e249244722"}}
{"__type":"$$EventMessageConfirm","confirm":"40545183-58d6-46a2-9338-3fca6ee57169","ts":"2026-08-13T00:46:16.948+02:00","source":{"id":"0","name":"eventBus"}}
{"__type":"$$EventMessageNode","id":"42a6ab91-dcaa-40ef-b9c7-82f3f3d568de","ts":"2026-08-13T00:46:16.948+02:00","eventName":"n8n.node.started","message":"n8n.node.started","payload":{"workflowId":"kKl5ZpUOmLIr9hZt","workflowName":"odoo-training","executionId":"94","nodeType":"n8n-nodes-base.httpRequest","nodeName":"HTTP Request","nodeId":"590167ab-fc5e-43de-ad94-46fd7d505b03"}}
{"__type":"$$EventMessageConfirm","confirm":"42a6ab91-dcaa-40ef-b9c7-82f3f3d568de","ts":"2026-08-13T00:46:16.948+02:00","source":{"id":"0","name":"eventBus"}}
{"__type":"$$EventMessageNode","id":"bc8a82ca-f6d2-44d8-9d7b-c224f4fe51be","ts":"2026-08-13T00:46:17.877+02:00","eventName":"n8n.node.finished","message":"n8n.node.finished","payload":{"workflowId":"kKl5ZpUOmLIr9hZt","workflowName":"odoo-training","executionId":"94","nodeType":"n8n-nodes-base.httpRequest","nodeName":"HTTP Request","nodeId":"590167ab-fc5e-43de-ad94-46fd7d505b03"}}
{"__type":"$$EventMessageConfirm","confirm":"bc8a82ca-f6d2-44d8-9d7b-c224f4fe51be","ts":"2026-08-13T00:46:17.878+02:00","source":{"id":"0","name":"eventBus"}}
{"__type":"$$EventMessageWorkflow","id":"c50bf336-9c24-4fac-b6e5-8e68f3a2467e","ts":"2026-08-13T00:46:17.878+02:00","eventName":"n8n.workflow.success","message":"n8n.workflow.success","payload":{"executionId":"94","success":true,"isManual":false,"mode":"trigger","workflowId":"kKl5ZpUOmLIr9hZt","workflowName":"odoo-training","projectId":"VP8sweUdS4KlmzVv","projectName":"demo demo <demo@email.com>"}}
{"__type":"$$EventMessageConfirm","confirm":"c50bf336-9c24-4fac-b6e5-8e68f3a2467e","ts":"2026-08-13T00:46:17.879+02:00","source":{"id":"0","name":"eventBus"}}
{"__type":"$$EventMessageWorkflow","id":"4da6cc56-5238-406f-84a1-827e9cea6531","ts":"2026-08-13T00:48:13.881+02:00","eventName":"n8n.workflow.started","message":"n8n.workflow.started","payload":{"executionId":"95","workflowId":"kKl5ZpUOmLIr9hZt","isManual":false,"mode":"trigger","workflowName":"odoo-training","projectId":"VP8sweUdS4KlmzVv","projectName":"demo demo <demo@email.com>"}}
{"__type":"$$EventMessageConfirm","confirm":"4da6cc56-5238-406f-84a1-827e9cea6531","ts":"2026-08-13T00:48:13.881+02:00","source":{"id":"0","name":"eventBus"}}
{"__type":"$$EventMessageNode","id":"0bb32dd0-f2df-4d6c-bf01-be4069dec5e7","ts":"2026-08-13T00:48:13.882+02:00","eventName":"n8n.node.started","message":"n8n.node.started","payload":{"workflowId":"kKl5ZpUOmLIr9hZt","workflowName":"odoo-training","executionId":"95","nodeType":"n8n-nodes-base.scheduleTrigger","nodeName":"Schedule Trigger","nodeId":"6fdbe563-00a3-4068-ad19-45e249244722"}}
{"__type":"$$EventMessageConfirm","confirm":"0bb32dd0-f2df-4d6c-bf01-be4069dec5e7","ts":"2026-08-13T00:48:13.882+02:00","source":{"id":"0","name":"eventBus"}}
{"__type":"$$EventMessageAudit","id":"2c978c15-ac01-4de5-a05e-0b61cf38c4ec","ts":"2026-08-13T00:48:13.882+02:00","eventName":"n8n.audit.workflow.executed","message":"n8n.audit.workflow.executed","payload":{"workflowId":"kKl5ZpUOmLIr9hZt","workflowName":"odoo-training","executionId":"95","projectId":"VP8sweUdS4KlmzVv","projectName":"demo demo <demo@email.com>","source":"trigger"}}
{"__type":"$$EventMessageConfirm","confirm":"2c978c15-ac01-4de5-a05e-0b61cf38c4ec","ts":"2026-08-13T00:48:13.882+02:00","source":{"id":"0","name":"eventBus"}}
{"__type":"$$EventMessageNode","id":"7356f739-728c-4a47-af4a-d73a7fb15d47","ts":"2026-08-13T00:48:13.883+02:00","eventName":"n8n.node.finished","message":"n8n.node.finished","payload":{"workflowId":"kKl5ZpUOmLIr9hZt","workflowName":"odoo-training","executionId":"95","nodeType":"n8n-nodes-base.scheduleTrigger","nodeName":"Schedule Trigger","nodeId":"6fdbe563-00a3-4068-ad19-45e249244722"}}
{"__type":"$$EventMessageConfirm","confirm":"7356f739-728c-4a47-af4a-d73a7fb15d47","ts":"2026-08-13T00:48:13.883+02:00","source":{"id":"0","name":"eventBus"}}
{"__type":"$$EventMessageNode","id":"75f6bcaf-51f9-4389-9bab-c9ec6d726e4b","ts":"2026-08-13T00:48:13.883+02:00","eventName":"n8n.node.started","message":"n8n.node.started","payload":{"workflowId":"kKl5ZpUOmLIr9hZt","workflowName":"odoo-training","executionId":"95","nodeType":"n8n-nodes-base.httpRequest","nodeName":"HTTP Request","nodeId":"590167ab-fc5e-43de-ad94-46fd7d505b03"}}
{"__type":"$$EventMessageConfirm","confirm":"75f6bcaf-51f9-4389-9bab-c9ec6d726e4b","ts":"2026-08-13T00:48:13.883+02:00","source":{"id":"0","name":"eventBus"}}
{"__type":"$$EventMessageNode","id":"2c9a15d9-12e7-4b70-a102-22ab8dd022e2","ts":"2026-08-13T00:48:14.929+02:00","eventName":"n8n.node.finished","message":"n8n.node.finished","payload":{"workflowId":"kKl5ZpUOmLIr9hZt","workflowName":"odoo-training","executionId":"95","nodeType":"n8n-nodes-base.httpRequest","nodeName":"HTTP Request","nodeId":"590167ab-fc5e-43de-ad94-46fd7d505b03"}}
{"__type":"$$EventMessageConfirm","confirm":"2c9a15d9-12e7-4b70-a102-22ab8dd022e2","ts":"2026-08-13T00:48:14.931+02:00","source":{"id":"0","name":"eventBus"}}
{"__type":"$$EventMessageWorkflow","id":"19f6ec33-c436-4696-a259-101dd5e1318c","ts":"2026-08-13T00:48:14.938+02:00","eventName":"n8n.workflow.success","message":"n8n.workflow.success","payload":{"executionId":"95","success":true,"isManual":false,"mode":"trigger","workflowId":"kKl5ZpUOmLIr9hZt","workflowName":"odoo-training","projectId":"VP8sweUdS4KlmzVv","projectName":"demo demo <demo@email.com>"}}
{"__type":"$$EventMessageConfirm","confirm":"19f6ec33-c436-4696-a259-101dd5e1318c","ts":"2026-08-13T00:48:14.940+02:00","source":{"id":"0","name":"eventBus"}}
{"__type":"$$EventMessageWorkflow","id":"c072d7c4-5fa3-413f-8411-aee9b8e1bc2e","ts":"2026-08-13T00:50:17.248+02:00","eventName":"n8n.workflow.started","message":"n8n.workflow.started","payload":{"executionId":"96","workflowId":"kKl5ZpUOmLIr9hZt","isManual":false,"mode":"trigger","workflowName":"odoo-training","projectId":"VP8sweUdS4KlmzVv","projectName":"demo demo <demo@email.com>"}}
{"__type":"$$EventMessageConfirm","confirm":"c072d7c4-5fa3-413f-8411-aee9b8e1bc2e","ts":"2026-08-13T00:50:17.248+02:00","source":{"id":"0","name":"eventBus"}}
{"__type":"$$EventMessageNode","id":"d5bd983f-a166-468d-bf6e-60764ee8e4dc","ts":"2026-08-13T00:50:17.249+02:00","eventName":"n8n.node.started","message":"n8n.node.started","payload":{"workflowId":"kKl5ZpUOmLIr9hZt","workflowName":"odoo-training","executionId":"96","nodeType":"n8n-nodes-base.scheduleTrigger","nodeName":"Schedule Trigger","nodeId":"6fdbe563-00a3-4068-ad19-45e249244722"}}
{"__type":"$$EventMessageConfirm","confirm":"d5bd983f-a166-468d-bf6e-60764ee8e4dc","ts":"2026-08-13T00:50:17.249+02:00","source":{"id":"0","name":"eventBus"}}
{"__type":"$$EventMessageAudit","id":"99647bd6-1dd9-4704-b93d-ee77af85b011","ts":"2026-08-13T00:50:17.249+02:00","eventName":"n8n.audit.workflow.executed","message":"n8n.audit.workflow.executed","payload":{"workflowId":"kKl5ZpUOmLIr9hZt","workflowName":"odoo-training","executionId":"96","projectId":"VP8sweUdS4KlmzVv","projectName":"demo demo <demo@email.com>","source":"trigger"}}
{"__type":"$$EventMessageConfirm","confirm":"99647bd6-1dd9-4704-b93d-ee77af85b011","ts":"2026-08-13T00:50:17.249+02:00","source":{"id":"0","name":"eventBus"}}
{"__type":"$$EventMessageNode","id":"a4a816d7-8d73-4096-a19e-c4f710c5108f","ts":"2026-08-13T00:50:17.249+02:00","eventName":"n8n.node.finished","message":"n8n.node.finished","payload":{"workflowId":"kKl5ZpUOmLIr9hZt","workflowName":"odoo-training","executionId":"96","nodeType":"n8n-nodes-base.scheduleTrigger","nodeName":"Schedule Trigger","nodeId":"6fdbe563-00a3-4068-ad19-45e249244722"}}
{"__type":"$$EventMessageConfirm","confirm":"a4a816d7-8d73-4096-a19e-c4f710c5108f","ts":"2026-08-13T00:50:17.249+02:00","source":{"id":"0","name":"eventBus"}}
{"__type":"$$EventMessageNode","id":"ed8db58f-370d-42a4-bd13-e27a38cb24b2","ts":"2026-08-13T00:50:17.249+02:00","eventName":"n8n.node.started","message":"n8n.node.started","payload":{"workflowId":"kKl5ZpUOmLIr9hZt","workflowName":"odoo-training","executionId":"96","nodeType":"n8n-nodes-base.httpRequest","nodeName":"HTTP Request","nodeId":"590167ab-fc5e-43de-ad94-46fd7d505b03"}}
{"__type":"$$EventMessageConfirm","confirm":"ed8db58f-370d-42a4-bd13-e27a38cb24b2","ts":"2026-08-13T00:50:17.249+02:00","source":{"id":"0","name":"eventBus"}}
{"__type":"$$EventMessageNode","id":"a8440faa-5c59-471e-aaa9-661a589b58f2","ts":"2026-08-13T00:50:18.312+02:00","eventName":"n8n.node.finished","message":"n8n.node.finished","payload":{"workflowId":"kKl5ZpUOmLIr9hZt","workflowName":"odoo-training","executionId":"96","nodeType":"n8n-nodes-base.httpRequest","nodeName":"HTTP Request","nodeId":"590167ab-fc5e-43de-ad94-46fd7d505b03"}}
{"__type":"$$EventMessageConfirm","confirm":"a8440faa-5c59-471e-aaa9-661a589b58f2","ts":"2026-08-13T00:50:18.313+02:00","source":{"id":"0","name":"eventBus"}}
{"__type":"$$EventMessageWorkflow","id":"f3e0921d-6787-4de0-82c3-cf7815144e3c","ts":"2026-08-13T00:50:18.313+02:00","eventName":"n8n.workflow.success","message":"n8n.workflow.success","payload":{"executionId":"96","success":true,"isManual":false,"mode":"trigger","workflowId":"kKl5ZpUOmLIr9hZt","workflowName":"odoo-training","projectId":"VP8sweUdS4KlmzVv","projectName":"demo demo <demo@email.com>"}}
{"__type":"$$EventMessageConfirm","confirm":"f3e0921d-6787-4de0-82c3-cf7815144e3c","ts":"2026-08-13T00:50:18.313+02:00","source":{"id":"0","name":"eventBus"}}
{"__type":"$$EventMessageWorkflow","id":"d0da8c36-4f8b-4ca1-9882-f0625402947c","ts":"2026-08-13T00:52:09.261+02:00","eventName":"n8n.workflow.started","message":"n8n.workflow.started","payload":{"executionId":"97","workflowId":"kKl5ZpUOmLIr9hZt","isManual":false,"mode":"trigger","workflowName":"odoo-training","projectId":"VP8sweUdS4KlmzVv","projectName":"demo demo <demo@email.com>"}}
{"__type":"$$EventMessageConfirm","confirm":"d0da8c36-4f8b-4ca1-9882-f0625402947c","ts":"2026-08-13T00:52:09.261+02:00","source":{"id":"0","name":"eventBus"}}
{"__type":"$$EventMessageNode","id":"831f8cca-00b0-4b30-ad67-ce8eb70fa24e","ts":"2026-08-13T00:52:09.261+02:00","eventName":"n8n.node.started","message":"n8n.node.started","payload":{"workflowId":"kKl5ZpUOmLIr9hZt","workflowName":"odoo-training","executionId":"97","nodeType":"n8n-nodes-base.scheduleTrigger","nodeName":"Schedule Trigger","nodeId":"6fdbe563-00a3-4068-ad19-45e249244722"}}
{"__type":"$$EventMessageConfirm","confirm":"831f8cca-00b0-4b30-ad67-ce8eb70fa24e","ts":"2026-08-13T00:52:09.261+02:00","source":{"id":"0","name":"eventBus"}}
{"__type":"$$EventMessageAudit","id":"2378e1c7-83c7-43fc-a130-ea42efb0264e","ts":"2026-08-13T00:52:09.261+02:00","eventName":"n8n.audit.workflow.executed","message":"n8n.audit.workflow.executed","payload":{"workflowId":"kKl5ZpUOmLIr9hZt","workflowName":"odoo-training","executionId":"97","projectId":"VP8sweUdS4KlmzVv","projectName":"demo demo <demo@email.com>","source":"trigger"}}
{"__type":"$$EventMessageConfirm","confirm":"2378e1c7-83c7-43fc-a130-ea42efb0264e","ts":"2026-08-13T00:52:09.262+02:00","source":{"id":"0","name":"eventBus"}}
{"__type":"$$EventMessageNode","id":"b1e1cab5-0947-43d2-8168-acba8f047c0e","ts":"2026-08-13T00:52:09.262+02:00","eventName":"n8n.node.finished","message":"n8n.node.finished","payload":{"workflowId":"kKl5ZpUOmLIr9hZt","workflowName":"odoo-training","executionId":"97","nodeType":"n8n-nodes-base.scheduleTrigger","nodeName":"Schedule Trigger","nodeId":"6fdbe563-00a3-4068-ad19-45e249244722"}}
{"__type":"$$EventMessageConfirm","confirm":"b1e1cab5-0947-43d2-8168-acba8f047c0e","ts":"2026-08-13T00:52:09.262+02:00","source":{"id":"0","name":"eventBus"}}
{"__type":"$$EventMessageNode","id":"e375c8fb-966c-4e13-af57-9b76588c5132","ts":"2026-08-13T00:52:09.262+02:00","eventName":"n8n.node.started","message":"n8n.node.started","payload":{"workflowId":"kKl5ZpUOmLIr9hZt","workflowName":"odoo-training","executionId":"97","nodeType":"n8n-nodes-base.httpRequest","nodeName":"HTTP Request","nodeId":"590167ab-fc5e-43de-ad94-46fd7d505b03"}}
{"__type":"$$EventMessageConfirm","confirm":"e375c8fb-966c-4e13-af57-9b76588c5132","ts":"2026-08-13T00:52:09.262+02:00","source":{"id":"0","name":"eventBus"}}
{"__type":"$$EventMessageNode","id":"14fca3e8-8f57-4f6f-854d-f4444aa11b52","ts":"2026-08-13T00:52:10.301+02:00","eventName":"n8n.node.finished","message":"n8n.node.finished","payload":{"workflowId":"kKl5ZpUOmLIr9hZt","workflowName":"odoo-training","executionId":"97","nodeType":"n8n-nodes-base.httpRequest","nodeName":"HTTP Request","nodeId":"590167ab-fc5e-43de-ad94-46fd7d505b03"}}
{"__type":"$$EventMessageConfirm","confirm":"14fca3e8-8f57-4f6f-854d-f4444aa11b52","ts":"2026-08-13T00:52:10.302+02:00","source":{"id":"0","name":"eventBus"}}
{"__type":"$$EventMessageWorkflow","id":"c26a67c1-3ced-43b5-b7c8-e49629c0f691","ts":"2026-08-13T00:52:10.303+02:00","eventName":"n8n.workflow.success","message":"n8n.workflow.success","payload":{"executionId":"97","success":true,"isManual":false,"mode":"trigger","workflowId":"kKl5ZpUOmLIr9hZt","workflowName":"odoo-training","projectId":"VP8sweUdS4KlmzVv","projectName":"demo demo <demo@email.com>"}}
{"__type":"$$EventMessageConfirm","confirm":"c26a67c1-3ced-43b5-b7c8-e49629c0f691","ts":"2026-08-13T00:52:10.304+02:00","source":{"id":"0","name":"eventBus"}}
{"__type":"$$EventMessageWorkflow","id":"ca576bc6-d6f9-4849-8b65-901c8f86cbb6","ts":"2026-08-13T00:54:10.911+02:00","eventName":"n8n.workflow.started","message":"n8n.workflow.started","payload":{"executionId":"98","workflowId":"kKl5ZpUOmLIr9hZt","isManual":false,"mode":"trigger","workflowName":"odoo-training","projectId":"VP8sweUdS4KlmzVv","projectName":"demo demo <demo@email.com>"}}
{"__type":"$$EventMessageConfirm","confirm":"ca576bc6-d6f9-4849-8b65-901c8f86cbb6","ts":"2026-08-13T00:54:10.911+02:00","source":{"id":"0","name":"eventBus"}}
{"__type":"$$EventMessageNode","id":"f5f3cf56-09d9-48a1-870e-39c6de5e53e0","ts":"2026-08-13T00:54:10.911+02:00","eventName":"n8n.node.started","message":"n8n.node.started","payload":{"workflowId":"kKl5ZpUOmLIr9hZt","workflowName":"odoo-training","executionId":"98","nodeType":"n8n-nodes-base.scheduleTrigger","nodeName":"Schedule Trigger","nodeId":"6fdbe563-00a3-4068-ad19-45e249244722"}}
{"__type":"$$EventMessageConfirm","confirm":"f5f3cf56-09d9-48a1-870e-39c6de5e53e0","ts":"2026-08-13T00:54:10.912+02:00","source":{"id":"0","name":"eventBus"}}
{"__type":"$$EventMessageAudit","id":"868b79f5-d824-4be7-9f05-d9224a45472a","ts":"2026-08-13T00:54:10.912+02:00","eventName":"n8n.audit.workflow.executed","message":"n8n.audit.workflow.executed","payload":{"workflowId":"kKl5ZpUOmLIr9hZt","workflowName":"odoo-training","executionId":"98","projectId":"VP8sweUdS4KlmzVv","projectName":"demo demo <demo@email.com>","source":"trigger"}}
{"__type":"$$EventMessageConfirm","confirm":"868b79f5-d824-4be7-9f05-d9224a45472a","ts":"2026-08-13T00:54:10.912+02:00","source":{"id":"0","name":"eventBus"}}
{"__type":"$$EventMessageNode","id":"9cdf7b65-9cff-417d-a5a6-198d8734ed5d","ts":"2026-08-13T00:54:10.912+02:00","eventName":"n8n.node.finished","message":"n8n.node.finished","payload":{"workflowId":"kKl5ZpUOmLIr9hZt","workflowName":"odoo-training","executionId":"98","nodeType":"n8n-nodes-base.scheduleTrigger","nodeName":"Schedule Trigger","nodeId":"6fdbe563-00a3-4068-ad19-45e249244722"}}
{"__type":"$$EventMessageConfirm","confirm":"9cdf7b65-9cff-417d-a5a6-198d8734ed5d","ts":"2026-08-13T00:54:10.912+02:00","source":{"id":"0","name":"eventBus"}}
{"__type":"$$EventMessageNode","id":"9653550b-270d-4462-bee1-f828c24c2c96","ts":"2026-08-13T00:54:10.912+02:00","eventName":"n8n.node.started","message":"n8n.node.started","payload":{"workflowId":"kKl5ZpUOmLIr9hZt","workflowName":"odoo-training","executionId":"98","nodeType":"n8n-nodes-base.httpRequest","nodeName":"HTTP Request","nodeId":"590167ab-fc5e-43de-ad94-46fd7d505b03"}}
{"__type":"$$EventMessageConfirm","confirm":"9653550b-270d-4462-bee1-f828c24c2c96","ts":"2026-08-13T00:54:10.912+02:00","source":{"id":"0","name":"eventBus"}}
{"__type":"$$EventMessageNode","id":"caf1c563-8606-4ec4-96b2-4ab3100569b0","ts":"2026-08-13T00:54:11.843+02:00","eventName":"n8n.node.finished","message":"n8n.node.finished","payload":{"workflowId":"kKl5ZpUOmLIr9hZt","workflowName":"odoo-training","executionId":"98","nodeType":"n8n-nodes-base.httpRequest","nodeName":"HTTP Request","nodeId":"590167ab-fc5e-43de-ad94-46fd7d505b03"}}
{"__type":"$$EventMessageConfirm","confirm":"caf1c563-8606-4ec4-96b2-4ab3100569b0","ts":"2026-08-13T00:54:11.843+02:00","source":{"id":"0","name":"eventBus"}}
{"__type":"$$EventMessageWorkflow","id":"b1989121-57cb-4c73-9db7-b0c04cbadb41","ts":"2026-08-13T00:54:11.844+02:00","eventName":"n8n.workflow.success","message":"n8n.workflow.success","payload":{"executionId":"98","success":true,"isManual":false,"mode":"trigger","workflowId":"kKl5ZpUOmLIr9hZt","workflowName":"odoo-training","projectId":"VP8sweUdS4KlmzVv","projectName":"demo demo <demo@email.com>"}}
{"__type":"$$EventMessageConfirm","confirm":"b1989121-57cb-4c73-9db7-b0c04cbadb41","ts":"2026-08-13T00:54:11.844+02:00","source":{"id":"0","name":"eventBus"}}
{"__type":"$$EventMessageWorkflow","id":"e0707eee-a082-4ea9-a748-70fd4cb241c5","ts":"2026-08-13T00:56:12.647+02:00","eventName":"n8n.workflow.started","message":"n8n.workflow.started","payload":{"executionId":"99","workflowId":"kKl5ZpUOmLIr9hZt","isManual":false,"mode":"trigger","workflowName":"odoo-training","projectId":"VP8sweUdS4KlmzVv","projectName":"demo demo <demo@email.com>"}}
{"__type":"$$EventMessageConfirm","confirm":"e0707eee-a082-4ea9-a748-70fd4cb241c5","ts":"2026-08-13T00:56:12.647+02:00","source":{"id":"0","name":"eventBus"}}
{"__type":"$$EventMessageNode","id":"906f53b4-72e3-45c2-91c0-370f57a05054","ts":"2026-08-13T00:56:12.647+02:00","eventName":"n8n.node.started","message":"n8n.node.started","payload":{"workflowId":"kKl5ZpUOmLIr9hZt","workflowName":"odoo-training","executionId":"99","nodeType":"n8n-nodes-base.scheduleTrigger","nodeName":"Schedule Trigger","nodeId":"6fdbe563-00a3-4068-ad19-45e249244722"}}
{"__type":"$$EventMessageConfirm","confirm":"906f53b4-72e3-45c2-91c0-370f57a05054","ts":"2026-08-13T00:56:12.647+02:00","source":{"id":"0","name":"eventBus"}}
{"__type":"$$EventMessageAudit","id":"df5518b4-908a-4cf9-8c37-54320e650d3d","ts":"2026-08-13T00:56:12.648+02:00","eventName":"n8n.audit.workflow.executed","message":"n8n.audit.workflow.executed","payload":{"workflowId":"kKl5ZpUOmLIr9hZt","workflowName":"odoo-training","executionId":"99","projectId":"VP8sweUdS4KlmzVv","projectName":"demo demo <demo@email.com>","source":"trigger"}}
{"__type":"$$EventMessageConfirm","confirm":"df5518b4-908a-4cf9-8c37-54320e650d3d","ts":"2026-08-13T00:56:12.648+02:00","source":{"id":"0","name":"eventBus"}}
{"__type":"$$EventMessageNode","id":"7f67add1-7d87-4dd8-8761-391588681900","ts":"2026-08-13T00:56:12.648+02:00","eventName":"n8n.node.finished","message":"n8n.node.finished","payload":{"workflowId":"kKl5ZpUOmLIr9hZt","workflowName":"odoo-training","executionId":"99","nodeType":"n8n-nodes-base.scheduleTrigger","nodeName":"Schedule Trigger","nodeId":"6fdbe563-00a3-4068-ad19-45e249244722"}}
{"__type":"$$EventMessageConfirm","confirm":"7f67add1-7d87-4dd8-8761-391588681900","ts":"2026-08-13T00:56:12.648+02:00","source":{"id":"0","name":"eventBus"}}
{"__type":"$$EventMessageNode","id":"70ea4fc1-92da-4dcd-b825-65f5bb1cf484","ts":"2026-08-13T00:56:12.648+02:00","eventName":"n8n.node.started","message":"n8n.node.started","payload":{"workflowId":"kKl5ZpUOmLIr9hZt","workflowName":"odoo-training","executionId":"99","nodeType":"n8n-nodes-base.httpRequest","nodeName":"HTTP Request","nodeId":"590167ab-fc5e-43de-ad94-46fd7d505b03"}}
{"__type":"$$EventMessageConfirm","confirm":"70ea4fc1-92da-4dcd-b825-65f5bb1cf484","ts":"2026-08-13T00:56:12.648+02:00","source":{"id":"0","name":"eventBus"}}
{"__type":"$$EventMessageNode","id":"57efa214-a7ed-4ba8-882f-7ed98a2f48fa","ts":"2026-08-13T00:56:13.580+02:00","eventName":"n8n.node.finished","message":"n8n.node.finished","payload":{"workflowId":"kKl5ZpUOmLIr9hZt","workflowName":"odoo-training","executionId":"99","nodeType":"n8n-nodes-base.httpRequest","nodeName":"HTTP Request","nodeId":"590167ab-fc5e-43de-ad94-46fd7d505b03"}}
{"__type":"$$EventMessageConfirm","confirm":"57efa214-a7ed-4ba8-882f-7ed98a2f48fa","ts":"2026-08-13T00:56:13.581+02:00","source":{"id":"0","name":"eventBus"}}
{"__type":"$$EventMessageWorkflow","id":"1bb6eb6e-c95a-4783-bba0-fbc62362656d","ts":"2026-08-13T00:56:13.582+02:00","eventName":"n8n.workflow.success","message":"n8n.workflow.success","payload":{"executionId":"99","success":true,"isManual":false,"mode":"trigger","workflowId":"kKl5ZpUOmLIr9hZt","workflowName":"odoo-training","projectId":"VP8sweUdS4KlmzVv","projectName":"demo demo <demo@email.com>"}}
{"__type":"$$EventMessageConfirm","confirm":"1bb6eb6e-c95a-4783-bba0-fbc62362656d","ts":"2026-08-13T00:56:13.583+02:00","source":{"id":"0","name":"eventBus"}}
{"__type":"$$EventMessageWorkflow","id":"89795122-766a-4156-9b74-0b28314362e1","ts":"2026-08-13T00:58:08.116+02:00","eventName":"n8n.workflow.started","message":"n8n.workflow.started","payload":{"executionId":"100","workflowId":"kKl5ZpUOmLIr9hZt","isManual":false,"mode":"trigger","workflowName":"odoo-training","projectId":"VP8sweUdS4KlmzVv","projectName":"demo demo <demo@email.com>"}}
{"__type":"$$EventMessageConfirm","confirm":"89795122-766a-4156-9b74-0b28314362e1","ts":"2026-08-13T00:58:08.117+02:00","source":{"id":"0","name":"eventBus"}}
{"__type":"$$EventMessageNode","id":"f7f2bb64-771b-4885-8f65-a1e40b62062b","ts":"2026-08-13T00:58:08.117+02:00","eventName":"n8n.node.started","message":"n8n.node.started","payload":{"workflowId":"kKl5ZpUOmLIr9hZt","workflowName":"odoo-training","executionId":"100","nodeType":"n8n-nodes-base.scheduleTrigger","nodeName":"Schedule Trigger","nodeId":"6fdbe563-00a3-4068-ad19-45e249244722"}}
{"__type":"$$EventMessageConfirm","confirm":"f7f2bb64-771b-4885-8f65-a1e40b62062b","ts":"2026-08-13T00:58:08.117+02:00","source":{"id":"0","name":"eventBus"}}
{"__type":"$$EventMessageAudit","id":"abfa0445-81e8-4313-9a5e-0f46199cdada","ts":"2026-08-13T00:58:08.117+02:00","eventName":"n8n.audit.workflow.executed","message":"n8n.audit.workflow.executed","payload":{"workflowId":"kKl5ZpUOmLIr9hZt","workflowName":"odoo-training","executionId":"100","projectId":"VP8sweUdS4KlmzVv","projectName":"demo demo <demo@email.com>","source":"trigger"}}
{"__type":"$$EventMessageConfirm","confirm":"abfa0445-81e8-4313-9a5e-0f46199cdada","ts":"2026-08-13T00:58:08.117+02:00","source":{"id":"0","name":"eventBus"}}
{"__type":"$$EventMessageNode","id":"f675cc9b-109e-422b-a839-52c223ba2a3b","ts":"2026-08-13T00:58:08.118+02:00","eventName":"n8n.node.finished","message":"n8n.node.finished","payload":{"workflowId":"kKl5ZpUOmLIr9hZt","workflowName":"odoo-training","executionId":"100","nodeType":"n8n-nodes-base.scheduleTrigger","nodeName":"Schedule Trigger","nodeId":"6fdbe563-00a3-4068-ad19-45e249244722"}}
{"__type":"$$EventMessageConfirm","confirm":"f675cc9b-109e-422b-a839-52c223ba2a3b","ts":"2026-08-13T00:58:08.118+02:00","source":{"id":"0","name":"eventBus"}}
{"__type":"$$EventMessageNode","id":"44c162e2-b749-4e71-b3c3-06f77b2e3b90","ts":"2026-08-13T00:58:08.118+02:00","eventName":"n8n.node.started","message":"n8n.node.started","payload":{"workflowId":"kKl5ZpUOmLIr9hZt","workflowName":"odoo-training","executionId":"100","nodeType":"n8n-nodes-base.httpRequest","nodeName":"HTTP Request","nodeId":"590167ab-fc5e-43de-ad94-46fd7d505b03"}}
{"__type":"$$EventMessageConfirm","confirm":"44c162e2-b749-4e71-b3c3-06f77b2e3b90","ts":"2026-08-13T00:58:08.118+02:00","source":{"id":"0","name":"eventBus"}}
{"__type":"$$EventMessageNode","id":"8cbc6545-fcc0-432e-8d33-f3d3fd6edad7","ts":"2026-08-13T00:58:09.216+02:00","eventName":"n8n.node.finished","message":"n8n.node.finished","payload":{"workflowId":"kKl5ZpUOmLIr9hZt","workflowName":"odoo-training","executionId":"100","nodeType":"n8n-nodes-base.httpRequest","nodeName":"HTTP Request","nodeId":"590167ab-fc5e-43de-ad94-46fd7d505b03"}}
{"__type":"$$EventMessageConfirm","confirm":"8cbc6545-fcc0-432e-8d33-f3d3fd6edad7","ts":"2026-08-13T00:58:09.216+02:00","source":{"id":"0","name":"eventBus"}}
{"__type":"$$EventMessageWorkflow","id":"59c6ff1b-b5c5-4868-9114-b107eceb6c03","ts":"2026-08-13T00:58:09.216+02:00","eventName":"n8n.workflow.success","message":"n8n.workflow.success","payload":{"executionId":"100","success":true,"isManual":false,"mode":"trigger","workflowId":"kKl5ZpUOmLIr9hZt","workflowName":"odoo-training","projectId":"VP8sweUdS4KlmzVv","projectName":"demo demo <demo@email.com>"}}
{"__type":"$$EventMessageConfirm","confirm":"59c6ff1b-b5c5-4868-9114-b107eceb6c03","ts":"2026-08-13T00:58:09.216+02:00","source":{"id":"0","name":"eventBus"}}
{"__type":"$$EventMessageWorkflow","id":"394b593a-824c-4f56-8497-9ff4dfdaa9d5","ts":"2026-08-13T01:00:13.651+02:00","eventName":"n8n.workflow.started","message":"n8n.workflow.started","payload":{"executionId":"101","workflowId":"kKl5ZpUOmLIr9hZt","isManual":false,"mode":"trigger","workflowName":"odoo-training","projectId":"VP8sweUdS4KlmzVv","projectName":"demo demo <demo@email.com>"}}
{"__type":"$$EventMessageConfirm","confirm":"394b593a-824c-4f56-8497-9ff4dfdaa9d5","ts":"2026-08-13T01:00:13.651+02:00","source":{"id":"0","name":"eventBus"}}
{"__type":"$$EventMessageNode","id":"eb1cb389-b59d-49dc-a22d-088782224e5f","ts":"2026-08-13T01:00:13.652+02:00","eventName":"n8n.node.started","message":"n8n.node.started","payload":{"workflowId":"kKl5ZpUOmLIr9hZt","workflowName":"odoo-training","executionId":"101","nodeType":"n8n-nodes-base.scheduleTrigger","nodeName":"Schedule Trigger","nodeId":"6fdbe563-00a3-4068-ad19-45e249244722"}}
{"__type":"$$EventMessageConfirm","confirm":"eb1cb389-b59d-49dc-a22d-088782224e5f","ts":"2026-08-13T01:00:13.652+02:00","source":{"id":"0","name":"eventBus"}}
{"__type":"$$EventMessageAudit","id":"6e1b56ea-4446-48d9-9ce2-323e07e77c62","ts":"2026-08-13T01:00:13.652+02:00","eventName":"n8n.audit.workflow.executed","message":"n8n.audit.workflow.executed","payload":{"workflowId":"kKl5ZpUOmLIr9hZt","workflowName":"odoo-training","executionId":"101","projectId":"VP8sweUdS4KlmzVv","projectName":"demo demo <demo@email.com>","source":"trigger"}}
{"__type":"$$EventMessageConfirm","confirm":"6e1b56ea-4446-48d9-9ce2-323e07e77c62","ts":"2026-08-13T01:00:13.652+02:00","source":{"id":"0","name":"eventBus"}}
{"__type":"$$EventMessageNode","id":"9bd69259-738c-4249-9847-5b013329a9ce","ts":"2026-08-13T01:00:13.652+02:00","eventName":"n8n.node.finished","message":"n8n.node.finished","payload":{"workflowId":"kKl5ZpUOmLIr9hZt","workflowName":"odoo-training","executionId":"101","nodeType":"n8n-nodes-base.scheduleTrigger","nodeName":"Schedule Trigger","nodeId":"6fdbe563-00a3-4068-ad19-45e249244722"}}
{"__type":"$$EventMessageConfirm","confirm":"9bd69259-738c-4249-9847-5b013329a9ce","ts":"2026-08-13T01:00:13.652+02:00","source":{"id":"0","name":"eventBus"}}
{"__type":"$$EventMessageNode","id":"a7514115-b270-43d8-9e88-d2c21098c017","ts":"2026-08-13T01:00:13.652+02:00","eventName":"n8n.node.started","message":"n8n.node.started","payload":{"workflowId":"kKl5ZpUOmLIr9hZt","workflowName":"odoo-training","executionId":"101","nodeType":"n8n-nodes-base.httpRequest","nodeName":"HTTP Request","nodeId":"590167ab-fc5e-43de-ad94-46fd7d505b03"}}
{"__type":"$$EventMessageConfirm","confirm":"a7514115-b270-43d8-9e88-d2c21098c017","ts":"2026-08-13T01:00:13.653+02:00","source":{"id":"0","name":"eventBus"}}
{"__type":"$$EventMessageNode","id":"45aa367c-15a4-4242-be14-071dd1266984","ts":"2026-08-13T01:00:14.563+02:00","eventName":"n8n.node.finished","message":"n8n.node.finished","payload":{"workflowId":"kKl5ZpUOmLIr9hZt","workflowName":"odoo-training","executionId":"101","nodeType":"n8n-nodes-base.httpRequest","nodeName":"HTTP Request","nodeId":"590167ab-fc5e-43de-ad94-46fd7d505b03"}}
{"__type":"$$EventMessageConfirm","confirm":"45aa367c-15a4-4242-be14-071dd1266984","ts":"2026-08-13T01:00:14.563+02:00","source":{"id":"0","name":"eventBus"}}
{"__type":"$$EventMessageWorkflow","id":"f04a1309-bec3-429e-85c7-94ee19ca11b9","ts":"2026-08-13T01:00:14.564+02:00","eventName":"n8n.workflow.success","message":"n8n.workflow.success","payload":{"executionId":"101","success":true,"isManual":false,"mode":"trigger","workflowId":"kKl5ZpUOmLIr9hZt","workflowName":"odoo-training","projectId":"VP8sweUdS4KlmzVv","projectName":"demo demo <demo@email.com>"}}
{"__type":"$$EventMessageConfirm","confirm":"f04a1309-bec3-429e-85c7-94ee19ca11b9","ts":"2026-08-13T01:00:14.564+02:00","source":{"id":"0","name":"eventBus"}}
{"__type":"$$EventMessageWorkflow","id":"011d73eb-98ec-4d7c-a4b1-d52bb87d5214","ts":"2026-08-13T01:02:12.090+02:00","eventName":"n8n.workflow.started","message":"n8n.workflow.started","payload":{"executionId":"102","workflowId":"kKl5ZpUOmLIr9hZt","isManual":false,"mode":"trigger","workflowName":"odoo-training","projectId":"VP8sweUdS4KlmzVv","projectName":"demo demo <demo@email.com>"}}
{"__type":"$$EventMessageConfirm","confirm":"011d73eb-98ec-4d7c-a4b1-d52bb87d5214","ts":"2026-08-13T01:02:12.090+02:00","source":{"id":"0","name":"eventBus"}}
{"__type":"$$EventMessageNode","id":"bae80ad8-c763-421f-9fb2-943ca3f09b6b","ts":"2026-08-13T01:02:12.091+02:00","eventName":"n8n.node.started","message":"n8n.node.started","payload":{"workflowId":"kKl5ZpUOmLIr9hZt","workflowName":"odoo-training","executionId":"102","nodeType":"n8n-nodes-base.scheduleTrigger","nodeName":"Schedule Trigger","nodeId":"6fdbe563-00a3-4068-ad19-45e249244722"}}
{"__type":"$$EventMessageConfirm","confirm":"bae80ad8-c763-421f-9fb2-943ca3f09b6b","ts":"2026-08-13T01:02:12.091+02:00","source":{"id":"0","name":"eventBus"}}
{"__type":"$$EventMessageAudit","id":"cd12acbc-17af-49fa-99fd-2b7cc87ef453","ts":"2026-08-13T01:02:12.091+02:00","eventName":"n8n.audit.workflow.executed","message":"n8n.audit.workflow.executed","payload":{"workflowId":"kKl5ZpUOmLIr9hZt","workflowName":"odoo-training","executionId":"102","projectId":"VP8sweUdS4KlmzVv","projectName":"demo demo <demo@email.com>","source":"trigger"}}
{"__type":"$$EventMessageConfirm","confirm":"cd12acbc-17af-49fa-99fd-2b7cc87ef453","ts":"2026-08-13T01:02:12.091+02:00","source":{"id":"0","name":"eventBus"}}
{"__type":"$$EventMessageNode","id":"11f10d2b-3970-4ab6-9434-c7b67a32c6c7","ts":"2026-08-13T01:02:12.092+02:00","eventName":"n8n.node.finished","message":"n8n.node.finished","payload":{"workflowId":"kKl5ZpUOmLIr9hZt","workflowName":"odoo-training","executionId":"102","nodeType":"n8n-nodes-base.scheduleTrigger","nodeName":"Schedule Trigger","nodeId":"6fdbe563-00a3-4068-ad19-45e249244722"}}
{"__type":"$$EventMessageConfirm","confirm":"11f10d2b-3970-4ab6-9434-c7b67a32c6c7","ts":"2026-08-13T01:02:12.092+02:00","source":{"id":"0","name":"eventBus"}}
{"__type":"$$EventMessageNode","id":"b10acdf1-666d-420d-b7eb-329ca3c79bd6","ts":"2026-08-13T01:02:12.092+02:00","eventName":"n8n.node.started","message":"n8n.node.started","payload":{"workflowId":"kKl5ZpUOmLIr9hZt","workflowName":"odoo-training","executionId":"102","nodeType":"n8n-nodes-base.httpRequest","nodeName":"HTTP Request","nodeId":"590167ab-fc5e-43de-ad94-46fd7d505b03"}}
{"__type":"$$EventMessageConfirm","confirm":"b10acdf1-666d-420d-b7eb-329ca3c79bd6","ts":"2026-08-13T01:02:12.092+02:00","source":{"id":"0","name":"eventBus"}}
{"__type":"$$EventMessageNode","id":"3bfc714d-39b1-4ab4-a309-acf5b6e4d057","ts":"2026-08-13T01:02:13.191+02:00","eventName":"n8n.node.finished","message":"n8n.node.finished","payload":{"workflowId":"kKl5ZpUOmLIr9hZt","workflowName":"odoo-training","executionId":"102","nodeType":"n8n-nodes-base.httpRequest","nodeName":"HTTP Request","nodeId":"590167ab-fc5e-43de-ad94-46fd7d505b03"}}
{"__type":"$$EventMessageConfirm","confirm":"3bfc714d-39b1-4ab4-a309-acf5b6e4d057","ts":"2026-08-13T01:02:13.191+02:00","source":{"id":"0","name":"eventBus"}}
{"__type":"$$EventMessageWorkflow","id":"59be5b4c-f8e1-4009-9e65-782616621962","ts":"2026-08-13T01:02:13.191+02:00","eventName":"n8n.workflow.success","message":"n8n.workflow.success","payload":{"executionId":"102","success":true,"isManual":false,"mode":"trigger","workflowId":"kKl5ZpUOmLIr9hZt","workflowName":"odoo-training","projectId":"VP8sweUdS4KlmzVv","projectName":"demo demo <demo@email.com>"}}
{"__type":"$$EventMessageConfirm","confirm":"59be5b4c-f8e1-4009-9e65-782616621962","ts":"2026-08-13T01:02:13.192+02:00","source":{"id":"0","name":"eventBus"}}
{"__type":"$$EventMessageWorkflow","id":"74c19fd7-7de8-4c3b-be3e-da686296e63d","ts":"2026-08-13T01:04:14.163+02:00","eventName":"n8n.workflow.started","message":"n8n.workflow.started","payload":{"executionId":"103","workflowId":"kKl5ZpUOmLIr9hZt","isManual":false,"mode":"trigger","workflowName":"odoo-training","projectId":"VP8sweUdS4KlmzVv","projectName":"demo demo <demo@email.com>"}}
{"__type":"$$EventMessageConfirm","confirm":"74c19fd7-7de8-4c3b-be3e-da686296e63d","ts":"2026-08-13T01:04:14.164+02:00","source":{"id":"0","name":"eventBus"}}
{"__type":"$$EventMessageNode","id":"6fcf8ae0-4159-467f-8dd4-72744fa05833","ts":"2026-08-13T01:04:14.164+02:00","eventName":"n8n.node.started","message":"n8n.node.started","payload":{"workflowId":"kKl5ZpUOmLIr9hZt","workflowName":"odoo-training","executionId":"103","nodeType":"n8n-nodes-base.scheduleTrigger","nodeName":"Schedule Trigger","nodeId":"6fdbe563-00a3-4068-ad19-45e249244722"}}
{"__type":"$$EventMessageConfirm","confirm":"6fcf8ae0-4159-467f-8dd4-72744fa05833","ts":"2026-08-13T01:04:14.164+02:00","source":{"id":"0","name":"eventBus"}}
{"__type":"$$EventMessageAudit","id":"4aeb80f7-0810-4b23-bcf8-574e836f70e6","ts":"2026-08-13T01:04:14.164+02:00","eventName":"n8n.audit.workflow.executed","message":"n8n.audit.workflow.executed","payload":{"workflowId":"kKl5ZpUOmLIr9hZt","workflowName":"odoo-training","executionId":"103","projectId":"VP8sweUdS4KlmzVv","projectName":"demo demo <demo@email.com>","source":"trigger"}}
{"__type":"$$EventMessageConfirm","confirm":"4aeb80f7-0810-4b23-bcf8-574e836f70e6","ts":"2026-08-13T01:04:14.164+02:00","source":{"id":"0","name":"eventBus"}}
{"__type":"$$EventMessageNode","id":"5feee9df-f95c-49eb-808a-ee69f6a94d6f","ts":"2026-08-13T01:04:14.165+02:00","eventName":"n8n.node.finished","message":"n8n.node.finished","payload":{"workflowId":"kKl5ZpUOmLIr9hZt","workflowName":"odoo-training","executionId":"103","nodeType":"n8n-nodes-base.scheduleTrigger","nodeName":"Schedule Trigger","nodeId":"6fdbe563-00a3-4068-ad19-45e249244722"}}
{"__type":"$$EventMessageConfirm","confirm":"5feee9df-f95c-49eb-808a-ee69f6a94d6f","ts":"2026-08-13T01:04:14.165+02:00","source":{"id":"0","name":"eventBus"}}
{"__type":"$$EventMessageNode","id":"5cdef63c-0bcc-466e-81a0-692ab7697733","ts":"2026-08-13T01:04:14.165+02:00","eventName":"n8n.node.started","message":"n8n.node.started","payload":{"workflowId":"kKl5ZpUOmLIr9hZt","workflowName":"odoo-training","executionId":"103","nodeType":"n8n-nodes-base.httpRequest","nodeName":"HTTP Request","nodeId":"590167ab-fc5e-43de-ad94-46fd7d505b03"}}
{"__type":"$$EventMessageConfirm","confirm":"5cdef63c-0bcc-466e-81a0-692ab7697733","ts":"2026-08-13T01:04:14.165+02:00","source":{"id":"0","name":"eventBus"}}
{"__type":"$$EventMessageNode","id":"ec82dc69-0739-426a-881e-d5b4b1ad4063","ts":"2026-08-13T01:04:15.032+02:00","eventName":"n8n.node.finished","message":"n8n.node.finished","payload":{"workflowId":"kKl5ZpUOmLIr9hZt","workflowName":"odoo-training","executionId":"103","nodeType":"n8n-nodes-base.httpRequest","nodeName":"HTTP Request","nodeId":"590167ab-fc5e-43de-ad94-46fd7d505b03"}}
{"__type":"$$EventMessageConfirm","confirm":"ec82dc69-0739-426a-881e-d5b4b1ad4063","ts":"2026-08-13T01:04:15.033+02:00","source":{"id":"0","name":"eventBus"}}
{"__type":"$$EventMessageWorkflow","id":"5671e447-535f-4983-bc20-f156c0c00db4","ts":"2026-08-13T01:04:15.034+02:00","eventName":"n8n.workflow.success","message":"n8n.workflow.success","payload":{"executionId":"103","success":true,"isManual":false,"mode":"trigger","workflowId":"kKl5ZpUOmLIr9hZt","workflowName":"odoo-training","projectId":"VP8sweUdS4KlmzVv","projectName":"demo demo <demo@email.com>"}}
{"__type":"$$EventMessageConfirm","confirm":"5671e447-535f-4983-bc20-f156c0c00db4","ts":"2026-08-13T01:04:15.034+02:00","source":{"id":"0","name":"eventBus"}}
{"__type":"$$EventMessageWorkflow","id":"1da93c7d-2047-4f89-a2ca-e9e35edb59fa","ts":"2026-08-13T01:12:44.434+02:00","eventName":"n8n.workflow.started","message":"n8n.workflow.started","payload":{"executionId":"104","workflowId":"kKl5ZpUOmLIr9hZt","isManual":false,"mode":"trigger","workflowName":"odoo-training","projectId":"VP8sweUdS4KlmzVv","projectName":"demo demo <demo@email.com>"}}
{"__type":"$$EventMessageConfirm","confirm":"1da93c7d-2047-4f89-a2ca-e9e35edb59fa","ts":"2026-08-13T01:12:44.434+02:00","source":{"id":"0","name":"eventBus"}}
{"__type":"$$EventMessageNode","id":"617728fd-e652-4775-8b43-211ad35404b1","ts":"2026-08-13T01:12:44.435+02:00","eventName":"n8n.node.started","message":"n8n.node.started","payload":{"workflowId":"kKl5ZpUOmLIr9hZt","workflowName":"odoo-training","executionId":"104","nodeType":"n8n-nodes-base.scheduleTrigger","nodeName":"Schedule Trigger","nodeId":"6fdbe563-00a3-4068-ad19-45e249244722"}}
{"__type":"$$EventMessageConfirm","confirm":"617728fd-e652-4775-8b43-211ad35404b1","ts":"2026-08-13T01:12:44.435+02:00","source":{"id":"0","name":"eventBus"}}
{"__type":"$$EventMessageAudit","id":"0ece2381-211c-424d-bc3f-9e6f741b6a8b","ts":"2026-08-13T01:12:44.435+02:00","eventName":"n8n.audit.workflow.executed","message":"n8n.audit.workflow.executed","payload":{"workflowId":"kKl5ZpUOmLIr9hZt","workflowName":"odoo-training","executionId":"104","projectId":"VP8sweUdS4KlmzVv","projectName":"demo demo <demo@email.com>","source":"trigger"}}
{"__type":"$$EventMessageConfirm","confirm":"0ece2381-211c-424d-bc3f-9e6f741b6a8b","ts":"2026-08-13T01:12:44.435+02:00","source":{"id":"0","name":"eventBus"}}
{"__type":"$$EventMessageNode","id":"5c39ea1c-ab43-4370-b8f0-b18900514b3d","ts":"2026-08-13T01:12:44.436+02:00","eventName":"n8n.node.finished","message":"n8n.node.finished","payload":{"workflowId":"kKl5ZpUOmLIr9hZt","workflowName":"odoo-training","executionId":"104","nodeType":"n8n-nodes-base.scheduleTrigger","nodeName":"Schedule Trigger","nodeId":"6fdbe563-00a3-4068-ad19-45e249244722"}}
{"__type":"$$EventMessageConfirm","confirm":"5c39ea1c-ab43-4370-b8f0-b18900514b3d","ts":"2026-08-13T01:12:44.436+02:00","source":{"id":"0","name":"eventBus"}}
{"__type":"$$EventMessageNode","id":"bd5c6622-5733-4fe8-b4e8-9bd34a644d5c","ts":"2026-08-13T01:12:44.436+02:00","eventName":"n8n.node.started","message":"n8n.node.started","payload":{"workflowId":"kKl5ZpUOmLIr9hZt","workflowName":"odoo-training","executionId":"104","nodeType":"n8n-nodes-base.httpRequest","nodeName":"HTTP Request","nodeId":"590167ab-fc5e-43de-ad94-46fd7d505b03"}}
{"__type":"$$EventMessageConfirm","confirm":"bd5c6622-5733-4fe8-b4e8-9bd34a644d5c","ts":"2026-08-13T01:12:44.436+02:00","source":{"id":"0","name":"eventBus"}}
{"__type":"$$EventMessageNode","id":"4fd33c73-ee14-4531-bd74-f90aaeeaab05","ts":"2026-08-13T01:12:44.971+02:00","eventName":"n8n.node.finished","message":"n8n.node.finished","payload":{"workflowId":"kKl5ZpUOmLIr9hZt","workflowName":"odoo-training","executionId":"104","nodeType":"n8n-nodes-base.httpRequest","nodeName":"HTTP Request","nodeId":"590167ab-fc5e-43de-ad94-46fd7d505b03"}}
{"__type":"$$EventMessageConfirm","confirm":"4fd33c73-ee14-4531-bd74-f90aaeeaab05","ts":"2026-08-13T01:12:44.971+02:00","source":{"id":"0","name":"eventBus"}}
{"__type":"$$EventMessageWorkflow","id":"0fdbbe42-b927-4c38-829d-47f5c0c33980","ts":"2026-08-13T01:12:44.971+02:00","eventName":"n8n.workflow.success","message":"n8n.workflow.success","payload":{"executionId":"104","success":true,"isManual":false,"mode":"trigger","workflowId":"kKl5ZpUOmLIr9hZt","workflowName":"odoo-training","projectId":"VP8sweUdS4KlmzVv","projectName":"demo demo <demo@email.com>"}}
{"__type":"$$EventMessageConfirm","confirm":"0fdbbe42-b927-4c38-829d-47f5c0c33980","ts":"2026-08-13T01:12:44.972+02:00","source":{"id":"0","name":"eventBus"}}
{"__type":"$$EventMessageAudit","id":"30226a2b-5e3b-4fde-93e0-4da7b196832e","ts":"2026-08-13T01:12:46.465+02:00","eventName":"n8n.audit.workflow.updated","message":"n8n.audit.workflow.updated","payload":{"userId":"9c968acf-8060-4d0b-9187-dde49eae5716","_email":"demo@email.com","_firstName":"demo","_lastName":"demo","globalRole":"global:owner","workflowId":"kKl5ZpUOmLIr9hZt","workflowName":"odoo-training"}}
{"__type":"$$EventMessageConfirm","confirm":"30226a2b-5e3b-4fde-93e0-4da7b196832e","ts":"2026-08-13T01:12:46.465+02:00","source":{"id":"0","name":"eventBus"}}
{"__type":"$$EventMessageAudit","id":"ff7169dd-5729-43e2-952f-fcbb900be297","ts":"2026-08-13T01:12:55.961+02:00","eventName":"n8n.audit.workflow.updated","message":"n8n.audit.workflow.updated","payload":{"userId":"9c968acf-8060-4d0b-9187-dde49eae5716","_email":"demo@email.com","_firstName":"demo","_lastName":"demo","globalRole":"global:owner","workflowId":"kKl5ZpUOmLIr9hZt","workflowName":"odoo-training"}}
{"__type":"$$EventMessageConfirm","confirm":"ff7169dd-5729-43e2-952f-fcbb900be297","ts":"2026-08-13T01:12:55.961+02:00","source":{"id":"0","name":"eventBus"}}
{"__type":"$$EventMessageAudit","id":"4efdee5d-29e2-4f80-873c-a9297f7dc8a9","ts":"2026-08-13T01:13:08.515+02:00","eventName":"n8n.audit.workflow.updated","message":"n8n.audit.workflow.updated","payload":{"userId":"9c968acf-8060-4d0b-9187-dde49eae5716","_email":"demo@email.com","_firstName":"demo","_lastName":"demo","globalRole":"global:owner","workflowId":"kKl5ZpUOmLIr9hZt","workflowName":"odoo-training"}}
{"__type":"$$EventMessageConfirm","confirm":"4efdee5d-29e2-4f80-873c-a9297f7dc8a9","ts":"2026-08-13T01:13:08.515+02:00","source":{"id":"0","name":"eventBus"}}
{"__type":"$$EventMessageAudit","id":"e12a0c62-d9f6-4deb-bd0c-a1f8874daaed","ts":"2026-08-13T01:13:17.391+02:00","eventName":"n8n.audit.workflow.updated","message":"n8n.audit.workflow.updated","payload":{"userId":"9c968acf-8060-4d0b-9187-dde49eae5716","_email":"demo@email.com","_firstName":"demo","_lastName":"demo","globalRole":"global:owner","workflowId":"kKl5ZpUOmLIr9hZt","workflowName":"odoo-training"}}
{"__type":"$$EventMessageConfirm","confirm":"e12a0c62-d9f6-4deb-bd0c-a1f8874daaed","ts":"2026-08-13T01:13:17.391+02:00","source":{"id":"0","name":"eventBus"}}
{"__type":"$$EventMessageAudit","id":"1f7d8804-4657-481b-9bc7-c395337bdf2f","ts":"2026-08-13T01:13:20.191+02:00","eventName":"n8n.audit.workflow.updated","message":"n8n.audit.workflow.updated","payload":{"userId":"9c968acf-8060-4d0b-9187-dde49eae5716","_email":"demo@email.com","_firstName":"demo","_lastName":"demo","globalRole":"global:owner","workflowId":"kKl5ZpUOmLIr9hZt","workflowName":"odoo-training"}}
{"__type":"$$EventMessageConfirm","confirm":"1f7d8804-4657-481b-9bc7-c395337bdf2f","ts":"2026-08-13T01:13:20.192+02:00","source":{"id":"0","name":"eventBus"}}
{"__type":"$$EventMessageAudit","id":"8e3888c5-eec4-4a63-a4d6-db02174fcffb","ts":"2026-08-13T01:13:21.923+02:00","eventName":"n8n.audit.workflow.updated","message":"n8n.audit.workflow.updated","payload":{"userId":"9c968acf-8060-4d0b-9187-dde49eae5716","_email":"demo@email.com","_firstName":"demo","_lastName":"demo","globalRole":"global:owner","workflowId":"kKl5ZpUOmLIr9hZt","workflowName":"odoo-training"}}
{"__type":"$$EventMessageConfirm","confirm":"8e3888c5-eec4-4a63-a4d6-db02174fcffb","ts":"2026-08-13T01:13:21.924+02:00","source":{"id":"0","name":"eventBus"}}
{"__type":"$$EventMessageAudit","id":"a0f5594a-9691-44c6-a231-b6501a7f83fe","ts":"2026-08-13T01:13:24.340+02:00","eventName":"n8n.audit.workflow.updated","message":"n8n.audit.workflow.updated","payload":{"userId":"9c968acf-8060-4d0b-9187-dde49eae5716","_email":"demo@email.com","_firstName":"demo","_lastName":"demo","globalRole":"global:owner","workflowId":"kKl5ZpUOmLIr9hZt","workflowName":"odoo-training"}}
{"__type":"$$EventMessageConfirm","confirm":"a0f5594a-9691-44c6-a231-b6501a7f83fe","ts":"2026-08-13T01:13:24.341+02:00","source":{"id":"0","name":"eventBus"}}
{"__type":"$$EventMessageAudit","id":"8520550a-55ce-4896-a963-66d328ca2978","ts":"2026-08-13T01:13:27.692+02:00","eventName":"n8n.audit.workflow.updated","message":"n8n.audit.workflow.updated","payload":{"userId":"9c968acf-8060-4d0b-9187-dde49eae5716","_email":"demo@email.com","_firstName":"demo","_lastName":"demo","globalRole":"global:owner","workflowId":"kKl5ZpUOmLIr9hZt","workflowName":"odoo-training"}}
{"__type":"$$EventMessageConfirm","confirm":"8520550a-55ce-4896-a963-66d328ca2978","ts":"2026-08-13T01:13:27.693+02:00","source":{"id":"0","name":"eventBus"}}
{"__type":"$$EventMessageWorkflow","id":"abf874aa-0123-4970-98fe-a1178fb891a7","ts":"2026-08-13T01:14:05.010+02:00","eventName":"n8n.workflow.started","message":"n8n.workflow.started","payload":{"executionId":"105","workflowId":"kKl5ZpUOmLIr9hZt","isManual":false,"mode":"trigger","workflowName":"odoo-training","projectId":"VP8sweUdS4KlmzVv","projectName":"demo demo <demo@email.com>"}}
{"__type":"$$EventMessageConfirm","confirm":"abf874aa-0123-4970-98fe-a1178fb891a7","ts":"2026-08-13T01:14:05.010+02:00","source":{"id":"0","name":"eventBus"}}
{"__type":"$$EventMessageNode","id":"67ecd4c9-e3c3-4111-9112-af32d3e8bcf3","ts":"2026-08-13T01:14:05.011+02:00","eventName":"n8n.node.started","message":"n8n.node.started","payload":{"workflowId":"kKl5ZpUOmLIr9hZt","workflowName":"odoo-training","executionId":"105","nodeType":"n8n-nodes-base.scheduleTrigger","nodeName":"Schedule Trigger","nodeId":"6fdbe563-00a3-4068-ad19-45e249244722"}}
{"__type":"$$EventMessageConfirm","confirm":"67ecd4c9-e3c3-4111-9112-af32d3e8bcf3","ts":"2026-08-13T01:14:05.011+02:00","source":{"id":"0","name":"eventBus"}}
{"__type":"$$EventMessageAudit","id":"1fe7356f-c6a3-4cac-a3a7-e811cf76aebb","ts":"2026-08-13T01:14:05.011+02:00","eventName":"n8n.audit.workflow.executed","message":"n8n.audit.workflow.executed","payload":{"workflowId":"kKl5ZpUOmLIr9hZt","workflowName":"odoo-training","executionId":"105","projectId":"VP8sweUdS4KlmzVv","projectName":"demo demo <demo@email.com>","source":"trigger"}}
{"__type":"$$EventMessageConfirm","confirm":"1fe7356f-c6a3-4cac-a3a7-e811cf76aebb","ts":"2026-08-13T01:14:05.011+02:00","source":{"id":"0","name":"eventBus"}}
{"__type":"$$EventMessageNode","id":"fd0d0e82-41a5-4969-b2a1-1e2b2b557c98","ts":"2026-08-13T01:14:05.011+02:00","eventName":"n8n.node.finished","message":"n8n.node.finished","payload":{"workflowId":"kKl5ZpUOmLIr9hZt","workflowName":"odoo-training","executionId":"105","nodeType":"n8n-nodes-base.scheduleTrigger","nodeName":"Schedule Trigger","nodeId":"6fdbe563-00a3-4068-ad19-45e249244722"}}
{"__type":"$$EventMessageConfirm","confirm":"fd0d0e82-41a5-4969-b2a1-1e2b2b557c98","ts":"2026-08-13T01:14:05.011+02:00","source":{"id":"0","name":"eventBus"}}
{"__type":"$$EventMessageNode","id":"a3450d73-fb93-48df-872c-20e5b42741e3","ts":"2026-08-13T01:14:05.011+02:00","eventName":"n8n.node.started","message":"n8n.node.started","payload":{"workflowId":"kKl5ZpUOmLIr9hZt","workflowName":"odoo-training","executionId":"105","nodeType":"n8n-nodes-base.httpRequest","nodeName":"HTTP Request","nodeId":"590167ab-fc5e-43de-ad94-46fd7d505b03"}}
{"__type":"$$EventMessageConfirm","confirm":"a3450d73-fb93-48df-872c-20e5b42741e3","ts":"2026-08-13T01:14:05.011+02:00","source":{"id":"0","name":"eventBus"}}
{"__type":"$$EventMessageNode","id":"3b93eaad-0007-42ab-840f-b06f6ef5cced","ts":"2026-08-13T01:14:05.548+02:00","eventName":"n8n.node.finished","message":"n8n.node.finished","payload":{"workflowId":"kKl5ZpUOmLIr9hZt","workflowName":"odoo-training","executionId":"105","nodeType":"n8n-nodes-base.httpRequest","nodeName":"HTTP Request","nodeId":"590167ab-fc5e-43de-ad94-46fd7d505b03"}}
{"__type":"$$EventMessageConfirm","confirm":"3b93eaad-0007-42ab-840f-b06f6ef5cced","ts":"2026-08-13T01:14:05.548+02:00","source":{"id":"0","name":"eventBus"}}
{"__type":"$$EventMessageWorkflow","id":"886f79cb-9fcc-4c9f-88af-bbd645caeca5","ts":"2026-08-13T01:14:05.548+02:00","eventName":"n8n.workflow.success","message":"n8n.workflow.success","payload":{"executionId":"105","success":true,"isManual":false,"mode":"trigger","workflowId":"kKl5ZpUOmLIr9hZt","workflowName":"odoo-training","projectId":"VP8sweUdS4KlmzVv","projectName":"demo demo <demo@email.com>"}}
{"__type":"$$EventMessageConfirm","confirm":"886f79cb-9fcc-4c9f-88af-bbd645caeca5","ts":"2026-08-13T01:14:05.548+02:00","source":{"id":"0","name":"eventBus"}}
{"__type":"$$EventMessageWorkflow","id":"7911894b-56ea-46da-a928-52c9710e94c2","ts":"2026-08-13T01:16:10.186+02:00","eventName":"n8n.workflow.started","message":"n8n.workflow.started","payload":{"executionId":"106","workflowId":"kKl5ZpUOmLIr9hZt","isManual":false,"mode":"trigger","workflowName":"odoo-training","projectId":"VP8sweUdS4KlmzVv","projectName":"demo demo <demo@email.com>"}}
{"__type":"$$EventMessageConfirm","confirm":"7911894b-56ea-46da-a928-52c9710e94c2","ts":"2026-08-13T01:16:10.186+02:00","source":{"id":"0","name":"eventBus"}}
{"__type":"$$EventMessageNode","id":"7d566de9-59a7-4a20-a116-865b7aaf9960","ts":"2026-08-13T01:16:10.187+02:00","eventName":"n8n.node.started","message":"n8n.node.started","payload":{"workflowId":"kKl5ZpUOmLIr9hZt","workflowName":"odoo-training","executionId":"106","nodeType":"n8n-nodes-base.scheduleTrigger","nodeName":"Schedule Trigger","nodeId":"6fdbe563-00a3-4068-ad19-45e249244722"}}
{"__type":"$$EventMessageConfirm","confirm":"7d566de9-59a7-4a20-a116-865b7aaf9960","ts":"2026-08-13T01:16:10.187+02:00","source":{"id":"0","name":"eventBus"}}
{"__type":"$$EventMessageAudit","id":"49db6346-52cb-4b0b-957e-a5c5ea303ca0","ts":"2026-08-13T01:16:10.187+02:00","eventName":"n8n.audit.workflow.executed","message":"n8n.audit.workflow.executed","payload":{"workflowId":"kKl5ZpUOmLIr9hZt","workflowName":"odoo-training","executionId":"106","projectId":"VP8sweUdS4KlmzVv","projectName":"demo demo <demo@email.com>","source":"trigger"}}
{"__type":"$$EventMessageConfirm","confirm":"49db6346-52cb-4b0b-957e-a5c5ea303ca0","ts":"2026-08-13T01:16:10.187+02:00","source":{"id":"0","name":"eventBus"}}
{"__type":"$$EventMessageNode","id":"2777b644-d1c1-48c7-96e8-d8ac5f2dec59","ts":"2026-08-13T01:16:10.187+02:00","eventName":"n8n.node.finished","message":"n8n.node.finished","payload":{"workflowId":"kKl5ZpUOmLIr9hZt","workflowName":"odoo-training","executionId":"106","nodeType":"n8n-nodes-base.scheduleTrigger","nodeName":"Schedule Trigger","nodeId":"6fdbe563-00a3-4068-ad19-45e249244722"}}
{"__type":"$$EventMessageConfirm","confirm":"2777b644-d1c1-48c7-96e8-d8ac5f2dec59","ts":"2026-08-13T01:16:10.187+02:00","source":{"id":"0","name":"eventBus"}}
{"__type":"$$EventMessageNode","id":"e5a72c66-7690-457a-9dcd-d42d28db94a8","ts":"2026-08-13T01:16:10.187+02:00","eventName":"n8n.node.started","message":"n8n.node.started","payload":{"workflowId":"kKl5ZpUOmLIr9hZt","workflowName":"odoo-training","executionId":"106","nodeType":"n8n-nodes-base.httpRequest","nodeName":"HTTP Request","nodeId":"590167ab-fc5e-43de-ad94-46fd7d505b03"}}
{"__type":"$$EventMessageConfirm","confirm":"e5a72c66-7690-457a-9dcd-d42d28db94a8","ts":"2026-08-13T01:16:10.188+02:00","source":{"id":"0","name":"eventBus"}}
{"__type":"$$EventMessageNode","id":"c81d7e5c-62a5-4a8f-a9aa-64d59b300c57","ts":"2026-08-13T01:16:10.915+02:00","eventName":"n8n.node.finished","message":"n8n.node.finished","payload":{"workflowId":"kKl5ZpUOmLIr9hZt","workflowName":"odoo-training","executionId":"106","nodeType":"n8n-nodes-base.httpRequest","nodeName":"HTTP Request","nodeId":"590167ab-fc5e-43de-ad94-46fd7d505b03"}}
{"__type":"$$EventMessageConfirm","confirm":"c81d7e5c-62a5-4a8f-a9aa-64d59b300c57","ts":"2026-08-13T01:16:10.915+02:00","source":{"id":"0","name":"eventBus"}}
{"__type":"$$EventMessageWorkflow","id":"5866639f-aac7-41ee-aa5a-7ad934abf82f","ts":"2026-08-13T01:16:10.915+02:00","eventName":"n8n.workflow.success","message":"n8n.workflow.success","payload":{"executionId":"106","success":true,"isManual":false,"mode":"trigger","workflowId":"kKl5ZpUOmLIr9hZt","workflowName":"odoo-training","projectId":"VP8sweUdS4KlmzVv","projectName":"demo demo <demo@email.com>"}}
{"__type":"$$EventMessageConfirm","confirm":"5866639f-aac7-41ee-aa5a-7ad934abf82f","ts":"2026-08-13T01:16:10.916+02:00","source":{"id":"0","name":"eventBus"}}
{"__type":"$$EventMessageWorkflow","id":"415481d7-48f0-48f3-954c-39cb069780d5","ts":"2026-08-13T01:18:10.968+02:00","eventName":"n8n.workflow.started","message":"n8n.workflow.started","payload":{"executionId":"107","workflowId":"kKl5ZpUOmLIr9hZt","isManual":false,"mode":"trigger","workflowName":"odoo-training","projectId":"VP8sweUdS4KlmzVv","projectName":"demo demo <demo@email.com>"}}
{"__type":"$$EventMessageConfirm","confirm":"415481d7-48f0-48f3-954c-39cb069780d5","ts":"2026-08-13T01:18:10.969+02:00","source":{"id":"0","name":"eventBus"}}
{"__type":"$$EventMessageNode","id":"e11bc540-69b3-480b-89e9-c731bfce4da8","ts":"2026-08-13T01:18:10.969+02:00","eventName":"n8n.node.started","message":"n8n.node.started","payload":{"workflowId":"kKl5ZpUOmLIr9hZt","workflowName":"odoo-training","executionId":"107","nodeType":"n8n-nodes-base.scheduleTrigger","nodeName":"Schedule Trigger","nodeId":"6fdbe563-00a3-4068-ad19-45e249244722"}}
{"__type":"$$EventMessageConfirm","confirm":"e11bc540-69b3-480b-89e9-c731bfce4da8","ts":"2026-08-13T01:18:10.969+02:00","source":{"id":"0","name":"eventBus"}}
{"__type":"$$EventMessageAudit","id":"760d2f25-d7f7-4788-be5b-d7e620e56d93","ts":"2026-08-13T01:18:10.969+02:00","eventName":"n8n.audit.workflow.executed","message":"n8n.audit.workflow.executed","payload":{"workflowId":"kKl5ZpUOmLIr9hZt","workflowName":"odoo-training","executionId":"107","projectId":"VP8sweUdS4KlmzVv","projectName":"demo demo <demo@email.com>","source":"trigger"}}
{"__type":"$$EventMessageConfirm","confirm":"760d2f25-d7f7-4788-be5b-d7e620e56d93","ts":"2026-08-13T01:18:10.969+02:00","source":{"id":"0","name":"eventBus"}}
{"__type":"$$EventMessageNode","id":"a19df06c-ade3-49f8-b9a2-fa044551963c","ts":"2026-08-13T01:18:10.969+02:00","eventName":"n8n.node.finished","message":"n8n.node.finished","payload":{"workflowId":"kKl5ZpUOmLIr9hZt","workflowName":"odoo-training","executionId":"107","nodeType":"n8n-nodes-base.scheduleTrigger","nodeName":"Schedule Trigger","nodeId":"6fdbe563-00a3-4068-ad19-45e249244722"}}
{"__type":"$$EventMessageConfirm","confirm":"a19df06c-ade3-49f8-b9a2-fa044551963c","ts":"2026-08-13T01:18:10.969+02:00","source":{"id":"0","name":"eventBus"}}
{"__type":"$$EventMessageNode","id":"e79d1c3a-4eaa-4636-863e-80ef66a63310","ts":"2026-08-13T01:18:10.970+02:00","eventName":"n8n.node.started","message":"n8n.node.started","payload":{"workflowId":"kKl5ZpUOmLIr9hZt","workflowName":"odoo-training","executionId":"107","nodeType":"n8n-nodes-base.httpRequest","nodeName":"HTTP Request","nodeId":"590167ab-fc5e-43de-ad94-46fd7d505b03"}}
{"__type":"$$EventMessageConfirm","confirm":"e79d1c3a-4eaa-4636-863e-80ef66a63310","ts":"2026-08-13T01:18:10.970+02:00","source":{"id":"0","name":"eventBus"}}
{"__type":"$$EventMessageNode","id":"acda5260-d304-4069-9221-f1eb73747a71","ts":"2026-08-13T01:18:11.510+02:00","eventName":"n8n.node.finished","message":"n8n.node.finished","payload":{"workflowId":"kKl5ZpUOmLIr9hZt","workflowName":"odoo-training","executionId":"107","nodeType":"n8n-nodes-base.httpRequest","nodeName":"HTTP Request","nodeId":"590167ab-fc5e-43de-ad94-46fd7d505b03"}}
{"__type":"$$EventMessageConfirm","confirm":"acda5260-d304-4069-9221-f1eb73747a71","ts":"2026-08-13T01:18:11.510+02:00","source":{"id":"0","name":"eventBus"}}
{"__type":"$$EventMessageWorkflow","id":"e8859372-3711-4ed2-8244-521c17f4429b","ts":"2026-08-13T01:18:11.510+02:00","eventName":"n8n.workflow.success","message":"n8n.workflow.success","payload":{"executionId":"107","success":true,"isManual":false,"mode":"trigger","workflowId":"kKl5ZpUOmLIr9hZt","workflowName":"odoo-training","projectId":"VP8sweUdS4KlmzVv","projectName":"demo demo <demo@email.com>"}}
{"__type":"$$EventMessageConfirm","confirm":"e8859372-3711-4ed2-8244-521c17f4429b","ts":"2026-08-13T01:18:11.510+02:00","source":{"id":"0","name":"eventBus"}}
{"__type":"$$EventMessageWorkflow","id":"a52eac61-578a-4805-8ad8-759437072f3e","ts":"2026-08-13T01:20:15.060+02:00","eventName":"n8n.workflow.started","message":"n8n.workflow.started","payload":{"executionId":"108","workflowId":"kKl5ZpUOmLIr9hZt","isManual":false,"mode":"trigger","workflowName":"odoo-training","projectId":"VP8sweUdS4KlmzVv","projectName":"demo demo <demo@email.com>"}}
{"__type":"$$EventMessageConfirm","confirm":"a52eac61-578a-4805-8ad8-759437072f3e","ts":"2026-08-13T01:20:15.060+02:00","source":{"id":"0","name":"eventBus"}}
{"__type":"$$EventMessageNode","id":"d198b1d7-4d3b-49a8-8521-10b0782b46e5","ts":"2026-08-13T01:20:15.061+02:00","eventName":"n8n.node.started","message":"n8n.node.started","payload":{"workflowId":"kKl5ZpUOmLIr9hZt","workflowName":"odoo-training","executionId":"108","nodeType":"n8n-nodes-base.scheduleTrigger","nodeName":"Schedule Trigger","nodeId":"6fdbe563-00a3-4068-ad19-45e249244722"}}
{"__type":"$$EventMessageConfirm","confirm":"d198b1d7-4d3b-49a8-8521-10b0782b46e5","ts":"2026-08-13T01:20:15.061+02:00","source":{"id":"0","name":"eventBus"}}
{"__type":"$$EventMessageAudit","id":"c2708581-36f9-44db-b608-f8607fec8364","ts":"2026-08-13T01:20:15.061+02:00","eventName":"n8n.audit.workflow.executed","message":"n8n.audit.workflow.executed","payload":{"workflowId":"kKl5ZpUOmLIr9hZt","workflowName":"odoo-training","executionId":"108","projectId":"VP8sweUdS4KlmzVv","projectName":"demo demo <demo@email.com>","source":"trigger"}}
{"__type":"$$EventMessageConfirm","confirm":"c2708581-36f9-44db-b608-f8607fec8364","ts":"2026-08-13T01:20:15.061+02:00","source":{"id":"0","name":"eventBus"}}
{"__type":"$$EventMessageNode","id":"3efabb89-b2b1-47ae-9f4d-36321934a597","ts":"2026-08-13T01:20:15.061+02:00","eventName":"n8n.node.finished","message":"n8n.node.finished","payload":{"workflowId":"kKl5ZpUOmLIr9hZt","workflowName":"odoo-training","executionId":"108","nodeType":"n8n-nodes-base.scheduleTrigger","nodeName":"Schedule Trigger","nodeId":"6fdbe563-00a3-4068-ad19-45e249244722"}}
{"__type":"$$EventMessageConfirm","confirm":"3efabb89-b2b1-47ae-9f4d-36321934a597","ts":"2026-08-13T01:20:15.061+02:00","source":{"id":"0","name":"eventBus"}}
{"__type":"$$EventMessageNode","id":"27b29e86-6248-413d-bae3-6886fadac685","ts":"2026-08-13T01:20:15.062+02:00","eventName":"n8n.node.started","message":"n8n.node.started","payload":{"workflowId":"kKl5ZpUOmLIr9hZt","workflowName":"odoo-training","executionId":"108","nodeType":"n8n-nodes-base.httpRequest","nodeName":"HTTP Request","nodeId":"590167ab-fc5e-43de-ad94-46fd7d505b03"}}
{"__type":"$$EventMessageConfirm","confirm":"27b29e86-6248-413d-bae3-6886fadac685","ts":"2026-08-13T01:20:15.062+02:00","source":{"id":"0","name":"eventBus"}}
{"__type":"$$EventMessageNode","id":"398d3ced-b1a3-4fbf-8989-dd30705a992a","ts":"2026-08-13T01:20:15.670+02:00","eventName":"n8n.node.finished","message":"n8n.node.finished","payload":{"workflowId":"kKl5ZpUOmLIr9hZt","workflowName":"odoo-training","executionId":"108","nodeType":"n8n-nodes-base.httpRequest","nodeName":"HTTP Request","nodeId":"590167ab-fc5e-43de-ad94-46fd7d505b03"}}
{"__type":"$$EventMessageConfirm","confirm":"398d3ced-b1a3-4fbf-8989-dd30705a992a","ts":"2026-08-13T01:20:15.671+02:00","source":{"id":"0","name":"eventBus"}}
{"__type":"$$EventMessageWorkflow","id":"38a73563-56d0-494d-acbc-f71358ba2e4c","ts":"2026-08-13T01:20:15.671+02:00","eventName":"n8n.workflow.success","message":"n8n.workflow.success","payload":{"executionId":"108","success":true,"isManual":false,"mode":"trigger","workflowId":"kKl5ZpUOmLIr9hZt","workflowName":"odoo-training","projectId":"VP8sweUdS4KlmzVv","projectName":"demo demo <demo@email.com>"}}
{"__type":"$$EventMessageConfirm","confirm":"38a73563-56d0-494d-acbc-f71358ba2e4c","ts":"2026-08-13T01:20:15.671+02:00","source":{"id":"0","name":"eventBus"}}
{"__type":"$$EventMessageWorkflow","id":"b0659cc6-c405-4b5b-b488-ffa03c17ba23","ts":"2026-08-13T01:22:12.521+02:00","eventName":"n8n.workflow.started","message":"n8n.workflow.started","payload":{"executionId":"109","workflowId":"kKl5ZpUOmLIr9hZt","isManual":false,"mode":"trigger","workflowName":"odoo-training","projectId":"VP8sweUdS4KlmzVv","projectName":"demo demo <demo@email.com>"}}
{"__type":"$$EventMessageConfirm","confirm":"b0659cc6-c405-4b5b-b488-ffa03c17ba23","ts":"2026-08-13T01:22:12.521+02:00","source":{"id":"0","name":"eventBus"}}
{"__type":"$$EventMessageNode","id":"8277e8c2-f7b9-4102-97b4-77d504d2a5af","ts":"2026-08-13T01:22:12.522+02:00","eventName":"n8n.node.started","message":"n8n.node.started","payload":{"workflowId":"kKl5ZpUOmLIr9hZt","workflowName":"odoo-training","executionId":"109","nodeType":"n8n-nodes-base.scheduleTrigger","nodeName":"Schedule Trigger","nodeId":"6fdbe563-00a3-4068-ad19-45e249244722"}}
{"__type":"$$EventMessageConfirm","confirm":"8277e8c2-f7b9-4102-97b4-77d504d2a5af","ts":"2026-08-13T01:22:12.522+02:00","source":{"id":"0","name":"eventBus"}}
{"__type":"$$EventMessageAudit","id":"40a42df2-e87d-43a3-aa35-a6993b7197d8","ts":"2026-08-13T01:22:12.522+02:00","eventName":"n8n.audit.workflow.executed","message":"n8n.audit.workflow.executed","payload":{"workflowId":"kKl5ZpUOmLIr9hZt","workflowName":"odoo-training","executionId":"109","projectId":"VP8sweUdS4KlmzVv","projectName":"demo demo <demo@email.com>","source":"trigger"}}
{"__type":"$$EventMessageConfirm","confirm":"40a42df2-e87d-43a3-aa35-a6993b7197d8","ts":"2026-08-13T01:22:12.522+02:00","source":{"id":"0","name":"eventBus"}}
{"__type":"$$EventMessageNode","id":"9af0fb8f-d2c1-4cba-8d65-c89d0e784afc","ts":"2026-08-13T01:22:12.522+02:00","eventName":"n8n.node.finished","message":"n8n.node.finished","payload":{"workflowId":"kKl5ZpUOmLIr9hZt","workflowName":"odoo-training","executionId":"109","nodeType":"n8n-nodes-base.scheduleTrigger","nodeName":"Schedule Trigger","nodeId":"6fdbe563-00a3-4068-ad19-45e249244722"}}
{"__type":"$$EventMessageConfirm","confirm":"9af0fb8f-d2c1-4cba-8d65-c89d0e784afc","ts":"2026-08-13T01:22:12.522+02:00","source":{"id":"0","name":"eventBus"}}
{"__type":"$$EventMessageNode","id":"c40b0020-4970-46bf-bc84-b299d4116599","ts":"2026-08-13T01:22:12.522+02:00","eventName":"n8n.node.started","message":"n8n.node.started","payload":{"workflowId":"kKl5ZpUOmLIr9hZt","workflowName":"odoo-training","executionId":"109","nodeType":"n8n-nodes-base.httpRequest","nodeName":"HTTP Request","nodeId":"590167ab-fc5e-43de-ad94-46fd7d505b03"}}
{"__type":"$$EventMessageConfirm","confirm":"c40b0020-4970-46bf-bc84-b299d4116599","ts":"2026-08-13T01:22:12.522+02:00","source":{"id":"0","name":"eventBus"}}
{"__type":"$$EventMessageNode","id":"7e263aec-2a42-4c1e-b609-628dd4d70d3d","ts":"2026-08-13T01:22:13.206+02:00","eventName":"n8n.node.finished","message":"n8n.node.finished","payload":{"workflowId":"kKl5ZpUOmLIr9hZt","workflowName":"odoo-training","executionId":"109","nodeType":"n8n-nodes-base.httpRequest","nodeName":"HTTP Request","nodeId":"590167ab-fc5e-43de-ad94-46fd7d505b03"}}
{"__type":"$$EventMessageConfirm","confirm":"7e263aec-2a42-4c1e-b609-628dd4d70d3d","ts":"2026-08-13T01:22:13.206+02:00","source":{"id":"0","name":"eventBus"}}
{"__type":"$$EventMessageWorkflow","id":"13708eec-67df-400a-b8bc-a6684c495593","ts":"2026-08-13T01:22:13.206+02:00","eventName":"n8n.workflow.success","message":"n8n.workflow.success","payload":{"executionId":"109","success":true,"isManual":false,"mode":"trigger","workflowId":"kKl5ZpUOmLIr9hZt","workflowName":"odoo-training","projectId":"VP8sweUdS4KlmzVv","projectName":"demo demo <demo@email.com>"}}
{"__type":"$$EventMessageConfirm","confirm":"13708eec-67df-400a-b8bc-a6684c495593","ts":"2026-08-13T01:22:13.207+02:00","source":{"id":"0","name":"eventBus"}}
{"__type":"$$EventMessageWorkflow","id":"1ddb9fd5-e678-49d3-b2e6-0cf2737025eb","ts":"2026-08-13T01:24:11.073+02:00","eventName":"n8n.workflow.started","message":"n8n.workflow.started","payload":{"executionId":"110","workflowId":"kKl5ZpUOmLIr9hZt","isManual":false,"mode":"trigger","workflowName":"odoo-training","projectId":"VP8sweUdS4KlmzVv","projectName":"demo demo <demo@email.com>"}}
{"__type":"$$EventMessageConfirm","confirm":"1ddb9fd5-e678-49d3-b2e6-0cf2737025eb","ts":"2026-08-13T01:24:11.074+02:00","source":{"id":"0","name":"eventBus"}}
{"__type":"$$EventMessageNode","id":"61d03f5d-0b41-4aef-b822-f5cd70388e01","ts":"2026-08-13T01:24:11.074+02:00","eventName":"n8n.node.started","message":"n8n.node.started","payload":{"workflowId":"kKl5ZpUOmLIr9hZt","workflowName":"odoo-training","executionId":"110","nodeType":"n8n-nodes-base.scheduleTrigger","nodeName":"Schedule Trigger","nodeId":"6fdbe563-00a3-4068-ad19-45e249244722"}}
{"__type":"$$EventMessageConfirm","confirm":"61d03f5d-0b41-4aef-b822-f5cd70388e01","ts":"2026-08-13T01:24:11.074+02:00","source":{"id":"0","name":"eventBus"}}
{"__type":"$$EventMessageAudit","id":"8b5d2995-521b-4921-9ac1-1c6ef446c727","ts":"2026-08-13T01:24:11.074+02:00","eventName":"n8n.audit.workflow.executed","message":"n8n.audit.workflow.executed","payload":{"workflowId":"kKl5ZpUOmLIr9hZt","workflowName":"odoo-training","executionId":"110","projectId":"VP8sweUdS4KlmzVv","projectName":"demo demo <demo@email.com>","source":"trigger"}}
{"__type":"$$EventMessageConfirm","confirm":"8b5d2995-521b-4921-9ac1-1c6ef446c727","ts":"2026-08-13T01:24:11.074+02:00","source":{"id":"0","name":"eventBus"}}
{"__type":"$$EventMessageNode","id":"7d51e286-3f49-498d-a8dd-6ba0e61d4dcf","ts":"2026-08-13T01:24:11.074+02:00","eventName":"n8n.node.finished","message":"n8n.node.finished","payload":{"workflowId":"kKl5ZpUOmLIr9hZt","workflowName":"odoo-training","executionId":"110","nodeType":"n8n-nodes-base.scheduleTrigger","nodeName":"Schedule Trigger","nodeId":"6fdbe563-00a3-4068-ad19-45e249244722"}}
{"__type":"$$EventMessageConfirm","confirm":"7d51e286-3f49-498d-a8dd-6ba0e61d4dcf","ts":"2026-08-13T01:24:11.074+02:00","source":{"id":"0","name":"eventBus"}}
{"__type":"$$EventMessageNode","id":"6321025c-87fa-4238-91cf-0cf2cfc98b13","ts":"2026-08-13T01:24:11.075+02:00","eventName":"n8n.node.started","message":"n8n.node.started","payload":{"workflowId":"kKl5ZpUOmLIr9hZt","workflowName":"odoo-training","executionId":"110","nodeType":"n8n-nodes-base.httpRequest","nodeName":"HTTP Request","nodeId":"590167ab-fc5e-43de-ad94-46fd7d505b03"}}
{"__type":"$$EventMessageConfirm","confirm":"6321025c-87fa-4238-91cf-0cf2cfc98b13","ts":"2026-08-13T01:24:11.075+02:00","source":{"id":"0","name":"eventBus"}}
{"__type":"$$EventMessageNode","id":"e8423d47-c82a-450f-92d4-279d01e37d9e","ts":"2026-08-13T01:24:11.675+02:00","eventName":"n8n.node.finished","message":"n8n.node.finished","payload":{"workflowId":"kKl5ZpUOmLIr9hZt","workflowName":"odoo-training","executionId":"110","nodeType":"n8n-nodes-base.httpRequest","nodeName":"HTTP Request","nodeId":"590167ab-fc5e-43de-ad94-46fd7d505b03"}}
{"__type":"$$EventMessageConfirm","confirm":"e8423d47-c82a-450f-92d4-279d01e37d9e","ts":"2026-08-13T01:24:11.676+02:00","source":{"id":"0","name":"eventBus"}}
{"__type":"$$EventMessageWorkflow","id":"0b988e63-b1cc-4f25-9f3c-b2dabe999957","ts":"2026-08-13T01:24:11.676+02:00","eventName":"n8n.workflow.success","message":"n8n.workflow.success","payload":{"executionId":"110","success":true,"isManual":false,"mode":"trigger","workflowId":"kKl5ZpUOmLIr9hZt","workflowName":"odoo-training","projectId":"VP8sweUdS4KlmzVv","projectName":"demo demo <demo@email.com>"}}
{"__type":"$$EventMessageConfirm","confirm":"0b988e63-b1cc-4f25-9f3c-b2dabe999957","ts":"2026-08-13T01:24:11.676+02:00","source":{"id":"0","name":"eventBus"}}
{"__type":"$$EventMessageWorkflow","id":"6565039a-d8dc-46c8-978b-8dc6165ba7b7","ts":"2026-08-13T01:26:10.035+02:00","eventName":"n8n.workflow.started","message":"n8n.workflow.started","payload":{"executionId":"111","workflowId":"kKl5ZpUOmLIr9hZt","isManual":false,"mode":"trigger","workflowName":"odoo-training","projectId":"VP8sweUdS4KlmzVv","projectName":"demo demo <demo@email.com>"}}
{"__type":"$$EventMessageConfirm","confirm":"6565039a-d8dc-46c8-978b-8dc6165ba7b7","ts":"2026-08-13T01:26:10.035+02:00","source":{"id":"0","name":"eventBus"}}
{"__type":"$$EventMessageNode","id":"9b493974-41a1-4e63-a2f6-f9206b4a4715","ts":"2026-08-13T01:26:10.035+02:00","eventName":"n8n.node.started","message":"n8n.node.started","payload":{"workflowId":"kKl5ZpUOmLIr9hZt","workflowName":"odoo-training","executionId":"111","nodeType":"n8n-nodes-base.scheduleTrigger","nodeName":"Schedule Trigger","nodeId":"6fdbe563-00a3-4068-ad19-45e249244722"}}
{"__type":"$$EventMessageConfirm","confirm":"9b493974-41a1-4e63-a2f6-f9206b4a4715","ts":"2026-08-13T01:26:10.035+02:00","source":{"id":"0","name":"eventBus"}}
{"__type":"$$EventMessageAudit","id":"14c0d605-8187-495d-a05f-d504eb300b14","ts":"2026-08-13T01:26:10.035+02:00","eventName":"n8n.audit.workflow.executed","message":"n8n.audit.workflow.executed","payload":{"workflowId":"kKl5ZpUOmLIr9hZt","workflowName":"odoo-training","executionId":"111","projectId":"VP8sweUdS4KlmzVv","projectName":"demo demo <demo@email.com>","source":"trigger"}}
{"__type":"$$EventMessageConfirm","confirm":"14c0d605-8187-495d-a05f-d504eb300b14","ts":"2026-08-13T01:26:10.035+02:00","source":{"id":"0","name":"eventBus"}}
{"__type":"$$EventMessageNode","id":"fcae568c-5359-449c-b77a-af6668cc3260","ts":"2026-08-13T01:26:10.036+02:00","eventName":"n8n.node.finished","message":"n8n.node.finished","payload":{"workflowId":"kKl5ZpUOmLIr9hZt","workflowName":"odoo-training","executionId":"111","nodeType":"n8n-nodes-base.scheduleTrigger","nodeName":"Schedule Trigger","nodeId":"6fdbe563-00a3-4068-ad19-45e249244722"}}
{"__type":"$$EventMessageConfirm","confirm":"fcae568c-5359-449c-b77a-af6668cc3260","ts":"2026-08-13T01:26:10.036+02:00","source":{"id":"0","name":"eventBus"}}
{"__type":"$$EventMessageNode","id":"ec09a31c-71f8-4da8-8104-7458cdcfa9fb","ts":"2026-08-13T01:26:10.036+02:00","eventName":"n8n.node.started","message":"n8n.node.started","payload":{"workflowId":"kKl5ZpUOmLIr9hZt","workflowName":"odoo-training","executionId":"111","nodeType":"n8n-nodes-base.httpRequest","nodeName":"HTTP Request","nodeId":"590167ab-fc5e-43de-ad94-46fd7d505b03"}}
{"__type":"$$EventMessageConfirm","confirm":"ec09a31c-71f8-4da8-8104-7458cdcfa9fb","ts":"2026-08-13T01:26:10.036+02:00","source":{"id":"0","name":"eventBus"}}
{"__type":"$$EventMessageNode","id":"7b3b8267-0eb5-482a-b047-96f35dd425b1","ts":"2026-08-13T01:26:10.997+02:00","eventName":"n8n.node.finished","message":"n8n.node.finished","payload":{"workflowId":"kKl5ZpUOmLIr9hZt","workflowName":"odoo-training","executionId":"111","nodeType":"n8n-nodes-base.httpRequest","nodeName":"HTTP Request","nodeId":"590167ab-fc5e-43de-ad94-46fd7d505b03"}}
{"__type":"$$EventMessageConfirm","confirm":"7b3b8267-0eb5-482a-b047-96f35dd425b1","ts":"2026-08-13T01:26:10.998+02:00","source":{"id":"0","name":"eventBus"}}
{"__type":"$$EventMessageWorkflow","id":"cae8d792-d6de-4cf9-8a6e-605438ede4c0","ts":"2026-08-13T01:26:10.998+02:00","eventName":"n8n.workflow.success","message":"n8n.workflow.success","payload":{"executionId":"111","success":true,"isManual":false,"mode":"trigger","workflowId":"kKl5ZpUOmLIr9hZt","workflowName":"odoo-training","projectId":"VP8sweUdS4KlmzVv","projectName":"demo demo <demo@email.com>"}}
{"__type":"$$EventMessageConfirm","confirm":"cae8d792-d6de-4cf9-8a6e-605438ede4c0","ts":"2026-08-13T01:26:10.998+02:00","source":{"id":"0","name":"eventBus"}}
{"__type":"$$EventMessageWorkflow","id":"36f8b7e8-fcde-4b2b-8554-779d9b58d2fb","ts":"2026-08-13T01:28:11.576+02:00","eventName":"n8n.workflow.started","message":"n8n.workflow.started","payload":{"executionId":"112","workflowId":"kKl5ZpUOmLIr9hZt","isManual":false,"mode":"trigger","workflowName":"odoo-training","projectId":"VP8sweUdS4KlmzVv","projectName":"demo demo <demo@email.com>"}}
{"__type":"$$EventMessageConfirm","confirm":"36f8b7e8-fcde-4b2b-8554-779d9b58d2fb","ts":"2026-08-13T01:28:11.577+02:00","source":{"id":"0","name":"eventBus"}}
{"__type":"$$EventMessageNode","id":"75bae953-adb7-4705-a250-44cdb9021b4f","ts":"2026-08-13T01:28:11.577+02:00","eventName":"n8n.node.started","message":"n8n.node.started","payload":{"workflowId":"kKl5ZpUOmLIr9hZt","workflowName":"odoo-training","executionId":"112","nodeType":"n8n-nodes-base.scheduleTrigger","nodeName":"Schedule Trigger","nodeId":"6fdbe563-00a3-4068-ad19-45e249244722"}}
{"__type":"$$EventMessageConfirm","confirm":"75bae953-adb7-4705-a250-44cdb9021b4f","ts":"2026-08-13T01:28:11.577+02:00","source":{"id":"0","name":"eventBus"}}
{"__type":"$$EventMessageAudit","id":"91fbd0c0-caf3-4600-a8b3-93721c05f941","ts":"2026-08-13T01:28:11.577+02:00","eventName":"n8n.audit.workflow.executed","message":"n8n.audit.workflow.executed","payload":{"workflowId":"kKl5ZpUOmLIr9hZt","workflowName":"odoo-training","executionId":"112","projectId":"VP8sweUdS4KlmzVv","projectName":"demo demo <demo@email.com>","source":"trigger"}}
{"__type":"$$EventMessageConfirm","confirm":"91fbd0c0-caf3-4600-a8b3-93721c05f941","ts":"2026-08-13T01:28:11.577+02:00","source":{"id":"0","name":"eventBus"}}
{"__type":"$$EventMessageNode","id":"342ce2b7-12e2-4d74-9522-d7c7d66c49b2","ts":"2026-08-13T01:28:11.578+02:00","eventName":"n8n.node.finished","message":"n8n.node.finished","payload":{"workflowId":"kKl5ZpUOmLIr9hZt","workflowName":"odoo-training","executionId":"112","nodeType":"n8n-nodes-base.scheduleTrigger","nodeName":"Schedule Trigger","nodeId":"6fdbe563-00a3-4068-ad19-45e249244722"}}
{"__type":"$$EventMessageConfirm","confirm":"342ce2b7-12e2-4d74-9522-d7c7d66c49b2","ts":"2026-08-13T01:28:11.578+02:00","source":{"id":"0","name":"eventBus"}}
{"__type":"$$EventMessageNode","id":"b8c599b5-3d3f-4c65-8e71-8671272a59d3","ts":"2026-08-13T01:28:11.578+02:00","eventName":"n8n.node.started","message":"n8n.node.started","payload":{"workflowId":"kKl5ZpUOmLIr9hZt","workflowName":"odoo-training","executionId":"112","nodeType":"n8n-nodes-base.httpRequest","nodeName":"HTTP Request","nodeId":"590167ab-fc5e-43de-ad94-46fd7d505b03"}}
{"__type":"$$EventMessageConfirm","confirm":"b8c599b5-3d3f-4c65-8e71-8671272a59d3","ts":"2026-08-13T01:28:11.578+02:00","source":{"id":"0","name":"eventBus"}}
{"__type":"$$EventMessageNode","id":"301550b6-1cf1-4105-84ba-f348cfeb3dc4","ts":"2026-08-13T01:28:12.045+02:00","eventName":"n8n.node.finished","message":"n8n.node.finished","payload":{"workflowId":"kKl5ZpUOmLIr9hZt","workflowName":"odoo-training","executionId":"112","nodeType":"n8n-nodes-base.httpRequest","nodeName":"HTTP Request","nodeId":"590167ab-fc5e-43de-ad94-46fd7d505b03"}}
{"__type":"$$EventMessageConfirm","confirm":"301550b6-1cf1-4105-84ba-f348cfeb3dc4","ts":"2026-08-13T01:28:12.045+02:00","source":{"id":"0","name":"eventBus"}}
{"__type":"$$EventMessageWorkflow","id":"f49e03dd-9811-4b10-8858-9214af45deea","ts":"2026-08-13T01:28:12.046+02:00","eventName":"n8n.workflow.success","message":"n8n.workflow.success","payload":{"executionId":"112","success":true,"isManual":false,"mode":"trigger","workflowId":"kKl5ZpUOmLIr9hZt","workflowName":"odoo-training","projectId":"VP8sweUdS4KlmzVv","projectName":"demo demo <demo@email.com>"}}
{"__type":"$$EventMessageConfirm","confirm":"f49e03dd-9811-4b10-8858-9214af45deea","ts":"2026-08-13T01:28:12.046+02:00","source":{"id":"0","name":"eventBus"}}
{"__type":"$$EventMessageWorkflow","id":"7b34e4a8-8fb5-4474-bced-1d74fddd1bed","ts":"2026-08-13T01:30:11.796+02:00","eventName":"n8n.workflow.started","message":"n8n.workflow.started","payload":{"executionId":"113","workflowId":"kKl5ZpUOmLIr9hZt","isManual":false,"mode":"trigger","workflowName":"odoo-training","projectId":"VP8sweUdS4KlmzVv","projectName":"demo demo <demo@email.com>"}}
{"__type":"$$EventMessageConfirm","confirm":"7b34e4a8-8fb5-4474-bced-1d74fddd1bed","ts":"2026-08-13T01:30:11.796+02:00","source":{"id":"0","name":"eventBus"}}
{"__type":"$$EventMessageNode","id":"e15a6c45-d69d-40cf-9637-d4a2c0b13f6c","ts":"2026-08-13T01:30:11.796+02:00","eventName":"n8n.node.started","message":"n8n.node.started","payload":{"workflowId":"kKl5ZpUOmLIr9hZt","workflowName":"odoo-training","executionId":"113","nodeType":"n8n-nodes-base.scheduleTrigger","nodeName":"Schedule Trigger","nodeId":"6fdbe563-00a3-4068-ad19-45e249244722"}}
{"__type":"$$EventMessageConfirm","confirm":"e15a6c45-d69d-40cf-9637-d4a2c0b13f6c","ts":"2026-08-13T01:30:11.796+02:00","source":{"id":"0","name":"eventBus"}}
{"__type":"$$EventMessageAudit","id":"4263def0-7b08-42c5-a8fd-345f430697f6","ts":"2026-08-13T01:30:11.796+02:00","eventName":"n8n.audit.workflow.executed","message":"n8n.audit.workflow.executed","payload":{"workflowId":"kKl5ZpUOmLIr9hZt","workflowName":"odoo-training","executionId":"113","projectId":"VP8sweUdS4KlmzVv","projectName":"demo demo <demo@email.com>","source":"trigger"}}
{"__type":"$$EventMessageConfirm","confirm":"4263def0-7b08-42c5-a8fd-345f430697f6","ts":"2026-08-13T01:30:11.796+02:00","source":{"id":"0","name":"eventBus"}}
{"__type":"$$EventMessageNode","id":"082eecd5-8525-47f6-b87f-b6cd83921c0f","ts":"2026-08-13T01:30:11.797+02:00","eventName":"n8n.node.finished","message":"n8n.node.finished","payload":{"workflowId":"kKl5ZpUOmLIr9hZt","workflowName":"odoo-training","executionId":"113","nodeType":"n8n-nodes-base.scheduleTrigger","nodeName":"Schedule Trigger","nodeId":"6fdbe563-00a3-4068-ad19-45e249244722"}}
{"__type":"$$EventMessageConfirm","confirm":"082eecd5-8525-47f6-b87f-b6cd83921c0f","ts":"2026-08-13T01:30:11.797+02:00","source":{"id":"0","name":"eventBus"}}
{"__type":"$$EventMessageNode","id":"ce8817eb-2c51-4ce0-b547-4cd991e537e0","ts":"2026-08-13T01:30:11.797+02:00","eventName":"n8n.node.started","message":"n8n.node.started","payload":{"workflowId":"kKl5ZpUOmLIr9hZt","workflowName":"odoo-training","executionId":"113","nodeType":"n8n-nodes-base.httpRequest","nodeName":"HTTP Request","nodeId":"590167ab-fc5e-43de-ad94-46fd7d505b03"}}
{"__type":"$$EventMessageConfirm","confirm":"ce8817eb-2c51-4ce0-b547-4cd991e537e0","ts":"2026-08-13T01:30:11.797+02:00","source":{"id":"0","name":"eventBus"}}
{"__type":"$$EventMessageNode","id":"5f723c56-e4e7-4afb-a428-3f83361d2d05","ts":"2026-08-13T01:30:14.552+02:00","eventName":"n8n.node.finished","message":"n8n.node.finished","payload":{"workflowId":"kKl5ZpUOmLIr9hZt","workflowName":"odoo-training","executionId":"113","nodeType":"n8n-nodes-base.httpRequest","nodeName":"HTTP Request","nodeId":"590167ab-fc5e-43de-ad94-46fd7d505b03"}}
{"__type":"$$EventMessageConfirm","confirm":"5f723c56-e4e7-4afb-a428-3f83361d2d05","ts":"2026-08-13T01:30:14.553+02:00","source":{"id":"0","name":"eventBus"}}
{"__type":"$$EventMessageWorkflow","id":"7ea0054f-fff5-43bd-9045-060308c4b588","ts":"2026-08-13T01:30:14.553+02:00","eventName":"n8n.workflow.success","message":"n8n.workflow.success","payload":{"executionId":"113","success":true,"isManual":false,"mode":"trigger","workflowId":"kKl5ZpUOmLIr9hZt","workflowName":"odoo-training","projectId":"VP8sweUdS4KlmzVv","projectName":"demo demo <demo@email.com>"}}
{"__type":"$$EventMessageConfirm","confirm":"7ea0054f-fff5-43bd-9045-060308c4b588","ts":"2026-08-13T01:30:14.553+02:00","source":{"id":"0","name":"eventBus"}}
{"__type":"$$EventMessageWorkflow","id":"8bbb090c-589a-4899-bad3-ee02264a8009","ts":"2026-08-13T01:32:12.983+02:00","eventName":"n8n.workflow.started","message":"n8n.workflow.started","payload":{"executionId":"114","workflowId":"kKl5ZpUOmLIr9hZt","isManual":false,"mode":"trigger","workflowName":"odoo-training","projectId":"VP8sweUdS4KlmzVv","projectName":"demo demo <demo@email.com>"}}
{"__type":"$$EventMessageConfirm","confirm":"8bbb090c-589a-4899-bad3-ee02264a8009","ts":"2026-08-13T01:32:12.983+02:00","source":{"id":"0","name":"eventBus"}}
{"__type":"$$EventMessageNode","id":"98ea74b5-a28b-48a8-b028-167500b81486","ts":"2026-08-13T01:32:12.984+02:00","eventName":"n8n.node.started","message":"n8n.node.started","payload":{"workflowId":"kKl5ZpUOmLIr9hZt","workflowName":"odoo-training","executionId":"114","nodeType":"n8n-nodes-base.scheduleTrigger","nodeName":"Schedule Trigger","nodeId":"6fdbe563-00a3-4068-ad19-45e249244722"}}
{"__type":"$$EventMessageConfirm","confirm":"98ea74b5-a28b-48a8-b028-167500b81486","ts":"2026-08-13T01:32:12.984+02:00","source":{"id":"0","name":"eventBus"}}
{"__type":"$$EventMessageAudit","id":"96487c8d-a8cf-409c-82ea-0122edb21457","ts":"2026-08-13T01:32:12.984+02:00","eventName":"n8n.audit.workflow.executed","message":"n8n.audit.workflow.executed","payload":{"workflowId":"kKl5ZpUOmLIr9hZt","workflowName":"odoo-training","executionId":"114","projectId":"VP8sweUdS4KlmzVv","projectName":"demo demo <demo@email.com>","source":"trigger"}}
{"__type":"$$EventMessageConfirm","confirm":"96487c8d-a8cf-409c-82ea-0122edb21457","ts":"2026-08-13T01:32:12.984+02:00","source":{"id":"0","name":"eventBus"}}
{"__type":"$$EventMessageNode","id":"cfe6b44a-b7b5-47b2-b29d-ff2ad6e64a2c","ts":"2026-08-13T01:32:12.984+02:00","eventName":"n8n.node.finished","message":"n8n.node.finished","payload":{"workflowId":"kKl5ZpUOmLIr9hZt","workflowName":"odoo-training","executionId":"114","nodeType":"n8n-nodes-base.scheduleTrigger","nodeName":"Schedule Trigger","nodeId":"6fdbe563-00a3-4068-ad19-45e249244722"}}
{"__type":"$$EventMessageConfirm","confirm":"cfe6b44a-b7b5-47b2-b29d-ff2ad6e64a2c","ts":"2026-08-13T01:32:12.984+02:00","source":{"id":"0","name":"eventBus"}}
{"__type":"$$EventMessageNode","id":"e913da55-7ba9-4360-a1ce-1f7055511e0f","ts":"2026-08-13T01:32:12.984+02:00","eventName":"n8n.node.started","message":"n8n.node.started","payload":{"workflowId":"kKl5ZpUOmLIr9hZt","workflowName":"odoo-training","executionId":"114","nodeType":"n8n-nodes-base.httpRequest","nodeName":"HTTP Request","nodeId":"590167ab-fc5e-43de-ad94-46fd7d505b03"}}
{"__type":"$$EventMessageConfirm","confirm":"e913da55-7ba9-4360-a1ce-1f7055511e0f","ts":"2026-08-13T01:32:12.984+02:00","source":{"id":"0","name":"eventBus"}}
{"__type":"$$EventMessageNode","id":"2ca6e47d-bd3e-4d52-b9b0-22382b614cbb","ts":"2026-08-13T01:32:13.468+02:00","eventName":"n8n.node.finished","message":"n8n.node.finished","payload":{"workflowId":"kKl5ZpUOmLIr9hZt","workflowName":"odoo-training","executionId":"114","nodeType":"n8n-nodes-base.httpRequest","nodeName":"HTTP Request","nodeId":"590167ab-fc5e-43de-ad94-46fd7d505b03"}}
{"__type":"$$EventMessageConfirm","confirm":"2ca6e47d-bd3e-4d52-b9b0-22382b614cbb","ts":"2026-08-13T01:32:13.468+02:00","source":{"id":"0","name":"eventBus"}}
{"__type":"$$EventMessageWorkflow","id":"e6c0c046-fb52-407a-b2f1-b88b1f48cdf0","ts":"2026-08-13T01:32:13.468+02:00","eventName":"n8n.workflow.success","message":"n8n.workflow.success","payload":{"executionId":"114","success":true,"isManual":false,"mode":"trigger","workflowId":"kKl5ZpUOmLIr9hZt","workflowName":"odoo-training","projectId":"VP8sweUdS4KlmzVv","projectName":"demo demo <demo@email.com>"}}
{"__type":"$$EventMessageConfirm","confirm":"e6c0c046-fb52-407a-b2f1-b88b1f48cdf0","ts":"2026-08-13T01:32:13.468+02:00","source":{"id":"0","name":"eventBus"}}
{"__type":"$$EventMessageWorkflow","id":"6cf08eef-c6d6-4881-9fb6-ea0919ae92e2","ts":"2026-08-13T14:24:51.120+02:00","eventName":"n8n.workflow.started","message":"n8n.workflow.started","payload":{"executionId":"115","workflowId":"kKl5ZpUOmLIr9hZt","isManual":false,"mode":"trigger","workflowName":"odoo-training","projectId":"VP8sweUdS4KlmzVv","projectName":"demo demo <demo@email.com>"}}
{"__type":"$$EventMessageConfirm","confirm":"6cf08eef-c6d6-4881-9fb6-ea0919ae92e2","ts":"2026-08-13T14:24:51.121+02:00","source":{"id":"0","name":"eventBus"}}
{"__type":"$$EventMessageNode","id":"4cb7dbfc-8b10-480f-9d39-5b8aa8da68de","ts":"2026-08-13T14:24:51.121+02:00","eventName":"n8n.node.started","message":"n8n.node.started","payload":{"workflowId":"kKl5ZpUOmLIr9hZt","workflowName":"odoo-training","executionId":"115","nodeType":"n8n-nodes-base.scheduleTrigger","nodeName":"Schedule Trigger","nodeId":"6fdbe563-00a3-4068-ad19-45e249244722"}}
{"__type":"$$EventMessageConfirm","confirm":"4cb7dbfc-8b10-480f-9d39-5b8aa8da68de","ts":"2026-08-13T14:24:51.122+02:00","source":{"id":"0","name":"eventBus"}}
{"__type":"$$EventMessageAudit","id":"22a1db6f-13f3-4c4c-a184-41209fd9c72f","ts":"2026-08-13T14:24:51.122+02:00","eventName":"n8n.audit.workflow.executed","message":"n8n.audit.workflow.executed","payload":{"workflowId":"kKl5ZpUOmLIr9hZt","workflowName":"odoo-training","executionId":"115","projectId":"VP8sweUdS4KlmzVv","projectName":"demo demo <demo@email.com>","source":"trigger"}}
{"__type":"$$EventMessageConfirm","confirm":"22a1db6f-13f3-4c4c-a184-41209fd9c72f","ts":"2026-08-13T14:24:51.122+02:00","source":{"id":"0","name":"eventBus"}}
{"__type":"$$EventMessageNode","id":"46d7e87a-ac8d-4e57-8614-b160d9b3c996","ts":"2026-08-13T14:24:51.123+02:00","eventName":"n8n.node.finished","message":"n8n.node.finished","payload":{"workflowId":"kKl5ZpUOmLIr9hZt","workflowName":"odoo-training","executionId":"115","nodeType":"n8n-nodes-base.scheduleTrigger","nodeName":"Schedule Trigger","nodeId":"6fdbe563-00a3-4068-ad19-45e249244722"}}
{"__type":"$$EventMessageConfirm","confirm":"46d7e87a-ac8d-4e57-8614-b160d9b3c996","ts":"2026-08-13T14:24:51.123+02:00","source":{"id":"0","name":"eventBus"}}
{"__type":"$$EventMessageNode","id":"6a84bfce-6232-414b-bfac-092e975aafd9","ts":"2026-08-13T14:24:51.123+02:00","eventName":"n8n.node.started","message":"n8n.node.started","payload":{"workflowId":"kKl5ZpUOmLIr9hZt","workflowName":"odoo-training","executionId":"115","nodeType":"n8n-nodes-base.httpRequest","nodeName":"HTTP Request","nodeId":"590167ab-fc5e-43de-ad94-46fd7d505b03"}}
{"__type":"$$EventMessageConfirm","confirm":"6a84bfce-6232-414b-bfac-092e975aafd9","ts":"2026-08-13T14:24:51.123+02:00","source":{"id":"0","name":"eventBus"}}
{"__type":"$$EventMessageNode","id":"5ae8e811-c773-4386-882d-ef6ab0b75483","ts":"2026-08-13T14:24:52.374+02:00","eventName":"n8n.node.finished","message":"n8n.node.finished","payload":{"workflowId":"kKl5ZpUOmLIr9hZt","workflowName":"odoo-training","executionId":"115","nodeType":"n8n-nodes-base.httpRequest","nodeName":"HTTP Request","nodeId":"590167ab-fc5e-43de-ad94-46fd7d505b03"}}
{"__type":"$$EventMessageConfirm","confirm":"5ae8e811-c773-4386-882d-ef6ab0b75483","ts":"2026-08-13T14:24:52.374+02:00","source":{"id":"0","name":"eventBus"}}
{"__type":"$$EventMessageWorkflow","id":"5e073120-92cd-421f-ba44-851630f3f881","ts":"2026-08-13T14:24:52.374+02:00","eventName":"n8n.workflow.success","message":"n8n.workflow.success","payload":{"executionId":"115","success":true,"isManual":false,"mode":"trigger","workflowId":"kKl5ZpUOmLIr9hZt","workflowName":"odoo-training","projectId":"VP8sweUdS4KlmzVv","projectName":"demo demo <demo@email.com>"}}
{"__type":"$$EventMessageConfirm","confirm":"5e073120-92cd-421f-ba44-851630f3f881","ts":"2026-08-13T14:24:52.375+02:00","source":{"id":"0","name":"eventBus"}}
{"__type":"$$EventMessageWorkflow","id":"189872ad-0b9c-4a9f-a407-423f498b9a49","ts":"2026-08-13T15:12:32.495+02:00","eventName":"n8n.workflow.started","message":"n8n.workflow.started","payload":{"executionId":"116","workflowId":"kKl5ZpUOmLIr9hZt","isManual":false,"mode":"trigger","workflowName":"odoo-training","projectId":"VP8sweUdS4KlmzVv","projectName":"demo demo <demo@email.com>"}}
{"__type":"$$EventMessageConfirm","confirm":"189872ad-0b9c-4a9f-a407-423f498b9a49","ts":"2026-08-13T15:12:32.495+02:00","source":{"id":"0","name":"eventBus"}}
{"__type":"$$EventMessageNode","id":"cdef6b43-b9a7-4cc8-8d34-cf3c3d59eb5d","ts":"2026-08-13T15:12:32.496+02:00","eventName":"n8n.node.started","message":"n8n.node.started","payload":{"workflowId":"kKl5ZpUOmLIr9hZt","workflowName":"odoo-training","executionId":"116","nodeType":"n8n-nodes-base.scheduleTrigger","nodeName":"Schedule Trigger","nodeId":"6fdbe563-00a3-4068-ad19-45e249244722"}}
{"__type":"$$EventMessageConfirm","confirm":"cdef6b43-b9a7-4cc8-8d34-cf3c3d59eb5d","ts":"2026-08-13T15:12:32.496+02:00","source":{"id":"0","name":"eventBus"}}
{"__type":"$$EventMessageAudit","id":"8ab08b69-64ae-4d92-b894-baad9f5295b9","ts":"2026-08-13T15:12:32.496+02:00","eventName":"n8n.audit.workflow.executed","message":"n8n.audit.workflow.executed","payload":{"workflowId":"kKl5ZpUOmLIr9hZt","workflowName":"odoo-training","executionId":"116","projectId":"VP8sweUdS4KlmzVv","projectName":"demo demo <demo@email.com>","source":"trigger"}}
{"__type":"$$EventMessageConfirm","confirm":"8ab08b69-64ae-4d92-b894-baad9f5295b9","ts":"2026-08-13T15:12:32.496+02:00","source":{"id":"0","name":"eventBus"}}
{"__type":"$$EventMessageNode","id":"57fa9785-8e5e-4115-961e-a33bbce0893f","ts":"2026-08-13T15:12:32.496+02:00","eventName":"n8n.node.finished","message":"n8n.node.finished","payload":{"workflowId":"kKl5ZpUOmLIr9hZt","workflowName":"odoo-training","executionId":"116","nodeType":"n8n-nodes-base.scheduleTrigger","nodeName":"Schedule Trigger","nodeId":"6fdbe563-00a3-4068-ad19-45e249244722"}}
{"__type":"$$EventMessageConfirm","confirm":"57fa9785-8e5e-4115-961e-a33bbce0893f","ts":"2026-08-13T15:12:32.496+02:00","source":{"id":"0","name":"eventBus"}}
{"__type":"$$EventMessageNode","id":"a91037f2-bfd5-45ec-a645-b4d4f3658612","ts":"2026-08-13T15:12:32.497+02:00","eventName":"n8n.node.started","message":"n8n.node.started","payload":{"workflowId":"kKl5ZpUOmLIr9hZt","workflowName":"odoo-training","executionId":"116","nodeType":"n8n-nodes-base.httpRequest","nodeName":"HTTP Request","nodeId":"590167ab-fc5e-43de-ad94-46fd7d505b03"}}
{"__type":"$$EventMessageConfirm","confirm":"a91037f2-bfd5-45ec-a645-b4d4f3658612","ts":"2026-08-13T15:12:32.497+02:00","source":{"id":"0","name":"eventBus"}}
{"__type":"$$EventMessageNode","id":"a330cab9-9e23-41fb-8c87-ae30e020bf92","ts":"2026-08-13T15:12:33.096+02:00","eventName":"n8n.node.finished","message":"n8n.node.finished","payload":{"workflowId":"kKl5ZpUOmLIr9hZt","workflowName":"odoo-training","executionId":"116","nodeType":"n8n-nodes-base.httpRequest","nodeName":"HTTP Request","nodeId":"590167ab-fc5e-43de-ad94-46fd7d505b03"}}
{"__type":"$$EventMessageConfirm","confirm":"a330cab9-9e23-41fb-8c87-ae30e020bf92","ts":"2026-08-13T15:12:33.096+02:00","source":{"id":"0","name":"eventBus"}}
{"__type":"$$EventMessageWorkflow","id":"36f34217-1948-4d97-bb61-c33b501b17e4","ts":"2026-08-13T15:12:33.097+02:00","eventName":"n8n.workflow.success","message":"n8n.workflow.success","payload":{"executionId":"116","success":true,"isManual":false,"mode":"trigger","workflowId":"kKl5ZpUOmLIr9hZt","workflowName":"odoo-training","projectId":"VP8sweUdS4KlmzVv","projectName":"demo demo <demo@email.com>"}}
{"__type":"$$EventMessageConfirm","confirm":"36f34217-1948-4d97-bb61-c33b501b17e4","ts":"2026-08-13T15:12:33.097+02:00","source":{"id":"0","name":"eventBus"}}
{"__type":"$$EventMessageWorkflow","id":"c77ed728-df14-41d9-b5c9-a10e80fe2589","ts":"2026-08-13T15:14:05.832+02:00","eventName":"n8n.workflow.started","message":"n8n.workflow.started","payload":{"executionId":"117","workflowId":"kKl5ZpUOmLIr9hZt","isManual":false,"mode":"trigger","workflowName":"odoo-training","projectId":"VP8sweUdS4KlmzVv","projectName":"demo demo <demo@email.com>"}}
{"__type":"$$EventMessageConfirm","confirm":"c77ed728-df14-41d9-b5c9-a10e80fe2589","ts":"2026-08-13T15:14:05.832+02:00","source":{"id":"0","name":"eventBus"}}
{"__type":"$$EventMessageNode","id":"2ce8e890-3b88-4e80-893f-bab1e011a36c","ts":"2026-08-13T15:14:05.832+02:00","eventName":"n8n.node.started","message":"n8n.node.started","payload":{"workflowId":"kKl5ZpUOmLIr9hZt","workflowName":"odoo-training","executionId":"117","nodeType":"n8n-nodes-base.scheduleTrigger","nodeName":"Schedule Trigger","nodeId":"6fdbe563-00a3-4068-ad19-45e249244722"}}
{"__type":"$$EventMessageConfirm","confirm":"2ce8e890-3b88-4e80-893f-bab1e011a36c","ts":"2026-08-13T15:14:05.832+02:00","source":{"id":"0","name":"eventBus"}}
{"__type":"$$EventMessageAudit","id":"b595a386-da3e-4bcc-8a77-61acd1692b27","ts":"2026-08-13T15:14:05.832+02:00","eventName":"n8n.audit.workflow.executed","message":"n8n.audit.workflow.executed","payload":{"workflowId":"kKl5ZpUOmLIr9hZt","workflowName":"odoo-training","executionId":"117","projectId":"VP8sweUdS4KlmzVv","projectName":"demo demo <demo@email.com>","source":"trigger"}}
{"__type":"$$EventMessageConfirm","confirm":"b595a386-da3e-4bcc-8a77-61acd1692b27","ts":"2026-08-13T15:14:05.833+02:00","source":{"id":"0","name":"eventBus"}}
{"__type":"$$EventMessageNode","id":"4a4c8f04-3192-44ee-b398-982d71959a94","ts":"2026-08-13T15:14:05.833+02:00","eventName":"n8n.node.finished","message":"n8n.node.finished","payload":{"workflowId":"kKl5ZpUOmLIr9hZt","workflowName":"odoo-training","executionId":"117","nodeType":"n8n-nodes-base.scheduleTrigger","nodeName":"Schedule Trigger","nodeId":"6fdbe563-00a3-4068-ad19-45e249244722"}}
{"__type":"$$EventMessageConfirm","confirm":"4a4c8f04-3192-44ee-b398-982d71959a94","ts":"2026-08-13T15:14:05.833+02:00","source":{"id":"0","name":"eventBus"}}
{"__type":"$$EventMessageNode","id":"aa7fc7b9-e6fa-464a-8765-eb12ac673165","ts":"2026-08-13T15:14:05.833+02:00","eventName":"n8n.node.started","message":"n8n.node.started","payload":{"workflowId":"kKl5ZpUOmLIr9hZt","workflowName":"odoo-training","executionId":"117","nodeType":"n8n-nodes-base.httpRequest","nodeName":"HTTP Request","nodeId":"590167ab-fc5e-43de-ad94-46fd7d505b03"}}
{"__type":"$$EventMessageConfirm","confirm":"aa7fc7b9-e6fa-464a-8765-eb12ac673165","ts":"2026-08-13T15:14:05.833+02:00","source":{"id":"0","name":"eventBus"}}
{"__type":"$$EventMessageNode","id":"38659630-9252-44c6-951f-2fbeeb133460","ts":"2026-08-13T15:14:06.342+02:00","eventName":"n8n.node.finished","message":"n8n.node.finished","payload":{"workflowId":"kKl5ZpUOmLIr9hZt","workflowName":"odoo-training","executionId":"117","nodeType":"n8n-nodes-base.httpRequest","nodeName":"HTTP Request","nodeId":"590167ab-fc5e-43de-ad94-46fd7d505b03"}}
{"__type":"$$EventMessageConfirm","confirm":"38659630-9252-44c6-951f-2fbeeb133460","ts":"2026-08-13T15:14:06.342+02:00","source":{"id":"0","name":"eventBus"}}
{"__type":"$$EventMessageWorkflow","id":"f380cf1f-b490-41e7-bdb0-ca1c56a7da26","ts":"2026-08-13T15:14:06.342+02:00","eventName":"n8n.workflow.success","message":"n8n.workflow.success","payload":{"executionId":"117","success":true,"isManual":false,"mode":"trigger","workflowId":"kKl5ZpUOmLIr9hZt","workflowName":"odoo-training","projectId":"VP8sweUdS4KlmzVv","projectName":"demo demo <demo@email.com>"}}
{"__type":"$$EventMessageConfirm","confirm":"f380cf1f-b490-41e7-bdb0-ca1c56a7da26","ts":"2026-08-13T15:14:06.342+02:00","source":{"id":"0","name":"eventBus"}}
{"__type":"$$EventMessageWorkflow","id":"a4040547-4718-42fc-8f7f-f9aa35f1fbb4","ts":"2026-08-13T15:16:15.214+02:00","eventName":"n8n.workflow.started","message":"n8n.workflow.started","payload":{"executionId":"118","workflowId":"kKl5ZpUOmLIr9hZt","isManual":false,"mode":"trigger","workflowName":"odoo-training","projectId":"VP8sweUdS4KlmzVv","projectName":"demo demo <demo@email.com>"}}
{"__type":"$$EventMessageConfirm","confirm":"a4040547-4718-42fc-8f7f-f9aa35f1fbb4","ts":"2026-08-13T15:16:15.214+02:00","source":{"id":"0","name":"eventBus"}}
{"__type":"$$EventMessageNode","id":"258413ec-66f8-4334-b20b-2c9defc22967","ts":"2026-08-13T15:16:15.215+02:00","eventName":"n8n.node.started","message":"n8n.node.started","payload":{"workflowId":"kKl5ZpUOmLIr9hZt","workflowName":"odoo-training","executionId":"118","nodeType":"n8n-nodes-base.scheduleTrigger","nodeName":"Schedule Trigger","nodeId":"6fdbe563-00a3-4068-ad19-45e249244722"}}
{"__type":"$$EventMessageConfirm","confirm":"258413ec-66f8-4334-b20b-2c9defc22967","ts":"2026-08-13T15:16:15.215+02:00","source":{"id":"0","name":"eventBus"}}
{"__type":"$$EventMessageAudit","id":"e5acdd04-d29e-4b5b-b242-63cb11ef2e94","ts":"2026-08-13T15:16:15.215+02:00","eventName":"n8n.audit.workflow.executed","message":"n8n.audit.workflow.executed","payload":{"workflowId":"kKl5ZpUOmLIr9hZt","workflowName":"odoo-training","executionId":"118","projectId":"VP8sweUdS4KlmzVv","projectName":"demo demo <demo@email.com>","source":"trigger"}}
{"__type":"$$EventMessageConfirm","confirm":"e5acdd04-d29e-4b5b-b242-63cb11ef2e94","ts":"2026-08-13T15:16:15.215+02:00","source":{"id":"0","name":"eventBus"}}
{"__type":"$$EventMessageNode","id":"83d8cce6-635e-4a0d-b700-3523d16c36c2","ts":"2026-08-13T15:16:15.215+02:00","eventName":"n8n.node.finished","message":"n8n.node.finished","payload":{"workflowId":"kKl5ZpUOmLIr9hZt","workflowName":"odoo-training","executionId":"118","nodeType":"n8n-nodes-base.scheduleTrigger","nodeName":"Schedule Trigger","nodeId":"6fdbe563-00a3-4068-ad19-45e249244722"}}
{"__type":"$$EventMessageConfirm","confirm":"83d8cce6-635e-4a0d-b700-3523d16c36c2","ts":"2026-08-13T15:16:15.215+02:00","source":{"id":"0","name":"eventBus"}}
{"__type":"$$EventMessageNode","id":"9fa74c47-0f9c-470b-a6c2-6740b627e3bb","ts":"2026-08-13T15:16:15.215+02:00","eventName":"n8n.node.started","message":"n8n.node.started","payload":{"workflowId":"kKl5ZpUOmLIr9hZt","workflowName":"odoo-training","executionId":"118","nodeType":"n8n-nodes-base.httpRequest","nodeName":"HTTP Request","nodeId":"590167ab-fc5e-43de-ad94-46fd7d505b03"}}
{"__type":"$$EventMessageConfirm","confirm":"9fa74c47-0f9c-470b-a6c2-6740b627e3bb","ts":"2026-08-13T15:16:15.215+02:00","source":{"id":"0","name":"eventBus"}}
{"__type":"$$EventMessageNode","id":"cdbd4575-cf45-4962-ab12-5df092942f20","ts":"2026-08-13T15:16:15.835+02:00","eventName":"n8n.node.finished","message":"n8n.node.finished","payload":{"workflowId":"kKl5ZpUOmLIr9hZt","workflowName":"odoo-training","executionId":"118","nodeType":"n8n-nodes-base.httpRequest","nodeName":"HTTP Request","nodeId":"590167ab-fc5e-43de-ad94-46fd7d505b03"}}
{"__type":"$$EventMessageConfirm","confirm":"cdbd4575-cf45-4962-ab12-5df092942f20","ts":"2026-08-13T15:16:15.836+02:00","source":{"id":"0","name":"eventBus"}}
{"__type":"$$EventMessageWorkflow","id":"d796d952-e654-461f-a7e7-adbd58889e2a","ts":"2026-08-13T15:16:15.836+02:00","eventName":"n8n.workflow.success","message":"n8n.workflow.success","payload":{"executionId":"118","success":true,"isManual":false,"mode":"trigger","workflowId":"kKl5ZpUOmLIr9hZt","workflowName":"odoo-training","projectId":"VP8sweUdS4KlmzVv","projectName":"demo demo <demo@email.com>"}}
{"__type":"$$EventMessageConfirm","confirm":"d796d952-e654-461f-a7e7-adbd58889e2a","ts":"2026-08-13T15:16:15.836+02:00","source":{"id":"0","name":"eventBus"}}
{"__type":"$$EventMessageWorkflow","id":"f0b137a0-c19b-418c-a2f6-b6b611f483d8","ts":"2026-08-13T15:18:12.803+02:00","eventName":"n8n.workflow.started","message":"n8n.workflow.started","payload":{"executionId":"119","workflowId":"kKl5ZpUOmLIr9hZt","isManual":false,"mode":"trigger","workflowName":"odoo-training","projectId":"VP8sweUdS4KlmzVv","projectName":"demo demo <demo@email.com>"}}
{"__type":"$$EventMessageConfirm","confirm":"f0b137a0-c19b-418c-a2f6-b6b611f483d8","ts":"2026-08-13T15:18:12.803+02:00","source":{"id":"0","name":"eventBus"}}
{"__type":"$$EventMessageNode","id":"797ce951-6d91-49df-92de-fe7dba7fe5b6","ts":"2026-08-13T15:18:12.804+02:00","eventName":"n8n.node.started","message":"n8n.node.started","payload":{"workflowId":"kKl5ZpUOmLIr9hZt","workflowName":"odoo-training","executionId":"119","nodeType":"n8n-nodes-base.scheduleTrigger","nodeName":"Schedule Trigger","nodeId":"6fdbe563-00a3-4068-ad19-45e249244722"}}
{"__type":"$$EventMessageConfirm","confirm":"797ce951-6d91-49df-92de-fe7dba7fe5b6","ts":"2026-08-13T15:18:12.804+02:00","source":{"id":"0","name":"eventBus"}}
{"__type":"$$EventMessageAudit","id":"dfc8a60c-eb2f-40ef-aeb1-842c57297610","ts":"2026-08-13T15:18:12.804+02:00","eventName":"n8n.audit.workflow.executed","message":"n8n.audit.workflow.executed","payload":{"workflowId":"kKl5ZpUOmLIr9hZt","workflowName":"odoo-training","executionId":"119","projectId":"VP8sweUdS4KlmzVv","projectName":"demo demo <demo@email.com>","source":"trigger"}}
{"__type":"$$EventMessageConfirm","confirm":"dfc8a60c-eb2f-40ef-aeb1-842c57297610","ts":"2026-08-13T15:18:12.804+02:00","source":{"id":"0","name":"eventBus"}}
{"__type":"$$EventMessageNode","id":"ce7740e3-f994-4b1b-ad69-bcaeee65d3f3","ts":"2026-08-13T15:18:12.804+02:00","eventName":"n8n.node.finished","message":"n8n.node.finished","payload":{"workflowId":"kKl5ZpUOmLIr9hZt","workflowName":"odoo-training","executionId":"119","nodeType":"n8n-nodes-base.scheduleTrigger","nodeName":"Schedule Trigger","nodeId":"6fdbe563-00a3-4068-ad19-45e249244722"}}
{"__type":"$$EventMessageConfirm","confirm":"ce7740e3-f994-4b1b-ad69-bcaeee65d3f3","ts":"2026-08-13T15:18:12.804+02:00","source":{"id":"0","name":"eventBus"}}
{"__type":"$$EventMessageNode","id":"79caf9fe-eec1-48ff-a375-b020cdf606d4","ts":"2026-08-13T15:18:12.804+02:00","eventName":"n8n.node.started","message":"n8n.node.started","payload":{"workflowId":"kKl5ZpUOmLIr9hZt","workflowName":"odoo-training","executionId":"119","nodeType":"n8n-nodes-base.httpRequest","nodeName":"HTTP Request","nodeId":"590167ab-fc5e-43de-ad94-46fd7d505b03"}}
{"__type":"$$EventMessageConfirm","confirm":"79caf9fe-eec1-48ff-a375-b020cdf606d4","ts":"2026-08-13T15:18:12.804+02:00","source":{"id":"0","name":"eventBus"}}
{"__type":"$$EventMessageNode","id":"b47f3194-bd62-494b-aa57-3a5d257b1769","ts":"2026-08-13T15:18:13.282+02:00","eventName":"n8n.node.finished","message":"n8n.node.finished","payload":{"workflowId":"kKl5ZpUOmLIr9hZt","workflowName":"odoo-training","executionId":"119","nodeType":"n8n-nodes-base.httpRequest","nodeName":"HTTP Request","nodeId":"590167ab-fc5e-43de-ad94-46fd7d505b03"}}
{"__type":"$$EventMessageConfirm","confirm":"b47f3194-bd62-494b-aa57-3a5d257b1769","ts":"2026-08-13T15:18:13.283+02:00","source":{"id":"0","name":"eventBus"}}
{"__type":"$$EventMessageWorkflow","id":"de9261b4-b96c-40d6-9fd9-74eb0b888851","ts":"2026-08-13T15:18:13.283+02:00","eventName":"n8n.workflow.success","message":"n8n.workflow.success","payload":{"executionId":"119","success":true,"isManual":false,"mode":"trigger","workflowId":"kKl5ZpUOmLIr9hZt","workflowName":"odoo-training","projectId":"VP8sweUdS4KlmzVv","projectName":"demo demo <demo@email.com>"}}
{"__type":"$$EventMessageConfirm","confirm":"de9261b4-b96c-40d6-9fd9-74eb0b888851","ts":"2026-08-13T15:18:13.283+02:00","source":{"id":"0","name":"eventBus"}}
{"__type":"$$EventMessageWorkflow","id":"a7b9eb3d-2103-4c63-89ab-0d141af36ea0","ts":"2026-08-13T15:20:12.859+02:00","eventName":"n8n.workflow.started","message":"n8n.workflow.started","payload":{"executionId":"120","workflowId":"kKl5ZpUOmLIr9hZt","isManual":false,"mode":"trigger","workflowName":"odoo-training","projectId":"VP8sweUdS4KlmzVv","projectName":"demo demo <demo@email.com>"}}
{"__type":"$$EventMessageConfirm","confirm":"a7b9eb3d-2103-4c63-89ab-0d141af36ea0","ts":"2026-08-13T15:20:12.859+02:00","source":{"id":"0","name":"eventBus"}}
{"__type":"$$EventMessageNode","id":"9ea4fe2a-b82c-4155-ac16-161bb487ca58","ts":"2026-08-13T15:20:12.860+02:00","eventName":"n8n.node.started","message":"n8n.node.started","payload":{"workflowId":"kKl5ZpUOmLIr9hZt","workflowName":"odoo-training","executionId":"120","nodeType":"n8n-nodes-base.scheduleTrigger","nodeName":"Schedule Trigger","nodeId":"6fdbe563-00a3-4068-ad19-45e249244722"}}
{"__type":"$$EventMessageConfirm","confirm":"9ea4fe2a-b82c-4155-ac16-161bb487ca58","ts":"2026-08-13T15:20:12.860+02:00","source":{"id":"0","name":"eventBus"}}
{"__type":"$$EventMessageAudit","id":"a6792396-8263-4cee-a6d1-6fc650c6eaf4","ts":"2026-08-13T15:20:12.860+02:00","eventName":"n8n.audit.workflow.executed","message":"n8n.audit.workflow.executed","payload":{"workflowId":"kKl5ZpUOmLIr9hZt","workflowName":"odoo-training","executionId":"120","projectId":"VP8sweUdS4KlmzVv","projectName":"demo demo <demo@email.com>","source":"trigger"}}
{"__type":"$$EventMessageConfirm","confirm":"a6792396-8263-4cee-a6d1-6fc650c6eaf4","ts":"2026-08-13T15:20:12.860+02:00","source":{"id":"0","name":"eventBus"}}
{"__type":"$$EventMessageNode","id":"2231ce71-d6a8-4205-9b3d-96756dabd5e7","ts":"2026-08-13T15:20:12.860+02:00","eventName":"n8n.node.finished","message":"n8n.node.finished","payload":{"workflowId":"kKl5ZpUOmLIr9hZt","workflowName":"odoo-training","executionId":"120","nodeType":"n8n-nodes-base.scheduleTrigger","nodeName":"Schedule Trigger","nodeId":"6fdbe563-00a3-4068-ad19-45e249244722"}}
{"__type":"$$EventMessageConfirm","confirm":"2231ce71-d6a8-4205-9b3d-96756dabd5e7","ts":"2026-08-13T15:20:12.860+02:00","source":{"id":"0","name":"eventBus"}}
{"__type":"$$EventMessageNode","id":"5b2a84ec-7960-4203-a905-c9aead70b5a8","ts":"2026-08-13T15:20:12.860+02:00","eventName":"n8n.node.started","message":"n8n.node.started","payload":{"workflowId":"kKl5ZpUOmLIr9hZt","workflowName":"odoo-training","executionId":"120","nodeType":"n8n-nodes-base.httpRequest","nodeName":"HTTP Request","nodeId":"590167ab-fc5e-43de-ad94-46fd7d505b03"}}
{"__type":"$$EventMessageConfirm","confirm":"5b2a84ec-7960-4203-a905-c9aead70b5a8","ts":"2026-08-13T15:20:12.860+02:00","source":{"id":"0","name":"eventBus"}}
{"__type":"$$EventMessageNode","id":"49255b3a-672b-40bf-9a4d-fcd8d96a1774","ts":"2026-08-13T15:20:13.349+02:00","eventName":"n8n.node.finished","message":"n8n.node.finished","payload":{"workflowId":"kKl5ZpUOmLIr9hZt","workflowName":"odoo-training","executionId":"120","nodeType":"n8n-nodes-base.httpRequest","nodeName":"HTTP Request","nodeId":"590167ab-fc5e-43de-ad94-46fd7d505b03"}}
{"__type":"$$EventMessageConfirm","confirm":"49255b3a-672b-40bf-9a4d-fcd8d96a1774","ts":"2026-08-13T15:20:13.349+02:00","source":{"id":"0","name":"eventBus"}}
{"__type":"$$EventMessageWorkflow","id":"35dc1182-779d-4154-ba72-40b2ff3241d8","ts":"2026-08-13T15:20:13.350+02:00","eventName":"n8n.workflow.success","message":"n8n.workflow.success","payload":{"executionId":"120","success":true,"isManual":false,"mode":"trigger","workflowId":"kKl5ZpUOmLIr9hZt","workflowName":"odoo-training","projectId":"VP8sweUdS4KlmzVv","projectName":"demo demo <demo@email.com>"}}
{"__type":"$$EventMessageConfirm","confirm":"35dc1182-779d-4154-ba72-40b2ff3241d8","ts":"2026-08-13T15:20:13.350+02:00","source":{"id":"0","name":"eventBus"}}
{"__type":"$$EventMessageWorkflow","id":"9a22751a-da86-4525-b2d5-a2f8d38834bf","ts":"2026-08-13T15:22:15.781+02:00","eventName":"n8n.workflow.started","message":"n8n.workflow.started","payload":{"executionId":"121","workflowId":"kKl5ZpUOmLIr9hZt","isManual":false,"mode":"trigger","workflowName":"odoo-training","projectId":"VP8sweUdS4KlmzVv","projectName":"demo demo <demo@email.com>"}}
{"__type":"$$EventMessageConfirm","confirm":"9a22751a-da86-4525-b2d5-a2f8d38834bf","ts":"2026-08-13T15:22:15.781+02:00","source":{"id":"0","name":"eventBus"}}
{"__type":"$$EventMessageNode","id":"f85c4b59-9891-40b5-882c-419a76972982","ts":"2026-08-13T15:22:15.781+02:00","eventName":"n8n.node.started","message":"n8n.node.started","payload":{"workflowId":"kKl5ZpUOmLIr9hZt","workflowName":"odoo-training","executionId":"121","nodeType":"n8n-nodes-base.scheduleTrigger","nodeName":"Schedule Trigger","nodeId":"6fdbe563-00a3-4068-ad19-45e249244722"}}
{"__type":"$$EventMessageConfirm","confirm":"f85c4b59-9891-40b5-882c-419a76972982","ts":"2026-08-13T15:22:15.781+02:00","source":{"id":"0","name":"eventBus"}}
{"__type":"$$EventMessageAudit","id":"14d1b45a-0845-44e6-81b4-7723fc3b53f0","ts":"2026-08-13T15:22:15.781+02:00","eventName":"n8n.audit.workflow.executed","message":"n8n.audit.workflow.executed","payload":{"workflowId":"kKl5ZpUOmLIr9hZt","workflowName":"odoo-training","executionId":"121","projectId":"VP8sweUdS4KlmzVv","projectName":"demo demo <demo@email.com>","source":"trigger"}}
{"__type":"$$EventMessageConfirm","confirm":"14d1b45a-0845-44e6-81b4-7723fc3b53f0","ts":"2026-08-13T15:22:15.782+02:00","source":{"id":"0","name":"eventBus"}}
{"__type":"$$EventMessageNode","id":"504f8478-4ddd-46e6-9ff9-6268030df8b1","ts":"2026-08-13T15:22:15.782+02:00","eventName":"n8n.node.finished","message":"n8n.node.finished","payload":{"workflowId":"kKl5ZpUOmLIr9hZt","workflowName":"odoo-training","executionId":"121","nodeType":"n8n-nodes-base.scheduleTrigger","nodeName":"Schedule Trigger","nodeId":"6fdbe563-00a3-4068-ad19-45e249244722"}}
{"__type":"$$EventMessageConfirm","confirm":"504f8478-4ddd-46e6-9ff9-6268030df8b1","ts":"2026-08-13T15:22:15.782+02:00","source":{"id":"0","name":"eventBus"}}
{"__type":"$$EventMessageNode","id":"7a24c2b4-6ea6-480e-9e09-64f52ce0a560","ts":"2026-08-13T15:22:15.782+02:00","eventName":"n8n.node.started","message":"n8n.node.started","payload":{"workflowId":"kKl5ZpUOmLIr9hZt","workflowName":"odoo-training","executionId":"121","nodeType":"n8n-nodes-base.httpRequest","nodeName":"HTTP Request","nodeId":"590167ab-fc5e-43de-ad94-46fd7d505b03"}}
{"__type":"$$EventMessageConfirm","confirm":"7a24c2b4-6ea6-480e-9e09-64f52ce0a560","ts":"2026-08-13T15:22:15.782+02:00","source":{"id":"0","name":"eventBus"}}
{"__type":"$$EventMessageNode","id":"82b73a55-a276-4f69-90a1-bc786cc00c6b","ts":"2026-08-13T15:22:16.316+02:00","eventName":"n8n.node.finished","message":"n8n.node.finished","payload":{"workflowId":"kKl5ZpUOmLIr9hZt","workflowName":"odoo-training","executionId":"121","nodeType":"n8n-nodes-base.httpRequest","nodeName":"HTTP Request","nodeId":"590167ab-fc5e-43de-ad94-46fd7d505b03"}}
{"__type":"$$EventMessageConfirm","confirm":"82b73a55-a276-4f69-90a1-bc786cc00c6b","ts":"2026-08-13T15:22:16.316+02:00","source":{"id":"0","name":"eventBus"}}
{"__type":"$$EventMessageWorkflow","id":"0b06364b-fe48-4b5f-8d89-48dd367ff4bf","ts":"2026-08-13T15:22:16.316+02:00","eventName":"n8n.workflow.success","message":"n8n.workflow.success","payload":{"executionId":"121","success":true,"isManual":false,"mode":"trigger","workflowId":"kKl5ZpUOmLIr9hZt","workflowName":"odoo-training","projectId":"VP8sweUdS4KlmzVv","projectName":"demo demo <demo@email.com>"}}
{"__type":"$$EventMessageConfirm","confirm":"0b06364b-fe48-4b5f-8d89-48dd367ff4bf","ts":"2026-08-13T15:22:16.316+02:00","source":{"id":"0","name":"eventBus"}}
{"__type":"$$EventMessageWorkflow","id":"4eff6d6b-82cc-49fb-b197-64ace9715567","ts":"2026-08-13T15:24:12.847+02:00","eventName":"n8n.workflow.started","message":"n8n.workflow.started","payload":{"executionId":"122","workflowId":"kKl5ZpUOmLIr9hZt","isManual":false,"mode":"trigger","workflowName":"odoo-training","projectId":"VP8sweUdS4KlmzVv","projectName":"demo demo <demo@email.com>"}}
{"__type":"$$EventMessageConfirm","confirm":"4eff6d6b-82cc-49fb-b197-64ace9715567","ts":"2026-08-13T15:24:12.847+02:00","source":{"id":"0","name":"eventBus"}}
{"__type":"$$EventMessageNode","id":"aaeaa009-e907-4d8d-8948-1d1c2f1a4eac","ts":"2026-08-13T15:24:12.847+02:00","eventName":"n8n.node.started","message":"n8n.node.started","payload":{"workflowId":"kKl5ZpUOmLIr9hZt","workflowName":"odoo-training","executionId":"122","nodeType":"n8n-nodes-base.scheduleTrigger","nodeName":"Schedule Trigger","nodeId":"6fdbe563-00a3-4068-ad19-45e249244722"}}
{"__type":"$$EventMessageConfirm","confirm":"aaeaa009-e907-4d8d-8948-1d1c2f1a4eac","ts":"2026-08-13T15:24:12.847+02:00","source":{"id":"0","name":"eventBus"}}
{"__type":"$$EventMessageAudit","id":"a78109d4-3710-4052-a84d-e47bfb3aa617","ts":"2026-08-13T15:24:12.848+02:00","eventName":"n8n.audit.workflow.executed","message":"n8n.audit.workflow.executed","payload":{"workflowId":"kKl5ZpUOmLIr9hZt","workflowName":"odoo-training","executionId":"122","projectId":"VP8sweUdS4KlmzVv","projectName":"demo demo <demo@email.com>","source":"trigger"}}
{"__type":"$$EventMessageConfirm","confirm":"a78109d4-3710-4052-a84d-e47bfb3aa617","ts":"2026-08-13T15:24:12.848+02:00","source":{"id":"0","name":"eventBus"}}
{"__type":"$$EventMessageNode","id":"43841c55-f7c6-4e0c-872f-727e18f5147f","ts":"2026-08-13T15:24:12.848+02:00","eventName":"n8n.node.finished","message":"n8n.node.finished","payload":{"workflowId":"kKl5ZpUOmLIr9hZt","workflowName":"odoo-training","executionId":"122","nodeType":"n8n-nodes-base.scheduleTrigger","nodeName":"Schedule Trigger","nodeId":"6fdbe563-00a3-4068-ad19-45e249244722"}}
{"__type":"$$EventMessageConfirm","confirm":"43841c55-f7c6-4e0c-872f-727e18f5147f","ts":"2026-08-13T15:24:12.848+02:00","source":{"id":"0","name":"eventBus"}}
{"__type":"$$EventMessageNode","id":"5a326c96-0310-40e3-a9ff-1004c538195c","ts":"2026-08-13T15:24:12.848+02:00","eventName":"n8n.node.started","message":"n8n.node.started","payload":{"workflowId":"kKl5ZpUOmLIr9hZt","workflowName":"odoo-training","executionId":"122","nodeType":"n8n-nodes-base.httpRequest","nodeName":"HTTP Request","nodeId":"590167ab-fc5e-43de-ad94-46fd7d505b03"}}
{"__type":"$$EventMessageConfirm","confirm":"5a326c96-0310-40e3-a9ff-1004c538195c","ts":"2026-08-13T15:24:12.848+02:00","source":{"id":"0","name":"eventBus"}}
{"__type":"$$EventMessageNode","id":"3313be53-714a-4252-a3c7-97bd32f39e38","ts":"2026-08-13T15:24:13.346+02:00","eventName":"n8n.node.finished","message":"n8n.node.finished","payload":{"workflowId":"kKl5ZpUOmLIr9hZt","workflowName":"odoo-training","executionId":"122","nodeType":"n8n-nodes-base.httpRequest","nodeName":"HTTP Request","nodeId":"590167ab-fc5e-43de-ad94-46fd7d505b03"}}
{"__type":"$$EventMessageConfirm","confirm":"3313be53-714a-4252-a3c7-97bd32f39e38","ts":"2026-08-13T15:24:13.347+02:00","source":{"id":"0","name":"eventBus"}}
{"__type":"$$EventMessageWorkflow","id":"0bcbec91-7735-421a-a8fd-8c7c5c033ce3","ts":"2026-08-13T15:24:13.347+02:00","eventName":"n8n.workflow.success","message":"n8n.workflow.success","payload":{"executionId":"122","success":true,"isManual":false,"mode":"trigger","workflowId":"kKl5ZpUOmLIr9hZt","workflowName":"odoo-training","projectId":"VP8sweUdS4KlmzVv","projectName":"demo demo <demo@email.com>"}}
{"__type":"$$EventMessageConfirm","confirm":"0bcbec91-7735-421a-a8fd-8c7c5c033ce3","ts":"2026-08-13T15:24:13.347+02:00","source":{"id":"0","name":"eventBus"}}
{"__type":"$$EventMessageWorkflow","id":"d340e25f-e94c-4578-ad95-0d476d1f2047","ts":"2026-08-13T15:26:15.386+02:00","eventName":"n8n.workflow.started","message":"n8n.workflow.started","payload":{"executionId":"123","workflowId":"kKl5ZpUOmLIr9hZt","isManual":false,"mode":"trigger","workflowName":"odoo-training","projectId":"VP8sweUdS4KlmzVv","projectName":"demo demo <demo@email.com>"}}
{"__type":"$$EventMessageConfirm","confirm":"d340e25f-e94c-4578-ad95-0d476d1f2047","ts":"2026-08-13T15:26:15.386+02:00","source":{"id":"0","name":"eventBus"}}
{"__type":"$$EventMessageNode","id":"4e53ba74-4b1b-4d21-acf8-351b36158c87","ts":"2026-08-13T15:26:15.387+02:00","eventName":"n8n.node.started","message":"n8n.node.started","payload":{"workflowId":"kKl5ZpUOmLIr9hZt","workflowName":"odoo-training","executionId":"123","nodeType":"n8n-nodes-base.scheduleTrigger","nodeName":"Schedule Trigger","nodeId":"6fdbe563-00a3-4068-ad19-45e249244722"}}
{"__type":"$$EventMessageConfirm","confirm":"4e53ba74-4b1b-4d21-acf8-351b36158c87","ts":"2026-08-13T15:26:15.387+02:00","source":{"id":"0","name":"eventBus"}}
{"__type":"$$EventMessageAudit","id":"f6cd2ee3-c0a5-4573-8d35-2611d1a0eaff","ts":"2026-08-13T15:26:15.387+02:00","eventName":"n8n.audit.workflow.executed","message":"n8n.audit.workflow.executed","payload":{"workflowId":"kKl5ZpUOmLIr9hZt","workflowName":"odoo-training","executionId":"123","projectId":"VP8sweUdS4KlmzVv","projectName":"demo demo <demo@email.com>","source":"trigger"}}
{"__type":"$$EventMessageConfirm","confirm":"f6cd2ee3-c0a5-4573-8d35-2611d1a0eaff","ts":"2026-08-13T15:26:15.387+02:00","source":{"id":"0","name":"eventBus"}}
{"__type":"$$EventMessageNode","id":"5d5c33a5-8866-4bd8-93cd-e8fe0ad7f66e","ts":"2026-08-13T15:26:15.387+02:00","eventName":"n8n.node.finished","message":"n8n.node.finished","payload":{"workflowId":"kKl5ZpUOmLIr9hZt","workflowName":"odoo-training","executionId":"123","nodeType":"n8n-nodes-base.scheduleTrigger","nodeName":"Schedule Trigger","nodeId":"6fdbe563-00a3-4068-ad19-45e249244722"}}
{"__type":"$$EventMessageConfirm","confirm":"5d5c33a5-8866-4bd8-93cd-e8fe0ad7f66e","ts":"2026-08-13T15:26:15.387+02:00","source":{"id":"0","name":"eventBus"}}
{"__type":"$$EventMessageNode","id":"e40ba287-5333-4f25-9054-649bf1e7761e","ts":"2026-08-13T15:26:15.387+02:00","eventName":"n8n.node.started","message":"n8n.node.started","payload":{"workflowId":"kKl5ZpUOmLIr9hZt","workflowName":"odoo-training","executionId":"123","nodeType":"n8n-nodes-base.httpRequest","nodeName":"HTTP Request","nodeId":"590167ab-fc5e-43de-ad94-46fd7d505b03"}}
{"__type":"$$EventMessageConfirm","confirm":"e40ba287-5333-4f25-9054-649bf1e7761e","ts":"2026-08-13T15:26:15.387+02:00","source":{"id":"0","name":"eventBus"}}
{"__type":"$$EventMessageNode","id":"3a04e046-ca52-4155-b03c-00790bce26aa","ts":"2026-08-13T15:26:15.899+02:00","eventName":"n8n.node.finished","message":"n8n.node.finished","payload":{"workflowId":"kKl5ZpUOmLIr9hZt","workflowName":"odoo-training","executionId":"123","nodeType":"n8n-nodes-base.httpRequest","nodeName":"HTTP Request","nodeId":"590167ab-fc5e-43de-ad94-46fd7d505b03"}}
{"__type":"$$EventMessageConfirm","confirm":"3a04e046-ca52-4155-b03c-00790bce26aa","ts":"2026-08-13T15:26:15.899+02:00","source":{"id":"0","name":"eventBus"}}
{"__type":"$$EventMessageWorkflow","id":"c81f706b-94ea-4bc3-834f-3c2ed12089ca","ts":"2026-08-13T15:26:15.899+02:00","eventName":"n8n.workflow.success","message":"n8n.workflow.success","payload":{"executionId":"123","success":true,"isManual":false,"mode":"trigger","workflowId":"kKl5ZpUOmLIr9hZt","workflowName":"odoo-training","projectId":"VP8sweUdS4KlmzVv","projectName":"demo demo <demo@email.com>"}}
{"__type":"$$EventMessageConfirm","confirm":"c81f706b-94ea-4bc3-834f-3c2ed12089ca","ts":"2026-08-13T15:26:15.899+02:00","source":{"id":"0","name":"eventBus"}}
{"__type":"$$EventMessageWorkflow","id":"8c3d0284-e25b-40ff-a305-9ebe32977a67","ts":"2026-08-13T15:28:11.669+02:00","eventName":"n8n.workflow.started","message":"n8n.workflow.started","payload":{"executionId":"124","workflowId":"kKl5ZpUOmLIr9hZt","isManual":false,"mode":"trigger","workflowName":"odoo-training","projectId":"VP8sweUdS4KlmzVv","projectName":"demo demo <demo@email.com>"}}
{"__type":"$$EventMessageConfirm","confirm":"8c3d0284-e25b-40ff-a305-9ebe32977a67","ts":"2026-08-13T15:28:11.669+02:00","source":{"id":"0","name":"eventBus"}}
{"__type":"$$EventMessageNode","id":"96ba99b5-75c2-4392-aa53-20fa5b2ec3fd","ts":"2026-08-13T15:28:11.669+02:00","eventName":"n8n.node.started","message":"n8n.node.started","payload":{"workflowId":"kKl5ZpUOmLIr9hZt","workflowName":"odoo-training","executionId":"124","nodeType":"n8n-nodes-base.scheduleTrigger","nodeName":"Schedule Trigger","nodeId":"6fdbe563-00a3-4068-ad19-45e249244722"}}
{"__type":"$$EventMessageConfirm","confirm":"96ba99b5-75c2-4392-aa53-20fa5b2ec3fd","ts":"2026-08-13T15:28:11.669+02:00","source":{"id":"0","name":"eventBus"}}
{"__type":"$$EventMessageAudit","id":"5195cbf3-f71d-417d-85b1-271f148cb99a","ts":"2026-08-13T15:28:11.669+02:00","eventName":"n8n.audit.workflow.executed","message":"n8n.audit.workflow.executed","payload":{"workflowId":"kKl5ZpUOmLIr9hZt","workflowName":"odoo-training","executionId":"124","projectId":"VP8sweUdS4KlmzVv","projectName":"demo demo <demo@email.com>","source":"trigger"}}
{"__type":"$$EventMessageConfirm","confirm":"5195cbf3-f71d-417d-85b1-271f148cb99a","ts":"2026-08-13T15:28:11.670+02:00","source":{"id":"0","name":"eventBus"}}
{"__type":"$$EventMessageNode","id":"d5c66725-e438-4c29-b5a8-26942062d0de","ts":"2026-08-13T15:28:11.670+02:00","eventName":"n8n.node.finished","message":"n8n.node.finished","payload":{"workflowId":"kKl5ZpUOmLIr9hZt","workflowName":"odoo-training","executionId":"124","nodeType":"n8n-nodes-base.scheduleTrigger","nodeName":"Schedule Trigger","nodeId":"6fdbe563-00a3-4068-ad19-45e249244722"}}
{"__type":"$$EventMessageConfirm","confirm":"d5c66725-e438-4c29-b5a8-26942062d0de","ts":"2026-08-13T15:28:11.670+02:00","source":{"id":"0","name":"eventBus"}}
{"__type":"$$EventMessageNode","id":"a28f4d1d-8c9b-4659-af5e-66de1d9094d9","ts":"2026-08-13T15:28:11.670+02:00","eventName":"n8n.node.started","message":"n8n.node.started","payload":{"workflowId":"kKl5ZpUOmLIr9hZt","workflowName":"odoo-training","executionId":"124","nodeType":"n8n-nodes-base.httpRequest","nodeName":"HTTP Request","nodeId":"590167ab-fc5e-43de-ad94-46fd7d505b03"}}
{"__type":"$$EventMessageConfirm","confirm":"a28f4d1d-8c9b-4659-af5e-66de1d9094d9","ts":"2026-08-13T15:28:11.671+02:00","source":{"id":"0","name":"eventBus"}}
{"__type":"$$EventMessageNode","id":"f5405cd6-8083-4255-a223-f0add5b8434b","ts":"2026-08-13T15:28:12.422+02:00","eventName":"n8n.node.finished","message":"n8n.node.finished","payload":{"workflowId":"kKl5ZpUOmLIr9hZt","workflowName":"odoo-training","executionId":"124","nodeType":"n8n-nodes-base.httpRequest","nodeName":"HTTP Request","nodeId":"590167ab-fc5e-43de-ad94-46fd7d505b03"}}
{"__type":"$$EventMessageConfirm","confirm":"f5405cd6-8083-4255-a223-f0add5b8434b","ts":"2026-08-13T15:28:12.422+02:00","source":{"id":"0","name":"eventBus"}}
{"__type":"$$EventMessageWorkflow","id":"6a440aa1-5fc0-4092-abb9-02f4db7df293","ts":"2026-08-13T15:28:12.422+02:00","eventName":"n8n.workflow.success","message":"n8n.workflow.success","payload":{"executionId":"124","success":true,"isManual":false,"mode":"trigger","workflowId":"kKl5ZpUOmLIr9hZt","workflowName":"odoo-training","projectId":"VP8sweUdS4KlmzVv","projectName":"demo demo <demo@email.com>"}}
{"__type":"$$EventMessageConfirm","confirm":"6a440aa1-5fc0-4092-abb9-02f4db7df293","ts":"2026-08-13T15:28:12.422+02:00","source":{"id":"0","name":"eventBus"}}
{"__type":"$$EventMessageWorkflow","id":"88299930-ea66-4d40-8cd7-6c751924dec5","ts":"2026-08-13T15:30:12.039+02:00","eventName":"n8n.workflow.started","message":"n8n.workflow.started","payload":{"executionId":"125","workflowId":"kKl5ZpUOmLIr9hZt","isManual":false,"mode":"trigger","workflowName":"odoo-training","projectId":"VP8sweUdS4KlmzVv","projectName":"demo demo <demo@email.com>"}}
{"__type":"$$EventMessageConfirm","confirm":"88299930-ea66-4d40-8cd7-6c751924dec5","ts":"2026-08-13T15:30:12.039+02:00","source":{"id":"0","name":"eventBus"}}
{"__type":"$$EventMessageNode","id":"067dd556-71ac-41f7-b0c4-210d7b4eed10","ts":"2026-08-13T15:30:12.039+02:00","eventName":"n8n.node.started","message":"n8n.node.started","payload":{"workflowId":"kKl5ZpUOmLIr9hZt","workflowName":"odoo-training","executionId":"125","nodeType":"n8n-nodes-base.scheduleTrigger","nodeName":"Schedule Trigger","nodeId":"6fdbe563-00a3-4068-ad19-45e249244722"}}
{"__type":"$$EventMessageConfirm","confirm":"067dd556-71ac-41f7-b0c4-210d7b4eed10","ts":"2026-08-13T15:30:12.040+02:00","source":{"id":"0","name":"eventBus"}}
{"__type":"$$EventMessageAudit","id":"d9e3d800-5004-4b51-b8f0-733d92064f9f","ts":"2026-08-13T15:30:12.040+02:00","eventName":"n8n.audit.workflow.executed","message":"n8n.audit.workflow.executed","payload":{"workflowId":"kKl5ZpUOmLIr9hZt","workflowName":"odoo-training","executionId":"125","projectId":"VP8sweUdS4KlmzVv","projectName":"demo demo <demo@email.com>","source":"trigger"}}
{"__type":"$$EventMessageConfirm","confirm":"d9e3d800-5004-4b51-b8f0-733d92064f9f","ts":"2026-08-13T15:30:12.040+02:00","source":{"id":"0","name":"eventBus"}}
{"__type":"$$EventMessageNode","id":"8fffc3fe-9e23-4b66-bc49-89e8bf77a8f2","ts":"2026-08-13T15:30:12.041+02:00","eventName":"n8n.node.finished","message":"n8n.node.finished","payload":{"workflowId":"kKl5ZpUOmLIr9hZt","workflowName":"odoo-training","executionId":"125","nodeType":"n8n-nodes-base.scheduleTrigger","nodeName":"Schedule Trigger","nodeId":"6fdbe563-00a3-4068-ad19-45e249244722"}}
{"__type":"$$EventMessageConfirm","confirm":"8fffc3fe-9e23-4b66-bc49-89e8bf77a8f2","ts":"2026-08-13T15:30:12.041+02:00","source":{"id":"0","name":"eventBus"}}
{"__type":"$$EventMessageNode","id":"d3010e73-b0ed-473f-8961-ce5ea8bb2239","ts":"2026-08-13T15:30:12.041+02:00","eventName":"n8n.node.started","message":"n8n.node.started","payload":{"workflowId":"kKl5ZpUOmLIr9hZt","workflowName":"odoo-training","executionId":"125","nodeType":"n8n-nodes-base.httpRequest","nodeName":"HTTP Request","nodeId":"590167ab-fc5e-43de-ad94-46fd7d505b03"}}
{"__type":"$$EventMessageConfirm","confirm":"d3010e73-b0ed-473f-8961-ce5ea8bb2239","ts":"2026-08-13T15:30:12.041+02:00","source":{"id":"0","name":"eventBus"}}
{"__type":"$$EventMessageNode","id":"ba9fc5e6-66c8-49ea-8d81-993499814a07","ts":"2026-08-13T15:30:12.534+02:00","eventName":"n8n.node.finished","message":"n8n.node.finished","payload":{"workflowId":"kKl5ZpUOmLIr9hZt","workflowName":"odoo-training","executionId":"125","nodeType":"n8n-nodes-base.httpRequest","nodeName":"HTTP Request","nodeId":"590167ab-fc5e-43de-ad94-46fd7d505b03"}}
{"__type":"$$EventMessageConfirm","confirm":"ba9fc5e6-66c8-49ea-8d81-993499814a07","ts":"2026-08-13T15:30:12.534+02:00","source":{"id":"0","name":"eventBus"}}
{"__type":"$$EventMessageWorkflow","id":"b0e3f43a-2e8c-4211-9fdc-894d4ffe42ff","ts":"2026-08-13T15:30:12.535+02:00","eventName":"n8n.workflow.success","message":"n8n.workflow.success","payload":{"executionId":"125","success":true,"isManual":false,"mode":"trigger","workflowId":"kKl5ZpUOmLIr9hZt","workflowName":"odoo-training","projectId":"VP8sweUdS4KlmzVv","projectName":"demo demo <demo@email.com>"}}
{"__type":"$$EventMessageConfirm","confirm":"b0e3f43a-2e8c-4211-9fdc-894d4ffe42ff","ts":"2026-08-13T15:30:12.535+02:00","source":{"id":"0","name":"eventBus"}}
{"__type":"$$EventMessageWorkflow","id":"58cd555a-d9d1-49cf-b1df-759f1eea8c04","ts":"2026-08-13T15:32:13.805+02:00","eventName":"n8n.workflow.started","message":"n8n.workflow.started","payload":{"executionId":"126","workflowId":"kKl5ZpUOmLIr9hZt","isManual":false,"mode":"trigger","workflowName":"odoo-training","projectId":"VP8sweUdS4KlmzVv","projectName":"demo demo <demo@email.com>"}}
{"__type":"$$EventMessageConfirm","confirm":"58cd555a-d9d1-49cf-b1df-759f1eea8c04","ts":"2026-08-13T15:32:13.805+02:00","source":{"id":"0","name":"eventBus"}}
{"__type":"$$EventMessageNode","id":"476e3072-1924-4cc9-a5f2-8f919188083e","ts":"2026-08-13T15:32:13.805+02:00","eventName":"n8n.node.started","message":"n8n.node.started","payload":{"workflowId":"kKl5ZpUOmLIr9hZt","workflowName":"odoo-training","executionId":"126","nodeType":"n8n-nodes-base.scheduleTrigger","nodeName":"Schedule Trigger","nodeId":"6fdbe563-00a3-4068-ad19-45e249244722"}}
{"__type":"$$EventMessageConfirm","confirm":"476e3072-1924-4cc9-a5f2-8f919188083e","ts":"2026-08-13T15:32:13.805+02:00","source":{"id":"0","name":"eventBus"}}
{"__type":"$$EventMessageAudit","id":"65baca0c-0a76-4bb1-a24c-bd53d459f019","ts":"2026-08-13T15:32:13.806+02:00","eventName":"n8n.audit.workflow.executed","message":"n8n.audit.workflow.executed","payload":{"workflowId":"kKl5ZpUOmLIr9hZt","workflowName":"odoo-training","executionId":"126","projectId":"VP8sweUdS4KlmzVv","projectName":"demo demo <demo@email.com>","source":"trigger"}}
{"__type":"$$EventMessageConfirm","confirm":"65baca0c-0a76-4bb1-a24c-bd53d459f019","ts":"2026-08-13T15:32:13.806+02:00","source":{"id":"0","name":"eventBus"}}
{"__type":"$$EventMessageNode","id":"fbaac7cb-efee-42c7-b0c4-96ce493d88d1","ts":"2026-08-13T15:32:13.806+02:00","eventName":"n8n.node.finished","message":"n8n.node.finished","payload":{"workflowId":"kKl5ZpUOmLIr9hZt","workflowName":"odoo-training","executionId":"126","nodeType":"n8n-nodes-base.scheduleTrigger","nodeName":"Schedule Trigger","nodeId":"6fdbe563-00a3-4068-ad19-45e249244722"}}
{"__type":"$$EventMessageConfirm","confirm":"fbaac7cb-efee-42c7-b0c4-96ce493d88d1","ts":"2026-08-13T15:32:13.806+02:00","source":{"id":"0","name":"eventBus"}}
{"__type":"$$EventMessageNode","id":"33bb7fab-14c9-46a7-8546-5789103d3333","ts":"2026-08-13T15:32:13.806+02:00","eventName":"n8n.node.started","message":"n8n.node.started","payload":{"workflowId":"kKl5ZpUOmLIr9hZt","workflowName":"odoo-training","executionId":"126","nodeType":"n8n-nodes-base.httpRequest","nodeName":"HTTP Request","nodeId":"590167ab-fc5e-43de-ad94-46fd7d505b03"}}
{"__type":"$$EventMessageConfirm","confirm":"33bb7fab-14c9-46a7-8546-5789103d3333","ts":"2026-08-13T15:32:13.806+02:00","source":{"id":"0","name":"eventBus"}}
{"__type":"$$EventMessageNode","id":"ef598a8d-d82f-4573-a76d-2ea24687dfda","ts":"2026-08-13T15:32:14.310+02:00","eventName":"n8n.node.finished","message":"n8n.node.finished","payload":{"workflowId":"kKl5ZpUOmLIr9hZt","workflowName":"odoo-training","executionId":"126","nodeType":"n8n-nodes-base.httpRequest","nodeName":"HTTP Request","nodeId":"590167ab-fc5e-43de-ad94-46fd7d505b03"}}
{"__type":"$$EventMessageConfirm","confirm":"ef598a8d-d82f-4573-a76d-2ea24687dfda","ts":"2026-08-13T15:32:14.310+02:00","source":{"id":"0","name":"eventBus"}}
{"__type":"$$EventMessageWorkflow","id":"d8e2df3d-890d-4f92-9b89-0050589fe7a8","ts":"2026-08-13T15:32:14.311+02:00","eventName":"n8n.workflow.success","message":"n8n.workflow.success","payload":{"executionId":"126","success":true,"isManual":false,"mode":"trigger","workflowId":"kKl5ZpUOmLIr9hZt","workflowName":"odoo-training","projectId":"VP8sweUdS4KlmzVv","projectName":"demo demo <demo@email.com>"}}
{"__type":"$$EventMessageConfirm","confirm":"d8e2df3d-890d-4f92-9b89-0050589fe7a8","ts":"2026-08-13T15:32:14.311+02:00","source":{"id":"0","name":"eventBus"}}
